Date,ACB.VN,BCM.VN,BID.VN,CTG.VN,DGC.VN,FPT.VN,GAS.VN,GVR.VN,HDB.VN,HPG.VN,LPB.VN,MBB.VN,MSN.VN,MWG.VN,PLX.VN,SAB.VN,SHB.VN,SSB.VN,SSI.VN,STB.VN,TCB.VN,TPB.VN,VCB.VN,VHM.VN,VIB.VN,VIC.VN,VJC.VN,VNM.VN,VPB.VN,VRE.VN,^VNINDEX
2023-07-17,15171.796875,77737.5234375,33509.38671875,18162.525390625,64462.40625,56672.734375,67233.3203125,21111.83984375,9910.7021484375,20681.818359375,10722.9990234375,11707.2431640625,80700.0,47129.3984375,37469.80078125,63118.36328125,8404.87890625,25617.2578125,22567.880859375,28000.0,14600.45703125,12996.158203125,58926.640625,59000.0,12600.330078125,26450.0,97300.0,61870.4921875,18018.080078125,28650.0,1173.13
2023-07-18,15171.796875,77737.5234375,33872.0390625,18254.25390625,64462.40625,56457.51953125,67776.6328125,21111.83984375,9910.7021484375,20606.060546875,10823.5263671875,11707.2431640625,80700.0,47129.3984375,37469.80078125,62953.87890625,8680.9521484375,25793.3203125,22371.978515625,28000.0,14783.53515625,13494.640625,58645.5,59000.0,12692.98046875,26350.0,97300.0,61870.4921875,18018.080078125,28650.0,1174.09
2023-07-19,15171.796875,77834.6953125,33545.65234375,18284.83203125,64101.27734375,56314.046875,67165.40625,20823.951171875,10161.0927734375,20757.576171875,10924.0546875,11581.3583984375,80800.0,46984.0859375,36692.04296875,62830.5234375,8650.27734375,25793.3203125,22332.796875,28250.0,14783.53515625,13316.6103515625,59882.51171875,58500.0,12692.98046875,26050.0,96700.0,62127.2109375,18194.296875,27950.0,1172.98
2023-07-20,15171.796875,78029.0390625,33545.65234375,18131.94921875,65816.6640625,57605.32421875,67029.5859375,20632.025390625,10251.546875,21363.63671875,10890.544921875,11612.8310546875,79500.0,47565.33203125,36326.03515625,62995.00390625,8803.650390625,25793.3203125,21940.99609375,27850.0,14600.45703125,13387.822265625,59039.09375,57700.0,12662.09765625,26000.0,97800.0,62127.2109375,18502.673828125,28050.0,1172.81
2023-07-21,15240.7607421875,77348.8359375,33908.30859375,18162.525390625,65906.9453125,58107.48828125,67504.9765625,21111.83984375,10372.154296875,21515.15234375,10890.544921875,11738.71484375,83000.0,50859.06640625,37058.046875,62953.87890625,8834.3251953125,25793.3203125,22528.701171875,28750.0,14783.53515625,13352.216796875,59039.09375,59000.0,12692.98046875,26050.0,98000.0,62897.375,18855.10546875,28400.0,1185.9
2023-07-24,15206.279296875,76960.1484375,33944.5703125,18254.25390625,65274.96484375,58107.48828125,66893.765625,21303.767578125,10402.3056640625,21401.515625,10957.5634765625,11801.65625,84000.0,52796.5546875,36875.046875,63735.1484375,9121.4404296875,25881.3515625,22489.51953125,28700.0,14852.1884765625,13281.0048828125,58814.18359375,59100.0,12970.9287109375,26000.0,96800.0,62982.95703125,19251.58984375,28400.0,1190.72
2023-07-25,15378.685546875,76960.1484375,34198.4296875,18284.83203125,65274.96484375,58322.6953125,67097.5,21303.767578125,10372.154296875,21401.515625,11058.091796875,11833.1279296875,84000.0,52796.5546875,36875.046875,64968.73046875,9121.4404296875,25969.384765625,22567.880859375,28700.0,15332.767578125,13530.2470703125,60893.31640625,59100.0,12940.046875,25750.0,96800.0,62982.95703125,19251.58984375,28400.0,1195.9
2023-07-26,15378.685546875,76182.7734375,34343.4921875,18223.677734375,65004.11328125,59327.02734375,66690.03125,20727.98828125,10372.154296875,21515.15234375,10957.5634765625,11801.65625,84600.0,50955.9375,37058.046875,66449.0390625,9121.4404296875,26057.416015625,22724.599609375,28300.0,15309.8828125,13387.822265625,62022.203125,59000.0,12847.396484375,25500.0,96500.0,64180.9921875,19251.58984375,28900.0,1200.84
2023-07-27,15275.2412109375,76182.7734375,33872.0390625,17948.48828125,65004.11328125,60044.40625,66690.03125,20727.98828125,10372.154296875,21515.15234375,11058.091796875,11707.2431640625,84600.0,50955.9375,37058.046875,65873.359375,9049.0478515625,26101.431640625,23077.22265625,28300.0,15149.6904296875,13209.7939453125,61557.36328125,59000.0,12754.7470703125,25550.0,96500.0,64180.9921875,19251.58984375,28900.0,1197.33
2023-07-28,15309.72265625,75794.078125,33872.0390625,18040.21875,65545.8125,60546.5703125,67572.890625,21111.83984375,10402.3056640625,21439.39453125,10924.0546875,11770.1865234375,86100.0,53303.23828125,36646.2890625,64557.54296875,9121.4404296875,26145.447265625,23312.306640625,28650.0,15470.0771484375,13316.6103515625,61756.58203125,58900.0,12816.5126953125,25750.0,97800.0,66234.7890625,19471.86328125,28800.0,1207.67
2023-07-31,15826.9443359375,75794.078125,34234.6953125,18345.984375,65545.8125,61407.41796875,68999.0390625,21111.83984375,10462.6083984375,21363.63671875,10957.5634765625,11864.5986328125,86100.0,53303.23828125,36646.2890625,64475.30078125,9121.4404296875,25661.2734375,23233.947265625,28650.0,15698.923828125,13352.216796875,60826.91015625,58900.0,12847.396484375,27550.0,97800.0,66234.7890625,19471.86328125,28800.0,1222.9
2023-08-01,15757.98046875,75794.078125,34960.0078125,18590.59765625,65545.8125,60618.3046875,68387.8359375,21111.83984375,10583.21484375,20833.333984375,11058.091796875,11864.5986328125,86100.0,53303.23828125,36646.2890625,65133.2109375,9085.2451171875,26365.52734375,22567.880859375,28650.0,15561.6162109375,13387.822265625,60561.2890625,58900.0,12754.7470703125,29450.0,97800.0,66234.7890625,19471.86328125,28800.0,1217.56
2023-08-02,15930.3876953125,75794.078125,35612.78515625,18988.095703125,65545.8125,59900.92578125,68184.1015625,21111.83984375,10492.7607421875,20833.333984375,11225.6396484375,11896.0703125,86100.0,53303.23828125,36646.2890625,65338.8125,9157.6376953125,26629.623046875,22724.599609375,28650.0,15515.845703125,13459.03515625,60760.50390625,58900.0,12785.6298828125,29150.0,97800.0,66234.7890625,19471.86328125,28800.0,1220.43
2023-08-03,16171.755859375,75211.0546875,35213.8671875,18896.365234375,66900.0703125,60044.40625,67640.796875,20919.9140625,10372.154296875,20340.908203125,11359.6767578125,11864.5986328125,86100.0,51542.76171875,36692.04296875,66407.9140625,9157.6376953125,26629.623046875,22332.796875,28600.0,15332.767578125,13138.5810546875,60162.86328125,60100.0,12754.7470703125,29100.0,101000.0,62127.2109375,19119.431640625,28400.0,1210.95
2023-08-04,16826.90234375,75016.7109375,35105.06640625,18957.517578125,67261.203125,59757.44921875,68116.1796875,21015.876953125,10342.001953125,20719.697265625,11560.732421875,11959.01171875,86300.0,51836.17578125,36875.046875,65996.71875,9628.1865234375,25529.224609375,22881.32421875,28950.0,15378.5380859375,13494.640625,59830.8359375,63000.0,12970.9287109375,31100.0,101000.0,62469.51171875,19559.970703125,28700.0,1225.98
2023-08-07,16378.6455078125,74530.8515625,35431.4609375,19935.970703125,66719.5,60618.3046875,68523.6640625,21783.580078125,10462.6083984375,20871.212890625,12364.9580078125,12179.3095703125,88200.0,52618.609375,37058.046875,66202.3203125,9736.7763671875,26629.623046875,23273.126953125,30050.0,15721.80859375,13743.880859375,60295.671875,62900.0,13217.994140625,31950.0,101900.0,64095.4296875,19956.455078125,29600.0,1241.42
2023-08-08,16137.275390625,74530.8515625,35286.3984375,19935.970703125,67351.484375,60403.08984375,68727.3984375,21687.6171875,10462.6083984375,20606.060546875,12733.560546875,12084.896484375,89200.0,52423.0,37424.05078125,66449.0390625,9591.9921875,26673.638671875,22802.962890625,29800.0,15561.6162109375,13530.2470703125,60229.265625,62800.0,13094.4619140625,33500.0,103000.0,63753.13671875,19559.970703125,31000.0,1242.23
2023-08-09,15999.3505859375,73947.8125,34960.0078125,19874.81640625,66809.78125,59613.9765625,68591.578125,21255.783203125,10432.45703125,21060.60546875,12666.5419921875,12053.42578125,88000.0,51444.9609375,37241.05078125,66202.3203125,9519.599609375,26409.54296875,22411.16015625,31200.0,15561.6162109375,13423.4287109375,59897.2421875,60600.0,12940.046875,32900.0,101600.0,62555.08203125,19427.806640625,30900.0,1233.99
2023-08-10,15792.4599609375,71907.2109375,33726.9765625,19355.015625,66990.3515625,58968.3359375,69270.6953125,20584.04296875,10372.154296875,20719.697265625,12465.486328125,11896.0703125,83000.0,50858.1328125,37332.5546875,66037.8359375,9374.8134765625,26409.54296875,22019.35546875,30550.0,15332.767578125,13174.1875,58768.359375,60600.0,12754.7470703125,33950.0,100700.0,62555.08203125,19339.69921875,30050.0,1220.61
2023-08-11,15792.4599609375,72004.3828125,33872.0390625,19630.205078125,66177.796875,58824.859375,68931.1328125,20248.173828125,10281.69921875,20984.84765625,12465.486328125,11896.0703125,84500.0,52129.58984375,37195.296875,65585.5234375,9374.8134765625,26761.669921875,22058.537109375,31850.0,15401.421875,13281.0048828125,60030.05078125,60900.0,12692.98046875,36300.0,101100.0,62897.375,19383.75390625,30750.0,1232.21
2023-08-14,15895.9052734375,71421.3515625,34524.8203125,19752.51171875,66268.078125,59255.2890625,68319.9296875,20680.0078125,10342.001953125,21325.7578125,12633.0322265625,11927.541015625,82200.0,53009.82421875,37103.796875,64968.73046875,9374.8134765625,26189.462890625,22842.142578125,31900.0,15470.0771484375,13281.0048828125,59100.3828125,61200.0,12785.6298828125,36650.0,100200.0,62811.796875,19339.69921875,30300.0,1236.84
2023-08-15,15757.98046875,71129.8359375,34089.6328125,19813.6640625,68976.5859375,60259.61328125,68184.1015625,20584.04296875,10281.69921875,21174.2421875,12666.5419921875,11927.541015625,82400.0,52814.21484375,36920.79296875,64680.90234375,9374.8134765625,25969.384765625,22489.51953125,31500.0,15584.5,13530.2470703125,59033.9765625,61700.0,12723.8642578125,35350.0,101900.0,62298.35546875,19383.75390625,31300.0,1234.05
2023-08-16,15792.4599609375,70838.3203125,34452.2890625,19783.0859375,68344.6015625,61048.7265625,68048.2734375,20488.080078125,10342.001953125,21174.2421875,12700.05078125,11959.01171875,81800.0,52618.609375,36829.2890625,64680.90234375,9338.6181640625,25969.384765625,22607.05859375,32900.0,16156.6181640625,13601.458984375,59233.19140625,62900.0,12754.7470703125,37800.0,100800.0,62555.08203125,19736.1875,31500.0,1243.26
2023-08-17,15654.53515625,69963.765625,34162.16796875,19935.970703125,68254.3125,61694.37109375,67912.4453125,20440.099609375,10342.001953125,21287.87890625,12767.0703125,11864.5986328125,82100.0,52716.41015625,36371.78125,64022.9921875,9302.421875,25881.3515625,23469.02734375,32350.0,15882.001953125,13423.4287109375,59366.00390625,61000.0,12785.6298828125,35950.0,100000.0,62982.95703125,19515.916015625,30600.0,1233.48
2023-08-18,15102.8349609375,66076.8984375,32058.76171875,18774.05859375,63649.859375,61335.68359375,66282.546875,19048.63671875,9769.12109375,20075.7578125,12230.919921875,11392.533203125,79000.0,49097.66015625,34175.75390625,63159.484375,8687.0869140625,24164.732421875,22176.076171875,31300.0,14875.07421875,12889.33984375,59432.41015625,56800.0,12075.3173828125,33450.0,97900.0,62726.234375,18150.244140625,29100.0,1177.99
2023-08-21,15171.796875,67437.3046875,33074.1953125,19569.05078125,63198.4453125,61622.62890625,67301.2421875,18520.83984375,9769.12109375,19848.484375,13001.6357421875,11424.00390625,78400.0,47924.01171875,34313.00390625,62789.40234375,8795.6748046875,23416.4609375,22607.05859375,31800.0,14989.4970703125,13174.1875,59631.625,56000.0,12260.6162109375,32900.0,96000.0,62383.93359375,18326.458984375,29500.0,1179.76
2023-08-22,15206.279296875,66562.75,33219.26171875,19293.861328125,64101.27734375,62053.05078125,68116.1796875,18280.93359375,9889.7275390625,19810.60546875,12241.9775390625,11455.474609375,77700.0,48902.05078125,34496.0078125,61679.18359375,8759.4794921875,24824.970703125,24056.734375,32150.0,15149.6904296875,13209.7939453125,58701.953125,55500.0,12260.6162109375,32250.0,97300.0,62212.77734375,18150.244140625,29300.0,1180.49
2023-08-23,15068.3525390625,65785.3828125,33146.73046875,19140.978515625,65365.25,62053.05078125,69202.78125,18424.87890625,9708.8173828125,19431.818359375,12241.9775390625,11329.58984375,77500.0,48608.640625,34221.5,61720.296875,8687.0869140625,24824.970703125,23821.65234375,30900.0,15195.4599609375,13174.1875,57307.453125,54500.0,12198.849609375,32500.0,96500.0,62897.375,17841.86328125,28750.0,1172.56
2023-08-24,15206.279296875,65105.171875,33219.26171875,19416.16796875,67802.8984375,65566.3125,69542.359375,19000.654296875,9769.12109375,19924.2421875,12481.2353515625,11486.9462890625,80000.0,49195.46484375,34587.5078125,63118.36328125,8759.4794921875,25045.05078125,25075.421875,31550.0,15470.0771484375,13387.822265625,57772.28515625,55400.0,12198.849609375,32100.0,97500.0,63924.28125,18062.134765625,29050.0,1189.39
2023-08-25,15137.3154296875,64619.31640625,32784.0703125,19049.248046875,72046.21875,66003.4296875,68863.21875,18856.7109375,9799.2724609375,19659.091796875,12521.111328125,11392.533203125,79700.0,49391.0703125,34358.7578125,64228.5859375,8650.890625,24824.970703125,25232.14453125,31100.0,15401.421875,13423.4287109375,57241.046875,54100.0,12106.19921875,31750.0,97000.0,64095.4296875,17797.8125,28700.0,1183.37
2023-08-28,15206.279296875,67437.3046875,32929.1328125,19049.248046875,75657.5625,68480.375,70085.6484375,19384.5078125,9829.4248046875,20340.908203125,12600.86328125,11455.474609375,80700.0,50564.72265625,34907.765625,64269.71484375,8759.4794921875,24913.001953125,25428.044921875,31650.0,15561.6162109375,13530.2470703125,57772.28515625,54700.0,12229.7333984375,32350.0,98000.0,66662.671875,17885.91796875,29750.0,1201.72
2023-08-29,15206.279296875,69283.5703125,33219.26171875,19110.40234375,74935.296875,68188.9765625,70965.5,19816.341796875,9769.12109375,20454.544921875,12640.7392578125,11486.9462890625,80000.0,51738.37109375,34816.265625,65009.859375,8868.0673828125,24957.017578125,25349.685546875,31750.0,15515.845703125,13530.2470703125,58701.953125,54600.0,12229.7333984375,31700.0,97500.0,66234.7890625,18370.513671875,29250.0,1204.43
2023-08-30,15482.1298828125,69769.4296875,33509.38671875,19630.205078125,75567.2734375,70374.515625,70539.2890625,19864.3203125,9859.576171875,20606.060546875,12680.6162109375,11581.3583984375,79600.0,52618.609375,35136.515625,65708.8828125,8868.0673828125,24736.939453125,26250.83203125,32500.0,15561.6162109375,13921.9111328125,59166.7890625,54600.0,12353.2666015625,31000.0,96900.0,66577.09375,18326.458984375,29700.0,1213.16
2023-08-31,15585.57421875,70158.1171875,34053.37109375,19844.240234375,78998.0546875,70447.3671875,70042.03125,20967.896484375,10161.0927734375,20909.091796875,12800.244140625,11644.30078125,81500.0,52618.609375,35273.7734375,64968.73046875,9012.8525390625,24736.939453125,26172.47265625,32650.0,15790.462890625,13957.517578125,59166.7890625,54700.0,12569.447265625,31050.0,98000.0,66577.09375,18458.62109375,30300.0,1224.05
2023-09-05,15689.017578125,69283.5703125,34452.2890625,19966.546875,82157.9765625,70520.2109375,70752.3984375,21111.83984375,10311.8505859375,21060.60546875,12840.1201171875,12053.42578125,81500.0,53107.62890625,35822.7734375,65297.68359375,9157.6376953125,24208.748046875,26133.291015625,32700.0,16019.3095703125,13993.123046875,59830.8359375,55300.0,12723.8642578125,31150.0,100500.0,68545.3125,18502.673828125,30150.0,1234.98
2023-09-06,15826.9443359375,69186.3984375,34307.23046875,19966.546875,81977.40625,72122.9453125,72102.0859375,21111.83984375,10372.154296875,21969.697265625,12879.99609375,12116.3671875,82700.0,53792.25390625,35960.03125,65379.93359375,9157.6376953125,24472.84375,26642.63671875,33050.0,16110.849609375,14064.3359375,59897.2421875,55900.0,12754.7470703125,30800.0,101700.0,68459.7421875,19207.537109375,30300.0,1245.5
2023-09-07,15792.4599609375,68992.0546875,34343.4921875,19966.546875,80352.3046875,71321.59375,73096.59375,21495.689453125,10432.45703125,21704.544921875,12879.99609375,12147.8388671875,82000.0,53792.25390625,36005.77734375,65996.71875,9230.029296875,24164.732421875,26368.373046875,33000.0,16362.58203125,13993.123046875,59432.41015625,55100.0,12785.6298828125,30400.0,101000.0,68031.8671875,19163.484375,30300.0,1243.14
2023-09-08,15689.017578125,70546.796875,34089.6328125,19752.51171875,83421.9453125,71103.03125,72599.34375,21783.580078125,10462.6083984375,21780.302734375,12840.1201171875,12021.9541015625,81800.0,54281.27734375,36051.53125,66037.8359375,9193.8330078125,24208.748046875,26446.734375,32500.0,16179.50390625,13815.09375,59432.41015625,54000.0,12723.8642578125,29550.0,101400.0,68459.7421875,19207.537109375,29600.0,1241.48
2023-09-11,15413.166015625,68992.0546875,33726.9765625,19507.896484375,82067.6875,70957.328125,72031.046875,20871.93359375,10311.8505859375,21212.12109375,12919.873046875,11801.65625,79600.0,53303.23828125,36463.28515625,68875.0859375,8904.263671875,23768.58984375,26250.83203125,31600.0,15813.34765625,13494.640625,58768.359375,52500.0,12476.7978515625,29550.0,99000.0,68031.8671875,19295.646484375,28700.0,1223.63
2023-09-12,15689.017578125,69769.4296875,34089.6328125,19752.51171875,83241.375,72050.1015625,72954.53125,21783.580078125,10492.7607421875,21780.302734375,12999.625,12116.3671875,81000.0,54574.6875,36600.5390625,69450.75,9085.2451171875,24076.701171875,28053.12890625,32350.0,16156.6181640625,13672.6708984375,59698.02734375,53500.0,12600.330078125,30150.0,101900.0,68716.46875,19648.078125,29500.0,1245.44
2023-09-13,15551.091796875,68992.0546875,34089.6328125,19905.39453125,81977.40625,71394.4375,75014.5859375,21399.728515625,10522.912109375,21515.15234375,12999.625,11990.482421875,80100.0,56237.359375,36875.046875,68587.25,8940.4599609375,23900.63671875,28053.12890625,31950.0,16019.3095703125,13708.275390625,59166.7890625,52100.0,12970.9287109375,29600.0,99000.0,67689.5546875,19780.240234375,29000.0,1238.39
2023-09-14,15482.1298828125,68311.8515625,33908.30859375,20302.890625,81977.40625,69864.5546875,75298.734375,21111.83984375,10553.0625,21060.60546875,12760.3681640625,12053.42578125,78600.0,56041.75390625,36600.5390625,70067.5546875,8904.263671875,23152.3671875,27935.587890625,31800.0,15973.5400390625,13530.2470703125,59166.7890625,49000.0,13403.29296875,27750.0,99000.0,67946.28125,19736.1875,28900.0,1223.81
2023-09-15,15620.0546875,67048.6171875,33944.5703125,20027.701171875,81977.40625,71030.171875,77856.046875,21687.6171875,10854.5791015625,20909.091796875,12560.9873046875,12210.7802734375,79700.0,54672.4921875,36737.7890625,68340.5234375,8831.8720703125,23768.58984375,27818.046875,32500.0,15973.5400390625,13672.6708984375,59631.625,50500.0,13310.6435546875,26800.0,99700.0,68031.8671875,19868.349609375,28400.0,1227.36
2023-09-18,15482.1298828125,66076.8984375,33182.9921875,19599.626953125,80532.875,70593.0625,77429.828125,21255.783203125,10613.3662109375,20909.091796875,12281.8544921875,12053.42578125,78500.0,53792.25390625,36234.53515625,66449.0390625,8759.4794921875,23592.525390625,27974.767578125,32600.0,15607.384765625,13494.640625,58967.5703125,48950.0,12940.046875,26500.0,98800.0,67518.40625,19515.916015625,27700.0,1211.81
2023-09-19,15378.685546875,66076.8984375,32784.0703125,19630.205078125,83783.078125,71685.8359375,78140.1953125,21399.728515625,10673.6689453125,21325.7578125,12162.2255859375,11959.01171875,79000.0,54281.27734375,36509.0390625,64968.73046875,8723.2822265625,23592.525390625,28366.5703125,33300.0,15515.845703125,13565.8525390625,58502.73828125,49350.0,12785.6298828125,25850.0,99400.0,67518.40625,19295.646484375,27600.0,1211.5
2023-09-20,15482.1298828125,68020.3359375,33146.73046875,19599.626953125,86581.8671875,71758.6953125,77429.828125,22167.431640625,10764.1240234375,21515.15234375,12281.8544921875,12084.896484375,79700.0,54574.6875,36966.546875,66202.3203125,8831.8720703125,23328.4296875,28562.474609375,33250.0,15721.80859375,13886.3056640625,58436.33203125,50700.0,12970.9287109375,26750.0,99400.0,67004.96875,19295.646484375,28100.0,1226.11
2023-09-21,15447.6474609375,68603.3671875,32784.0703125,19385.591796875,84866.484375,70520.2109375,75653.9140625,22263.39453125,10583.21484375,21515.15234375,11962.8447265625,11927.541015625,78800.0,53009.82421875,37059.66015625,65791.1171875,8723.2822265625,23328.4296875,27230.341796875,32350.0,15698.923828125,13565.8525390625,57772.28515625,50200.0,12754.7470703125,26100.0,99300.0,66748.2421875,19075.375,28150.0,1212.74
2023-09-22,15378.685546875,67534.46875,33400.58984375,19355.015625,88477.8203125,70447.3671875,77486.65625,20967.896484375,10583.21484375,20681.818359375,11484.33203125,11770.1865234375,75400.0,50955.9375,36454.41015625,64639.7890625,8542.3017578125,22448.111328125,25545.5859375,32900.0,15561.6162109375,13209.7939453125,59299.59765625,48000.0,12538.564453125,25000.0,97600.0,66320.3671875,18722.9453125,27400.0,1193.05
2023-09-25,15171.796875,66076.8984375,32711.54296875,18223.677734375,82338.5390625,68698.9375,76293.2421875,19528.453125,10492.7607421875,19696.96875,10846.3134765625,11392.533203125,70300.0,49880.09375,34918.01953125,62501.5625,7963.16259765625,22888.271484375,23782.470703125,31650.0,15012.3818359375,12818.1279296875,59299.59765625,47000.0,11766.4853515625,23250.0,98000.0,66405.9296875,17974.02734375,26600.0,1153.2
2023-09-26,15102.8349609375,64036.28515625,32167.560546875,18529.443359375,81706.5546875,68116.109375,75696.5390625,18184.97265625,10492.7607421875,19848.484375,10527.3037109375,11486.9462890625,73000.0,50369.11328125,34545.55859375,61925.89453125,7818.37744140625,23064.333984375,24213.455078125,31350.0,14829.3037109375,12604.4931640625,57772.28515625,45000.0,11890.0185546875,22500.0,98000.0,65122.32421875,18018.080078125,25800.0,1137.96
2023-09-27,15171.796875,64327.80078125,32203.82421875,18957.517578125,82699.6796875,68698.9375,75781.78125,19048.63671875,10492.7607421875,20075.7578125,10567.1796875,11644.30078125,76000.0,50858.1328125,34033.4296875,60939.03125,8035.5546875,23108.349609375,25859.029296875,31800.0,14920.8427734375,12675.705078125,58303.5234375,45100.0,12075.3173828125,22600.0,99700.0,65550.1875,18502.673828125,26100.0,1153.85
2023-09-28,14999.390625,65299.51953125,32167.560546875,18865.787109375,84776.1953125,68480.375,77998.1171875,18808.73046875,10432.45703125,20151.515625,10846.3134765625,11644.30078125,76500.0,51836.17578125,35150.80859375,59540.96875,7926.966796875,22007.953125,25310.50390625,30750.0,15401.421875,12853.734375,58436.33203125,44500.0,11951.7841796875,22500.0,99300.0,64009.8515625,18678.888671875,25450.0,1152.43
2023-09-29,15068.3525390625,67534.46875,32167.560546875,18376.5625,84415.0625,67606.1640625,77316.1640625,18712.767578125,10462.6083984375,19924.2421875,11045.6943359375,11644.30078125,76300.0,51444.9609375,34918.01953125,59623.20703125,8035.5546875,22007.953125,24918.701171875,30650.0,15401.421875,12711.310546875,58104.3125,45500.0,11951.7841796875,23425.0,99300.0,63496.40625,19119.431640625,26100.0,1154.15
2023-10-02,15102.8349609375,67437.3046875,31877.43359375,18315.408203125,84595.6328125,67897.5546875,76122.7578125,19576.43359375,10311.8505859375,19848.484375,10886.1884765625,11707.2431640625,77400.0,50760.328125,34918.01953125,60034.40625,7999.35888671875,22007.953125,25153.783203125,30850.0,15172.5751953125,12462.068359375,57440.2578125,45750.0,12013.5517578125,23450.0,98500.0,64694.4453125,19207.537109375,26850.0,1155.25
2023-10-03,14895.9462890625,66562.75,30136.6875,17795.60546875,82157.9765625,67169.046875,73565.4375,18232.953125,10311.8505859375,18787.87890625,10487.427734375,11361.0615234375,74000.0,47924.01171875,33521.30078125,57813.953125,7637.3974609375,21919.921875,23664.9296875,29200.0,14875.07421875,11892.3740234375,57307.453125,44050.0,11612.0703125,22250.0,97900.0,63325.25,18502.673828125,26300.0,1118.1
2023-10-04,14895.9462890625,67048.6171875,30825.732421875,17673.298828125,85317.8984375,67387.609375,73139.2265625,18712.767578125,10311.8505859375,19128.787109375,10766.560546875,11424.00390625,73500.0,48119.6171875,33754.0859375,57567.23046875,7709.7900390625,21523.77734375,24879.521484375,30200.0,14760.650390625,11821.1630859375,57307.453125,44600.0,11673.8349609375,23050.0,96800.0,63667.55078125,18502.673828125,27000.0,1128.67
2023-10-05,14895.9462890625,66951.4375,30172.953125,17184.07421875,83963.640625,66731.9375,71775.3203125,19000.654296875,10221.3955078125,18863.63671875,10846.3134765625,11361.0615234375,72800.0,45967.9296875,32031.46484375,57156.0390625,7601.20068359375,21567.79296875,24801.16015625,29900.0,14554.6865234375,11785.556640625,56112.16015625,44550.0,11426.7705078125,22800.0,95500.0,62212.77734375,18326.458984375,26800.0,1113.89
2023-10-06,15033.8720703125,67534.46875,30608.140625,17550.994140625,85769.3125,67533.3125,71775.3203125,19384.5078125,10311.8505859375,18901.515625,10965.94140625,11424.00390625,72700.0,47239.3828125,32590.150390625,57238.28125,7745.9853515625,21567.79296875,25819.849609375,30950.0,14669.111328125,11963.5859375,56709.8046875,46050.0,11550.3037109375,22975.0,97000.0,63496.40625,18458.62109375,27450.0,1128.54
2023-10-09,15516.611328125,66951.4375,30426.8125,17826.18359375,87574.984375,69646.0,73821.1640625,19576.43359375,10281.69921875,19318.181640625,11245.07421875,11518.4169921875,73500.0,46897.0703125,33241.95703125,56580.3671875,7782.181640625,21611.810546875,26015.75,31200.0,14691.99609375,11999.1923828125,56178.56640625,47000.0,11704.7197265625,22600.0,97100.0,63068.52734375,18855.10546875,27050.0,1137.36
2023-10-10,15723.5,66951.4375,30499.34375,17917.912109375,86040.1640625,70155.9609375,73650.6875,19240.5625,10492.7607421875,19696.96875,11284.9501953125,11612.8310546875,73200.0,47777.3046875,33521.30078125,56580.3671875,7854.57470703125,21655.826171875,25623.947265625,31250.0,14875.07421875,11927.9794921875,57174.640625,48000.0,11982.66796875,22450.0,97300.0,63667.55078125,19031.322265625,27000.0,1143.69
2023-10-11,15654.53515625,66368.4140625,30463.076171875,18040.21875,87574.984375,70665.9140625,73309.703125,19864.3203125,10613.3662109375,19848.484375,11324.826171875,11644.30078125,73800.0,48217.421875,34359.328125,55922.45703125,7890.7705078125,21787.873046875,26642.63671875,31750.0,14920.8427734375,11927.9794921875,57440.2578125,47400.0,12106.19921875,22725.0,97600.0,63667.55078125,19207.537109375,27000.0,1150.81
2023-10-12,15654.53515625,65688.203125,30571.873046875,18101.373046875,88387.53125,70228.8125,73309.703125,20008.265625,10553.0625,19545.455078125,11324.826171875,11549.888671875,73100.0,47337.18359375,34173.1015625,56662.60546875,7854.57470703125,21787.873046875,26329.193359375,31600.0,14875.07421875,12248.4345703125,57108.234375,47550.0,12137.0830078125,23250.0,97700.0,64608.875,19251.58984375,27200.0,1151.61
2023-10-13,15620.0546875,64813.65625,30825.732421875,17917.912109375,89651.5078125,70010.2578125,73139.2265625,20536.0625,10613.3662109375,19507.576171875,11324.826171875,11612.8310546875,72700.0,48413.03125,34173.1015625,57649.4765625,7818.37744140625,21831.888671875,26290.013671875,31500.0,14737.7646484375,12284.0400390625,57506.6640625,46900.0,11951.7841796875,23050.0,103800.0,64865.6015625,19339.69921875,27350.0,1154.73
2023-10-16,15585.57421875,63841.94140625,30209.21875,17612.14453125,87484.703125,70520.2109375,74076.90625,20584.04296875,10492.7607421875,18939.39453125,11284.9501953125,11455.474609375,71600.0,47532.79296875,34266.21484375,58307.37890625,7673.59326171875,21831.888671875,25153.783203125,30200.0,14554.6865234375,11963.5859375,57174.640625,45550.0,11642.953125,22500.0,102500.0,64352.14453125,19824.29296875,26700.0,1141.42
2023-10-17,15482.1298828125,62384.36328125,29955.359375,17489.83984375,81435.7109375,67824.7109375,72627.7578125,19384.5078125,10583.21484375,18787.87890625,11165.322265625,11392.533203125,71000.0,45283.30078125,33521.30078125,57484.99609375,7673.59326171875,21787.873046875,24644.439453125,30000.0,14531.802734375,11749.951171875,57041.83203125,44500.0,11519.419921875,22000.0,102900.0,64009.8515625,20000.5078125,27000.0,1121.65
2023-10-18,15206.279296875,61023.95703125,29012.455078125,17336.955078125,82248.2578125,67751.859375,70752.3984375,19192.58203125,10583.21484375,18181.818359375,11165.322265625,11172.2353515625,68300.0,43718.43359375,32590.150390625,56169.171875,7528.80859375,21743.857421875,24722.798828125,29700.0,14302.955078125,11571.921875,57041.83203125,43300.0,11395.8876953125,21900.0,104900.0,63239.67578125,19824.29296875,26500.0,1103.4
2023-10-19,15033.8720703125,61218.296875,29157.515625,17489.83984375,81074.5703125,67023.34375,69814.7109375,19192.58203125,10553.0625,17954.544921875,11205.1982421875,11109.29296875,66400.0,42055.76171875,32590.150390625,56169.171875,7456.41650390625,21655.826171875,23586.5703125,29000.0,14028.3388671875,11500.708984375,56112.16015625,42500.0,11272.35546875,21600.0,105100.0,61100.30859375,18899.162109375,26400.0,1087.85
2023-10-20,15102.8349609375,62773.05078125,29375.109375,17979.064453125,82067.6875,67679.015625,70922.8828125,19672.396484375,10703.8212890625,18446.96875,11603.958984375,11298.119140625,69000.0,43718.43359375,32962.61328125,57567.23046875,7565.00439453125,21523.77734375,24526.8984375,30100.0,14234.30078125,11749.951171875,56311.375,44500.0,11334.1201171875,21675.0,105200.0,61870.4921875,19031.322265625,26600.0,1108.03
2023-10-23,15033.8720703125,61801.33203125,29230.046875,17917.912109375,78998.0546875,66294.828125,68706.5390625,18952.67578125,10553.0625,18181.818359375,11723.587890625,11203.7060546875,66000.0,42055.76171875,32916.05078125,55757.98046875,7456.41650390625,21831.888671875,23978.373046875,29700.0,14142.76171875,11714.3447265625,56112.16015625,44500.0,11148.822265625,21700.0,103500.0,60073.4140625,18546.728515625,26000.0,1093.53
2023-10-24,15102.8349609375,61606.98828125,29955.359375,18040.21875,81164.859375,67023.34375,69218.0078125,19624.4140625,10583.21484375,18181.818359375,11763.46484375,11266.6484375,66900.0,42055.76171875,33055.7265625,56827.08203125,7673.59326171875,22712.20703125,24330.994140625,30000.0,14348.724609375,11963.5859375,57108.234375,44600.0,11426.7705078125,21725.0,103600.0,60158.984375,18546.728515625,26600.0,1105.9
2023-10-25,15102.8349609375,60829.61328125,29556.4375,17734.453125,80623.15625,66221.9765625,68536.046875,19672.396484375,10553.0625,18219.697265625,11843.216796875,11203.7060546875,66000.0,42544.78515625,32916.05078125,56909.3203125,7637.3974609375,22800.23828125,24135.09375,29550.0,14280.0712890625,11927.9794921875,56975.42578125,44900.0,11303.23828125,22350.0,102800.0,59046.51171875,18502.673828125,26450.0,1101.66
2023-10-26,14551.1337890625,57914.45703125,29411.375,17336.955078125,76740.96875,63235.07421875,64359.10546875,18328.916015625,10251.546875,17272.7265625,11404.5791015625,10826.052734375,61400.0,41077.72265625,30634.7421875,54442.15625,7275.4345703125,22448.111328125,22489.51953125,28100.0,13639.2978515625,11393.892578125,56112.16015625,41800.0,10716.4580078125,20800.0,99800.0,57335.0234375,17797.8125,24600.0,1055.45
2023-10-27,14861.46484375,57331.42578125,30463.076171875,17245.2265625,76740.96875,63380.7734375,66149.2265625,18520.83984375,10402.3056640625,17689.39453125,12202.1025390625,10983.4091796875,57800.0,41077.72265625,30727.857421875,51892.74609375,7456.41650390625,22492.126953125,23077.22265625,28700.0,13524.875,11536.3154296875,56444.1875,39200.0,11179.705078125,20800.0,99800.0,58190.76953125,17797.8125,22900.0,1060.62
2023-10-30,14689.05859375,57817.28125,29737.765625,16908.8828125,73581.046875,61923.7421875,65296.78515625,17273.322265625,10372.154296875,17424.2421875,11524.20703125,10700.1689453125,58000.0,39610.6640625,30588.185546875,50001.25390625,7347.8271484375,22316.064453125,21549.19140625,27000.0,12861.2177734375,11393.892578125,57041.83203125,39200.0,10870.8740234375,20750.0,98000.0,57848.47265625,17533.486328125,23100.0,1042.4
2023-10-31,14758.021484375,56942.734375,29157.515625,16939.4609375,71323.953125,60466.71875,65296.78515625,16217.732421875,10372.154296875,17424.2421875,11683.7119140625,10763.111328125,58200.0,36872.1484375,29703.595703125,46629.45703125,7311.63134765625,22712.20703125,20177.87890625,27000.0,12678.1396484375,11251.4677734375,57639.47265625,39000.0,11056.1728515625,20250.0,99000.0,58190.76953125,17621.595703125,22200.0,1028.19
2023-11-01,14895.9462890625,56359.70703125,29012.455078125,16756.0,72497.6328125,62215.15234375,65552.515625,16601.58203125,10402.3056640625,18143.939453125,12042.59765625,10826.052734375,59500.0,34329.2421875,30076.052734375,47205.1328125,7492.61181640625,22800.23828125,21274.9296875,27650.0,12906.9873046875,11251.4677734375,58303.5234375,38450.0,11117.939453125,20200.0,104400.0,60244.56640625,17445.37890625,22700.0,1039.66
2023-11-02,15378.685546875,57137.08203125,30209.21875,17275.8046875,77463.234375,64837.8125,67513.125,17753.138671875,10613.3662109375,19128.787109375,12281.8544921875,11140.7646484375,62700.0,36187.51953125,31100.31640625,50494.69140625,7890.7705078125,22844.255859375,22646.240234375,29000.0,13433.3359375,11678.7392578125,59100.3828125,39950.0,11457.654296875,20725.0,104900.0,60672.44140625,17885.91796875,23250.0,1075.47
2023-11-03,15206.279296875,56845.56640625,30100.421875,17122.919921875,77463.234375,63380.7734375,67427.890625,17753.138671875,11065.640625,19015.15234375,12162.2255859375,10951.9365234375,63900.0,38094.69921875,30820.97265625,52550.6640625,7745.9853515625,21391.73046875,22646.240234375,28500.0,14188.5322265625,11429.498046875,59033.9765625,40500.0,11488.537109375,20800.0,106500.0,59902.2578125,17445.37890625,24400.0,1076.78
2023-11-06,15309.72265625,57720.109375,30318.013671875,17459.263671875,79810.6015625,64473.546875,67342.640625,17753.138671875,11005.337890625,19507.576171875,12281.8544921875,11298.119140625,64000.0,37214.4609375,30960.64453125,54442.15625,7963.16259765625,22272.048828125,22724.599609375,29450.0,14188.5322265625,11821.1630859375,59432.41015625,41000.0,11673.8349609375,21050.0,107300.0,60758.015625,18326.458984375,24000.0,1089.66
2023-11-07,15240.7607421875,56554.05078125,30318.013671875,17459.263671875,79449.46875,64327.83984375,67172.15625,17705.15625,10854.5791015625,19545.455078125,12361.6064453125,11203.7060546875,62000.0,37361.16796875,30867.529296875,53537.53125,7854.57470703125,21479.76171875,22215.255859375,29000.0,14005.4541015625,11785.556640625,58635.55078125,40000.0,11550.3037109375,21025.0,106000.0,60586.86328125,18238.349609375,23150.0,1080.29
2023-11-08,15723.5,57914.45703125,31115.857421875,17887.3359375,83963.640625,67460.4609375,68195.078125,18904.693359375,11337.005859375,20416.666015625,12560.9873046875,11549.888671875,63800.0,38730.42578125,31845.234375,53537.53125,8216.5361328125,21963.9375,23743.291015625,30000.0,14554.6865234375,12284.0400390625,59432.41015625,41000.0,11982.66796875,21500.0,113000.0,61100.30859375,18811.052734375,23700.0,1113.43
2023-11-09,15551.091796875,59274.86328125,31079.58984375,18040.21875,83783.078125,67387.609375,68195.078125,18904.693359375,11306.853515625,20227.2734375,12521.111328125,11549.888671875,62800.0,39415.05078125,31612.447265625,52550.6640625,8144.14404296875,21567.79296875,24174.275390625,29650.0,14417.37890625,12177.22265625,58369.9296875,42900.0,11920.900390625,22700.0,108400.0,60501.28515625,18487.51953125,24300.0,1113.89
2023-11-10,15447.6474609375,58691.83203125,30608.140625,17979.064453125,83963.640625,66659.0859375,67086.90625,18568.822265625,11367.1572265625,20075.7578125,12202.1025390625,11329.58984375,61700.0,38534.8203125,31053.759765625,51317.078125,8071.7509765625,20951.5703125,24135.09375,29500.0,14211.4169921875,12106.009765625,57108.234375,42300.0,11735.6025390625,22475.0,109000.0,59559.96484375,18071.552734375,23950.0,1101.68
2023-11-13,15482.1298828125,58108.80078125,30535.607421875,17979.064453125,84234.4921875,66586.2421875,67342.640625,18664.78515625,11337.005859375,20606.060546875,12202.1025390625,11392.533203125,62000.0,39121.640625,31053.759765625,50412.44921875,7999.35888671875,20247.31640625,24644.439453125,29250.0,14142.76171875,12284.0400390625,56776.2109375,41350.0,11859.1357421875,22400.0,108000.0,58789.7890625,17748.01953125,23500.0,1100.07
2023-11-14,15654.53515625,58303.140625,31188.388671875,18223.677734375,84415.0625,67460.4609375,67427.890625,18904.693359375,11306.853515625,20454.544921875,12521.111328125,11612.8310546875,62600.0,40588.703125,31193.431640625,50988.125,8288.927734375,20379.365234375,24879.521484375,30000.0,14417.37890625,12390.8564453125,57108.234375,41000.0,12106.19921875,22475.0,107800.0,58960.9453125,18117.76953125,24000.0,1109.73
2023-11-15,16033.830078125,60246.58203125,32022.49609375,18468.29296875,84866.484375,67314.7578125,68280.3203125,19048.63671875,11397.3076171875,20454.544921875,12521.111328125,11675.7724609375,65800.0,40979.91796875,31659.005859375,51974.98828125,8361.3212890625,20687.4765625,25036.2421875,30000.0,14440.263671875,12604.4931640625,58237.1171875,41450.0,12137.0830078125,22700.0,108700.0,60501.28515625,18441.302734375,24100.0,1122.5
2023-11-16,16068.3125,60635.26953125,31732.37109375,18498.869140625,86491.578125,67751.859375,68195.078125,19244.0078125,11427.4599609375,20606.060546875,12481.2353515625,11644.30078125,66000.0,40588.703125,32078.021484375,52797.37890625,8397.517578125,20643.458984375,25310.50390625,30200.0,14508.91796875,12462.068359375,58436.33203125,41150.0,12106.19921875,22550.0,108500.0,60158.984375,18395.083984375,23850.0,1125.53
2023-11-17,15654.53515625,59663.546875,31115.857421875,18162.525390625,84234.4921875,66294.828125,67086.90625,18999.794921875,11156.095703125,20075.7578125,12241.9775390625,11455.474609375,64100.0,40490.8984375,31193.431640625,52386.18359375,8107.94775390625,20379.365234375,24683.619140625,29350.0,14257.185546875,12106.009765625,56842.61328125,38950.0,11828.2509765625,21100.0,105500.0,59902.2578125,17840.45703125,22800.0,1101.19
2023-11-20,15516.611328125,59663.546875,31297.185546875,18070.794921875,84234.4921875,66076.2890625,66745.9375,19537.064453125,11276.7021484375,20189.39453125,12241.9775390625,11329.58984375,63600.0,39659.56640625,31193.431640625,51810.51171875,8107.94775390625,20379.365234375,25388.865234375,29200.0,14188.5322265625,12248.4345703125,57174.640625,38950.0,11735.6025390625,21350.0,105700.0,59303.24609375,18025.33203125,22550.0,1103.66
2023-11-21,15585.57421875,58497.48828125,31877.43359375,17979.064453125,85679.03125,66950.4921875,67342.640625,19585.90625,11276.7021484375,20492.423828125,12441.3583984375,11392.533203125,64600.0,40001.87890625,31472.775390625,51892.74609375,8144.14404296875,20379.365234375,25506.40625,29300.0,14096.9931640625,12141.6162109375,57506.6640625,39100.0,11766.4853515625,21300.0,106600.0,59474.39453125,18163.98828125,22600.0,1110.46
2023-11-22,15654.53515625,58205.97265625,31623.576171875,18101.373046875,86852.71875,67751.859375,67342.640625,19683.591796875,11216.3994140625,20606.060546875,12321.73046875,11361.0615234375,64900.0,38926.03515625,31705.560546875,52221.70703125,8180.33984375,20335.34765625,25780.66796875,29100.0,14165.646484375,12177.22265625,57573.0703125,39000.0,11859.1357421875,21000.0,108200.0,59388.828125,18163.98828125,22800.0,1113.82
2023-11-23,15309.72265625,57234.25,31188.388671875,17856.759765625,83873.359375,66149.125,65637.765625,18853.265625,10884.73046875,19583.333984375,11962.8447265625,11266.6484375,63300.0,36480.9296875,31379.66015625,49672.30078125,7926.966796875,20247.31640625,24213.455078125,28200.0,13913.9150390625,12106.009765625,56776.2109375,39000.0,11612.0703125,20650.0,105000.0,58789.7890625,17701.80078125,22600.0,1088.49
2023-11-24,15206.279296875,57137.08203125,31659.83984375,18101.373046875,86220.7265625,66440.5390625,66063.9765625,19097.478515625,11035.4892578125,20000.0,12082.4736328125,11235.177734375,61800.0,37703.484375,31100.31640625,51810.51171875,7926.966796875,20335.34765625,25075.421875,28300.0,13753.7216796875,12106.009765625,57108.234375,39100.0,11612.0703125,20675.0,106300.0,58447.49609375,17748.01953125,22600.0,1095.61
2023-11-27,15068.3525390625,57622.94140625,31188.388671875,17979.064453125,85047.046875,66076.2890625,65467.27734375,18853.265625,10914.8828125,19924.2421875,11803.33984375,11077.8212890625,60900.0,37165.55859375,31286.544921875,52879.6171875,7782.181640625,20291.33203125,24291.81640625,27400.0,13410.451171875,11856.7685546875,56975.42578125,39800.0,11395.8876953125,20925.0,106000.0,58276.34765625,17748.01953125,22600.0,1088.06
2023-11-28,15102.8349609375,57622.94140625,31754.177734375,17917.912109375,85137.328125,66367.6796875,65637.765625,19146.32421875,10884.73046875,20227.2734375,11962.8447265625,11235.177734375,61300.0,37165.55859375,31379.66015625,53373.046875,7854.57470703125,20291.33203125,24605.2578125,28150.0,13707.9521484375,11927.9794921875,56975.42578125,40750.0,11550.3037109375,21200.0,106500.0,58618.64453125,17886.677734375,22800.0,1095.43
2023-11-29,15206.279296875,57327.4375,32121.986328125,17979.064453125,86491.578125,66804.7890625,66319.7109375,19390.537109375,10884.73046875,20454.544921875,12122.349609375,11235.177734375,62900.0,37947.9921875,33335.0703125,54442.15625,7854.57470703125,20291.33203125,24761.978515625,27800.0,13685.068359375,11999.1923828125,56510.59375,41200.0,11612.0703125,21275.0,106800.0,58533.07421875,17794.23828125,23200.0,1102.8
2023-11-30,15137.3154296875,57327.4375,31754.177734375,17971.736328125,85317.8984375,66950.4921875,65211.54296875,19537.064453125,10854.5791015625,20113.63671875,12202.1025390625,11203.7060546875,60500.0,37654.58203125,32683.267578125,53455.2890625,7818.37744140625,19895.189453125,24526.8984375,27500.0,13501.990234375,12106.009765625,56244.97265625,41300.0,11550.3037109375,20875.0,102000.0,57677.328125,17655.58203125,22100.0,1094.13
2023-12-01,15137.3154296875,57327.4375,32203.724609375,17971.736328125,85859.59375,67314.7578125,66234.4765625,19683.591796875,10975.185546875,20378.787109375,12202.1025390625,11203.7060546875,61500.0,37899.08984375,32776.3828125,53455.2890625,7854.57470703125,19983.220703125,25075.421875,27500.0,13616.4140625,12177.22265625,56444.1875,40900.0,11704.7197265625,21050.0,105400.0,58533.07421875,17840.45703125,22800.0,1102.16
2023-12-04,15378.685546875,58312.4453125,32530.6640625,18142.5703125,88026.3984375,68188.9765625,67342.640625,20123.17578125,11156.095703125,20833.333984375,12202.1025390625,11361.0615234375,62200.0,39072.73828125,33055.7265625,53208.57421875,8035.5546875,20027.236328125,26329.193359375,28200.0,13822.3759765625,12248.4345703125,57108.234375,41300.0,11828.2509765625,21475.0,105800.0,58875.37109375,18025.33203125,23000.0,1120.49
2023-12-05,15275.2412109375,62350.9765625,32408.060546875,18108.404296875,87845.828125,69063.1953125,67342.640625,20123.17578125,11125.9443359375,20643.939453125,12241.9775390625,11361.0615234375,61400.0,39121.640625,33102.28125,52632.8984375,7926.966796875,19983.220703125,26094.111328125,27800.0,13753.7216796875,12141.6162109375,56709.8046875,40500.0,11828.2509765625,21400.0,105100.0,58276.34765625,17701.80078125,22850.0,1115.97
2023-12-06,15378.685546875,65010.49609375,32694.134765625,18210.90234375,88477.8203125,69208.8984375,68024.5859375,20318.546875,11216.3994140625,20909.091796875,12560.9873046875,11392.533203125,62100.0,40050.78125,33428.1875,53619.765625,7963.16259765625,19983.220703125,26329.193359375,28100.0,13913.9150390625,12426.462890625,57041.83203125,40450.0,11859.1357421875,21400.0,105800.0,58618.64453125,17932.89453125,22900.0,1126.43
2023-12-07,15447.6474609375,63828.48828125,33184.546875,18381.73828125,87755.5546875,68698.9375,66404.9609375,19732.43359375,11276.7021484375,20909.091796875,12760.3681640625,11486.9462890625,63500.0,39952.9765625,32729.82421875,53948.7265625,7999.35888671875,19983.220703125,25741.48828125,28550.0,14119.8779296875,12497.6748046875,56576.99609375,39700.0,11920.900390625,21400.0,105700.0,58533.07421875,18163.98828125,22800.0,1121.49
2023-12-08,15447.6474609375,64025.48828125,34247.10546875,18381.73828125,88297.25,68626.0859375,66149.2265625,19585.90625,11306.853515625,20984.84765625,13039.501953125,11455.474609375,66200.0,41664.546875,33195.3984375,53948.7265625,7963.16259765625,19983.220703125,25545.5859375,28200.0,14165.646484375,12426.462890625,56444.1875,39650.0,11951.7841796875,21475.0,104200.0,59046.51171875,18117.76953125,23350.0,1124.44
2023-12-11,15447.6474609375,64123.98828125,33838.4296875,18347.572265625,88297.25,69208.8984375,66745.9375,19878.9609375,11306.853515625,20833.333984375,12919.873046875,11424.00390625,67500.0,41566.74609375,33195.3984375,53866.484375,8071.7509765625,19939.205078125,25623.947265625,27850.0,14119.8779296875,12355.2509765625,55912.9453125,41000.0,11859.1357421875,22025.0,104200.0,59902.2578125,17932.89453125,23650.0,1125.5
2023-12-12,15516.611328125,63434.484375,34247.10546875,18450.0703125,87574.984375,70520.2109375,66660.6875,19878.9609375,11337.005859375,21174.2421875,12800.244140625,11486.9462890625,66200.0,41566.74609375,33009.16796875,53455.2890625,8035.5546875,19939.205078125,25545.5859375,28000.0,14211.4169921875,12355.2509765625,55912.9453125,41050.0,11859.1357421875,22125.0,104500.0,59388.828125,17979.11328125,23650.0,1127.63
2023-12-13,15378.685546875,62941.98046875,34001.8984375,18279.23828125,86581.8671875,69354.59375,65552.515625,19488.220703125,11367.1572265625,20719.697265625,12600.86328125,11361.0615234375,65800.0,40784.3125,32310.806640625,52632.8984375,7890.7705078125,19895.189453125,25075.421875,27450.0,13959.6845703125,12106.009765625,55580.921875,40750.0,11766.4853515625,21950.0,105000.0,58361.91796875,17748.01953125,23000.0,1114.2
2023-12-14,15516.611328125,62941.98046875,34001.8984375,18279.23828125,86581.8671875,70083.1171875,65552.515625,19488.220703125,11397.3076171875,20492.423828125,12481.2353515625,11361.0615234375,65800.0,40784.3125,32310.806640625,52632.8984375,7818.37744140625,19895.189453125,25075.421875,27450.0,13982.5693359375,12034.7978515625,56045.75390625,40750.0,11673.8349609375,21900.0,105000.0,58361.91796875,17563.14453125,23000.0,1110.13
2023-12-15,15689.017578125,61070.46484375,33920.1640625,18245.0703125,84234.4921875,70083.1171875,64785.32421875,19439.37890625,11457.611328125,20303.03125,12521.111328125,11361.0615234375,63000.0,39855.171875,31938.34765625,51646.03515625,7818.37744140625,19895.189453125,24918.701171875,27100.0,14005.4541015625,12070.404296875,54584.84765625,39900.0,11612.0703125,21850.0,103000.0,58276.34765625,17285.83203125,22550.0,1102.3
2023-12-18,15723.5,59789.95703125,33511.48828125,17800.90234375,84685.9140625,68480.375,64359.10546875,18999.794921875,11095.7919921875,20151.515625,12321.73046875,11329.58984375,62900.0,38730.42578125,31565.890625,50576.9296875,7745.9853515625,19895.189453125,24840.33984375,26300.0,13753.7216796875,12034.7978515625,54120.015625,39900.0,11457.654296875,21600.0,105000.0,57335.0234375,17008.517578125,22600.0,1091.88
2023-12-19,15895.9052734375,60085.4609375,33674.95703125,18108.404296875,86084.90625,68917.4765625,63932.890625,19146.32421875,11427.4599609375,20606.060546875,12202.1025390625,11424.00390625,62200.0,39757.3671875,31612.447265625,51152.6015625,7745.9853515625,19895.189453125,25192.9609375,26600.0,14005.4541015625,12106.009765625,53920.80078125,39500.0,11519.419921875,21600.0,104300.0,57335.0234375,16916.08203125,22700.0,1096.3
2023-12-20,15999.3505859375,60380.9609375,33756.69140625,18142.5703125,85432.046875,68990.3359375,64103.37890625,19292.8515625,11337.005859375,20606.060546875,12281.8544921875,11424.00390625,63900.0,41468.94140625,32031.46484375,50988.125,7745.9853515625,19895.189453125,25310.50390625,26950.0,13891.0302734375,12034.7978515625,53854.39453125,39950.0,11550.3037109375,21625.0,104300.0,58276.34765625,16869.86328125,23000.0,1100.76
2023-12-21,16033.830078125,60873.46484375,34165.37109375,18142.5703125,84872.4453125,69281.75,63677.15625,19439.37890625,11306.853515625,20606.060546875,12241.9775390625,11424.00390625,63700.0,41713.44921875,31659.005859375,50988.125,7709.7900390625,19895.189453125,25232.14453125,26600.0,14028.3388671875,12034.7978515625,53721.58203125,40200.0,11581.1865234375,21600.0,105300.0,58019.62109375,16823.642578125,22950.0,1102.43
2023-12-22,15999.3505859375,60873.46484375,34696.65234375,18074.236328125,84406.1171875,68917.4765625,63677.15625,19781.27734375,11427.4599609375,20492.423828125,12441.3583984375,11518.4169921875,63000.0,41420.0390625,31472.775390625,50576.9296875,7745.9853515625,19895.189453125,25349.685546875,27200.0,14005.4541015625,12034.7978515625,53721.58203125,40300.0,11581.1865234375,21575.0,106200.0,57848.47265625,16777.42578125,22950.0,1103.06
2023-12-25,16102.794921875,60971.96484375,35309.66796875,18381.73828125,85618.578125,69937.40625,65211.54296875,19732.43359375,11548.06640625,20795.455078125,12441.3583984375,11581.3583984375,66400.0,41713.44921875,32264.25,50988.125,7782.181640625,19939.205078125,25506.40625,27500.0,14165.646484375,12141.6162109375,54319.2265625,41200.0,11766.4853515625,21700.0,107800.0,58105.203125,17100.95703125,23400.0,1117.66
2023-12-26,16033.830078125,61365.96875,35146.1953125,18313.404296875,87577.171875,70811.6171875,65126.3046875,19830.119140625,11578.2177734375,21060.60546875,12481.2353515625,11612.8310546875,66200.0,41762.3515625,32078.021484375,51563.7890625,7745.9853515625,19983.220703125,25663.126953125,27500.0,14096.9931640625,12106.009765625,54983.28125,41900.0,11828.2509765625,21775.0,108000.0,58190.76953125,17100.95703125,23300.0,1122.25
2023-12-27,16068.3125,61661.47265625,35146.1953125,18347.572265625,87763.703125,70593.0625,65041.05078125,19781.27734375,11638.521484375,21022.7265625,12521.111328125,11581.3583984375,67000.0,41909.05859375,32078.021484375,51070.359375,7782.181640625,19939.205078125,25702.30859375,27400.0,14119.8779296875,12355.2509765625,54916.875,41900.0,11859.1357421875,21800.0,107900.0,58190.765625,17100.95703125,23250.0,1121.99
2023-12-28,16378.6455078125,61759.97265625,34900.9921875,18518.404296875,87670.4375,70374.515625,64785.32421875,19830.119140625,11668.6728515625,21174.2421875,12600.86328125,11675.7724609375,67000.0,42104.6640625,32124.578125,51152.6015625,7818.37744140625,20819.5234375,25859.029296875,27600.0,14417.37890625,12319.646484375,54983.28125,43700.0,13043.17578125,22225.0,108000.0,59052.859375,17378.26953125,23500.0,1128.93
2023-12-29,16482.08984375,61956.97265625,35473.13671875,18518.404296875,88043.5078125,70010.2578125,64359.10546875,20709.287109375,12241.552734375,21174.2421875,12560.9873046875,11738.71484375,67000.0,41860.15625,32124.578125,51810.51171875,7818.37744140625,21039.603515625,25702.30859375,27950.0,14554.6865234375,12390.8564453125,53323.15625,43200.0,13009.986328125,22300.0,108000.0,58276.98046875,17748.01953125,23300.0,1129.93
2024-01-02,16861.3828125,60971.96484375,35146.1953125,18586.740234375,87483.90625,69864.5546875,64444.3515625,20465.07421875,12000.3408203125,20795.455078125,12800.244140625,11864.5986328125,68400.0,41517.84375,32171.134765625,52221.70703125,7926.966796875,21083.619140625,25467.2265625,27750.0,14691.99609375,12319.646484375,55448.11328125,43000.0,13142.7431640625,22000.0,107000.0,58880.4375,17424.48828125,23100.0,1131.72
2024-01-03,17240.6796875,60577.9609375,35800.078125,18860.07421875,87670.4375,70155.9609375,64785.32421875,21100.029296875,12060.64453125,21060.60546875,12959.7490234375,12053.42578125,68900.0,42251.375,32497.037109375,52221.70703125,8144.14404296875,20511.412109375,25819.849609375,28500.0,14920.8427734375,12426.462890625,56112.16015625,43400.0,13341.875,22075.0,107700.0,59483.89453125,17655.58203125,23250.0,1144.17
2024-01-04,17447.568359375,59888.45703125,35677.47265625,19543.41015625,89535.7734375,70811.6171875,65382.03125,20904.658203125,12301.8564453125,21022.7265625,13159.12890625,12651.3759765625,68100.0,42251.375,32683.267578125,52558.62109375,8288.927734375,20731.4921875,26329.193359375,28600.0,15149.6904296875,12746.9169921875,57041.83203125,43450.0,13541.0068359375,22075.0,107800.0,59483.89453125,17886.677734375,23400.0,1150.72
2024-01-05,17551.009765625,59592.95703125,36372.2265625,19816.744140625,89069.4375,70957.328125,65808.25,21295.400390625,12362.1591796875,21060.60546875,13238.8818359375,12903.14453125,67900.0,42887.09765625,32776.3828125,52137.4765625,8361.3212890625,20775.5078125,26760.177734375,29300.0,15195.4599609375,12818.1279296875,57241.046875,43100.0,13740.1396484375,22050.0,107600.0,59311.48828125,17748.01953125,23350.0,1154.68
2024-01-08,17482.048828125,59395.953125,37925.19921875,20192.578125,87763.703125,70884.484375,65467.27734375,21002.34375,12392.3115234375,21098.484375,13199.005859375,13029.029296875,66600.0,42251.375,32869.49609375,52305.93359375,8469.9091796875,20511.412109375,26720.99609375,29200.0,15607.384765625,12782.5224609375,57639.47265625,43350.0,13872.8955078125,22175.0,106600.0,58794.23046875,17794.23828125,23700.0,1160.19
2024-01-09,17240.6796875,58706.44921875,37639.12109375,20500.080078125,87577.171875,70374.515625,64700.078125,20904.658203125,12392.3115234375,20984.84765625,13119.25390625,13123.44140625,66100.0,41762.3515625,32264.25,51884.7890625,8469.9091796875,20643.458984375,26642.63671875,29200.0,15790.462890625,12640.0986328125,58303.5234375,43000.0,13906.0849609375,21950.0,106500.0,58708.02734375,17701.80078125,23350.0,1158.59
2024-01-10,17413.083984375,58312.4453125,38742.55078125,21183.4140625,86271.4453125,68990.3359375,64359.10546875,21100.029296875,12482.7666015625,20719.697265625,13159.12890625,13154.9140625,66200.0,41322.234375,32450.48046875,51210.9609375,8687.0869140625,20599.443359375,26407.5546875,29450.0,15744.693359375,13174.1875,59432.41015625,42700.0,13972.4609375,21800.0,105700.0,58190.765625,18117.76953125,23300.0,1161.54
2024-01-11,17413.083984375,59494.453125,38006.93359375,21183.4140625,86271.4453125,69208.8984375,64785.32421875,20709.287109375,12543.0693359375,20833.333984375,13199.005859375,12997.5576171875,66100.0,41517.84375,33009.16796875,51716.3359375,8759.4794921875,20775.5078125,26564.275390625,29500.0,15630.26953125,13174.1875,59299.59765625,42000.0,14038.8388671875,21825.0,105800.0,58535.61328125,18163.98828125,23450.0,1162.22
2024-01-12,17792.37890625,59001.94921875,37598.25390625,21525.08203125,85432.046875,68990.3359375,64018.125,19927.8046875,12603.373046875,20568.181640625,13238.8818359375,13438.1533203125,64800.0,40979.91796875,32543.59375,51463.6484375,8904.263671875,20643.458984375,26525.095703125,29900.0,15859.1171875,13209.7939453125,58901.171875,41300.0,13972.4609375,21500.0,105300.0,57932.140625,18163.98828125,23100.0,1154.7
2024-01-15,17447.568359375,58607.94921875,38088.66796875,21456.75,85338.78125,69500.296875,64529.58984375,20074.333984375,12663.67578125,20530.302734375,13238.8818359375,13501.0947265625,65600.0,41957.9609375,32264.25,50874.046875,8795.6748046875,20511.412109375,25859.029296875,29800.0,15698.923828125,13031.763671875,59764.4296875,41600.0,14072.02734375,21525.0,105200.0,57759.7265625,17886.677734375,22950.0,1154.12
2024-01-16,17516.529296875,58509.4453125,38333.875,21456.75,87204.1015625,69718.84375,64444.3515625,20465.07421875,12663.67578125,21060.60546875,13318.634765625,13532.56640625,67100.0,43327.21875,32357.36328125,50874.046875,8831.8720703125,20203.30078125,26250.83203125,29900.0,15630.26953125,13245.3984375,59764.4296875,42650.0,14271.16015625,21575.0,105400.0,58104.5703125,17979.11328125,23100.0,1163.12
2024-01-17,17516.529296875,59001.94921875,38293.00390625,21285.916015625,85618.578125,69718.84375,64103.37890625,20709.287109375,12573.220703125,20946.96875,13478.138671875,13532.56640625,66300.0,43914.0390625,32171.134765625,50874.046875,8687.0869140625,20291.33203125,26368.373046875,29700.0,15584.5,13067.369140625,60362.078125,41900.0,14204.7822265625,21600.0,104600.0,57845.94140625,17840.45703125,23300.0,1162.53
2024-01-18,17654.455078125,59001.94921875,38824.28515625,21525.08203125,85618.578125,69646.0,64188.6171875,20709.287109375,12543.0693359375,20946.96875,13876.900390625,13658.451171875,66300.0,43914.0390625,32171.134765625,50874.046875,8723.2822265625,20291.33203125,26485.9140625,29700.0,15744.693359375,13138.5810546875,60494.8828125,41900.0,14204.7822265625,21675.0,104600.0,57845.94140625,17840.45703125,23300.0,1169.06
2024-01-19,17895.82421875,60282.4609375,40745.06640625,22276.751953125,85618.578125,70155.9609375,65382.03125,20806.97265625,12633.5244140625,21060.60546875,13876.900390625,13878.748046875,67800.0,45038.79296875,32450.48046875,51716.3359375,8795.6748046875,20335.34765625,26407.5546875,30300.0,15996.42578125,13245.3984375,61490.9609375,43050.0,14549.755859375,21650.0,105000.0,58621.8125,18210.208984375,23850.0,1181.5
2024-01-22,18137.1953125,60282.4609375,40704.1953125,22310.919921875,85338.78125,70228.8125,65041.05078125,20562.759765625,12784.2822265625,21439.39453125,13757.2724609375,13910.2197265625,67700.0,45136.59375,32357.36328125,51295.19140625,8795.6748046875,20467.396484375,26603.455078125,30250.0,15996.42578125,13281.0048828125,61092.53125,43000.0,14549.755859375,21650.0,105600.0,58880.4375,18302.64453125,23900.0,1182.86
2024-01-23,17964.787109375,61070.46484375,40377.25390625,22003.41796875,83566.7109375,69646.0,64870.5703125,20416.232421875,12663.67578125,21477.2734375,13757.2724609375,13815.8056640625,67500.0,44403.0625,32450.48046875,50789.81640625,8759.4794921875,20335.34765625,26485.9140625,30500.0,16225.271484375,13245.3984375,60760.50390625,42350.0,14446.322265625,21550.0,105000.0,58363.1875,18210.208984375,23750.0,1177.5
2024-01-24,17792.37890625,61070.46484375,39968.578125,21866.751953125,83286.9140625,69208.8984375,64614.83984375,20416.232421875,12754.130859375,21401.515625,13797.1474609375,13784.3359375,66200.0,43425.0234375,32264.25,50789.81640625,8831.8720703125,20335.34765625,26642.63671875,30750.0,16133.734375,13031.763671875,60494.8828125,42500.0,14377.3662109375,21575.0,104700.0,58018.35546875,18163.98828125,23950.0,1172.97
2024-01-25,17792.37890625,60676.46484375,39559.90234375,21900.91796875,82074.453125,69281.75,64273.86328125,20416.232421875,12693.8271484375,21401.515625,13916.7763671875,13784.3359375,66800.0,44207.45703125,32124.578125,49526.38671875,8868.0673828125,20335.34765625,26603.455078125,30500.0,16019.3095703125,12924.9462890625,60428.484375,42100.0,14204.9755859375,21400.0,104900.0,57673.5234375,18163.98828125,23800.0,1170.37
2024-01-26,18137.1953125,60873.46484375,40009.44921875,21935.0859375,82913.8515625,69864.5546875,64103.37890625,20953.501953125,12844.5859375,21477.2734375,13916.7763671875,13847.27734375,65800.0,43914.0390625,32124.578125,48262.96484375,8940.4599609375,20335.34765625,26720.99609375,30300.0,16202.3876953125,13031.763671875,61092.53125,42000.0,14342.8876953125,21400.0,105700.0,57759.7265625,18256.427734375,23750.0,1175.67
2024-01-29,17895.82421875,61168.96875,39805.109375,22071.751953125,83846.515625,69864.5546875,65296.78515625,21979.197265625,12904.888671875,21212.12109375,14036.4052734375,13941.6904296875,65600.0,43620.62890625,32310.806640625,48768.3359375,8904.263671875,20247.31640625,26603.455078125,30350.0,16133.734375,12924.9462890625,60561.2890625,41800.0,14342.8876953125,21325.0,105800.0,57759.7265625,18256.427734375,23300.0,1175.69
2024-01-30,17895.82421875,64320.9921875,39600.7734375,22003.41796875,84312.8515625,69646.0,65126.3046875,22418.78125,13176.2529296875,21212.12109375,14156.033203125,13910.2197265625,66100.0,44403.0625,32357.36328125,48178.734375,8904.263671875,20247.31640625,26760.177734375,30700.0,16110.849609375,13031.763671875,60428.484375,42000.0,14411.84375,21350.0,105600.0,57673.5234375,18210.208984375,23400.0,1179.65
2024-01-31,17757.8984375,64320.9921875,38987.7578125,21593.41796875,84312.8515625,69718.84375,64273.86328125,21881.51171875,13146.1015625,21022.7265625,14076.28125,13689.921875,64400.0,44011.84765625,32217.693359375,47420.6796875,8397.517578125,20159.28515625,26956.078125,29900.0,15813.34765625,12711.310546875,58768.359375,41500.0,14308.4091796875,21250.0,104600.0,57759.7265625,17932.89453125,22450.0,1164.31
2024-02-01,17930.3046875,65010.49609375,38619.9453125,21900.91796875,84499.3828125,72778.6171875,64359.10546875,23395.6328125,13146.1015625,21098.484375,14275.662109375,13784.3359375,65100.0,45185.49609375,32217.693359375,48431.421875,8397.517578125,20027.236328125,27151.98046875,29800.0,15630.26953125,12711.310546875,59631.625,41200.0,14239.453125,21175.0,105500.0,58190.765625,17701.80078125,22650.0,1173.02
2024-02-02,18102.712890625,63532.984375,38333.875,21661.75,84592.640625,74308.4921875,64103.37890625,24030.587890625,13477.76953125,21136.36328125,14195.9091796875,13689.921875,65400.0,46359.14453125,32217.693359375,48010.2734375,8288.927734375,20027.236328125,27269.5234375,29900.0,15630.26953125,12462.068359375,59963.64453125,41200.0,13963.6298828125,21050.0,104800.0,58104.5703125,17378.26953125,22300.0,1172.55
2024-02-05,19171.634765625,62547.9765625,39764.2421875,23165.08984375,84685.9140625,75401.265625,64103.37890625,24470.171875,13658.6796875,21212.12109375,14514.91796875,14445.228515625,64900.0,46359.14453125,32171.134765625,48010.2734375,8506.10546875,20247.31640625,27387.0625,30600.0,16248.158203125,12924.9462890625,59764.4296875,41250.0,14618.7119140625,21100.0,105300.0,58621.8125,17748.01953125,21800.0,1186.06
2024-02-06,19206.115234375,62843.48046875,39886.84375,23506.7578125,89162.703125,75838.375,64529.58984375,24616.701171875,13869.7412109375,21250.0,14435.166015625,14508.169921875,64800.0,45967.9296875,32310.806640625,48262.96484375,8361.3212890625,20247.31640625,27426.2421875,30800.0,16316.8115234375,12889.33984375,59432.41015625,41000.0,14756.625,21150.0,104500.0,58276.98046875,17840.45703125,21700.0,1188.48
2024-02-07,19309.560546875,63040.48046875,40009.44921875,24258.427734375,89722.296875,76421.1875,64529.58984375,24763.228515625,14201.408203125,21325.7578125,14475.04296875,14791.41015625,64900.0,45576.7109375,32357.36328125,48684.10546875,8433.712890625,20423.380859375,27504.603515625,31100.0,17072.0078125,13174.1875,59764.4296875,41800.0,14963.4931640625,21200.0,105300.0,58276.98046875,18117.76953125,21900.0,1198.53
2024-02-15,18757.857421875,62744.98046875,40009.44921875,23916.759765625,88976.171875,75765.5234375,64529.58984375,24372.486328125,14261.7109375,21742.423828125,14514.91796875,15200.5341796875,64900.0,44843.1796875,32869.49609375,49189.4765625,8614.693359375,20467.396484375,27504.603515625,31250.0,17575.47265625,13423.4287109375,59698.02734375,41950.0,15239.3193359375,21275.0,104500.0,58276.98046875,18302.64453125,22000.0,1202.5
2024-02-16,19033.708984375,62646.48046875,39682.5078125,24087.59375,89069.4375,76566.890625,65296.78515625,26033.13671875,14050.6494140625,21666.666015625,14315.5380859375,15106.1201171875,66200.0,45283.30078125,32869.49609375,48852.5625,8614.693359375,20467.396484375,27426.2421875,30800.0,17621.2421875,13459.03515625,59498.8125,42700.0,15239.3193359375,21975.0,105300.0,60345.98046875,18348.86328125,22500.0,1209.7
2024-02-19,19102.673828125,63335.984375,40295.51953125,24190.091796875,90095.3671875,76494.03125,67598.3671875,26179.6640625,14080.8017578125,22121.212890625,14116.1572265625,15074.650390625,68900.0,45772.32421875,33754.0859375,48768.3359375,8687.0869140625,20291.33203125,27582.96484375,30700.0,17804.318359375,13387.822265625,59897.2421875,45550.0,15170.361328125,23500.0,105200.0,61983.9453125,18302.64453125,24050.0,1224.97
2024-02-20,18999.228515625,62843.48046875,40377.25390625,24053.42578125,92053.9609375,75984.0703125,67001.6640625,27547.259765625,14231.5595703125,22121.212890625,14156.033203125,15011.70703125,68800.0,45772.32421875,33614.4140625,49357.93359375,8578.498046875,20247.31640625,27661.326171875,30700.0,17804.318359375,13352.216796875,60627.6953125,46150.0,15308.2734375,24250.0,104300.0,61639.1171875,18117.76953125,25500.0,1230.06
2024-02-21,19102.673828125,64813.49609375,40663.33203125,24292.59375,94851.953125,77149.703125,66234.4765625,27498.41796875,14171.255859375,21818.181640625,14156.033203125,15106.1201171875,68000.0,45087.69140625,33288.51171875,48936.79296875,8614.693359375,20203.30078125,27387.0625,31500.0,17850.087890625,13886.3056640625,60561.2890625,45000.0,15377.23046875,23625.0,103200.0,61466.70703125,18256.427734375,26000.0,1230.04
2024-02-22,19068.19140625,64123.98828125,40663.33203125,24395.09375,94385.625,76202.6328125,66404.9609375,27303.046875,13809.4375,21628.787109375,14116.1572265625,15074.650390625,68100.0,44305.2578125,33381.625,48852.5625,8759.4794921875,20247.31640625,27151.98046875,31050.0,18445.091796875,13921.9111328125,59432.41015625,44800.0,15515.142578125,23800.0,103600.0,61725.32421875,18210.208984375,26400.0,1227.31
2024-02-23,18826.822265625,62350.9765625,42502.375,24053.42578125,93266.4296875,75692.671875,65126.3046875,26912.3046875,13568.224609375,21515.15234375,13637.6435546875,15043.1787109375,66700.0,43033.8046875,32683.267578125,48010.2734375,8578.498046875,20247.31640625,26760.177734375,30650.0,18353.552734375,13601.458984375,59033.9765625,43300.0,15170.361328125,22600.0,103800.0,61208.07421875,18025.33203125,25450.0,1212.0
2024-02-26,18964.748046875,62350.9765625,43810.140625,24360.927734375,99795.0703125,78679.578125,64955.8125,28133.373046875,13688.8310546875,21818.181640625,13717.3955078125,15106.1201171875,66700.0,43376.12109375,32776.3828125,47673.359375,8506.10546875,20159.28515625,27504.603515625,30500.0,18857.015625,13637.0654296875,59432.41015625,43350.0,15135.8837890625,22300.0,104500.0,61208.07421875,17794.23828125,26000.0,1224.17
2024-02-27,19033.708984375,62350.9765625,43319.7265625,24702.595703125,104085.328125,78606.7265625,66149.2265625,28231.05859375,13688.8310546875,22992.423828125,13717.3955078125,15263.4755859375,67600.0,43767.3359375,33195.3984375,47420.6796875,8614.693359375,20159.28515625,28131.490234375,30750.0,19200.287109375,13637.0654296875,60494.8828125,44200.0,15135.8837890625,22575.0,103500.0,62070.15234375,17886.677734375,26400.0,1237.46
2024-02-28,19309.560546875,62449.4765625,44055.34375,24565.9296875,103059.3984375,79043.8359375,66490.203125,28231.05859375,13990.3466796875,23181.818359375,13797.1474609375,15357.8896484375,68300.0,44305.2578125,33707.52734375,48599.87890625,8614.693359375,20203.30078125,28288.2109375,31400.0,19314.7109375,14242.365234375,64678.39453125,44400.0,15239.3193359375,22800.0,103400.0,62242.5703125,18395.083984375,27800.0,1254.55
2024-02-29,19309.560546875,62350.9765625,43319.7265625,24292.59375,104458.3984375,79408.09375,65978.734375,27938.0,14050.6494140625,23484.84765625,13637.6435546875,15200.5341796875,70400.0,45185.49609375,33381.625,49273.70703125,8542.3017578125,20159.28515625,28993.458984375,31550.0,19314.7109375,14135.546875,64611.9921875,43400.0,15101.40625,22500.0,103100.0,62070.15234375,18395.083984375,26500.0,1252.73
2024-03-01,19171.634765625,62646.48046875,43728.40625,24326.76171875,106323.7265625,80719.421875,66149.2265625,28475.271484375,14050.6494140625,23371.212890625,13597.7666015625,15106.1201171875,70500.0,45576.7109375,33428.1875,49357.93359375,8614.693359375,20203.30078125,29267.71875,31950.0,19154.517578125,14135.546875,64611.9921875,43950.0,15101.40625,22625.0,103300.0,61639.1171875,18163.98828125,26650.0,1258.28
2024-03-04,19171.634765625,64419.4921875,43728.40625,24600.095703125,104551.6640625,81156.53125,66319.7109375,29110.2265625,14050.6494140625,23333.333984375,13717.3955078125,15232.0048828125,70800.0,46359.14453125,33474.7421875,49105.24609375,8578.498046875,20115.26953125,29110.998046875,31750.0,19154.517578125,13957.517578125,63748.7265625,43950.0,15170.361328125,22625.0,103600.0,62070.15234375,18117.76953125,27000.0,1261.41
2024-03-05,19275.078125,64517.9921875,44464.0234375,24907.595703125,105764.1328125,80646.5703125,67342.640625,29012.541015625,14171.255859375,23598.484375,14076.28125,15483.7734375,75700.0,48902.05078125,33474.7421875,49610.6171875,8578.498046875,20115.26953125,29306.900390625,31900.0,19314.7109375,13815.09375,63416.703125,43650.0,15239.3193359375,22650.0,104400.0,62932.25,18256.427734375,26700.0,1269.98
2024-03-06,19033.708984375,65207.5,44464.0234375,24668.427734375,105391.0625,79480.9453125,68280.3203125,28231.05859375,14141.1044921875,23333.333984375,14235.78515625,15483.7734375,76900.0,47630.6015625,33754.0859375,51632.10546875,8542.3017578125,20027.236328125,29071.81640625,31550.0,19566.443359375,13672.6708984375,63483.109375,43100.0,15101.40625,22650.0,103900.0,61897.7421875,17932.89453125,25850.0,1262.73
2024-03-07,18964.748046875,67965.515625,43564.93359375,24463.427734375,112759.109375,81083.6796875,68536.046875,28426.427734375,13960.1943359375,23484.84765625,14116.1572265625,15357.8896484375,80800.0,47924.01171875,34918.01953125,51042.5078125,8614.693359375,20027.236328125,29541.98046875,31300.0,19497.787109375,13708.275390625,63615.9140625,43200.0,15066.927734375,22800.0,103900.0,62070.15234375,17979.11328125,26000.0,1268.46
2024-03-08,18654.4140625,68261.0234375,41766.7578125,23575.08984375,111360.109375,80136.6171875,67768.859375,28328.7421875,13869.7412109375,22954.544921875,13637.6435546875,14854.3525390625,78500.0,46701.4609375,34266.21484375,50537.13671875,8469.9091796875,19983.220703125,28836.734375,30650.0,18765.478515625,13245.3984375,63151.08203125,42550.0,14860.05859375,22400.0,103700.0,60345.98046875,17563.14453125,25400.0,1247.35
2024-03-11,18447.52734375,66094.0078125,41276.34765625,23335.923828125,110054.3828125,80136.6171875,66319.7109375,28866.01171875,13930.04296875,22651.515625,13199.005859375,14445.228515625,77500.0,45381.10546875,33474.7421875,49947.53515625,8252.732421875,19851.173828125,28484.11328125,30200.0,18490.859375,13174.1875,62487.03515625,42550.0,14687.6689453125,22175.0,103000.0,61393.95703125,17147.17578125,24500.0,1235.49
2024-03-12,18447.52734375,66882.0078125,42502.375,23575.08984375,110893.7734375,81520.7890625,66404.9609375,30868.5625,13839.5888671875,22878.787109375,13438.2626953125,14539.6416015625,78700.0,45723.41796875,33847.19921875,49779.078125,8180.33984375,19851.173828125,28444.931640625,30250.0,18857.015625,13174.1875,62686.25,42700.0,14687.6689453125,22075.0,102500.0,61131.96484375,17147.17578125,25200.0,1245.0
2024-03-13,19068.19140625,68162.5234375,42992.7890625,24019.259765625,118634.890625,85236.21875,67342.640625,31552.357421875,13930.04296875,23333.333984375,13557.8916015625,15011.70703125,80900.0,47483.890625,34545.55859375,50200.22265625,8361.3212890625,19895.189453125,29737.884765625,30850.0,19223.171875,13530.2470703125,63748.7265625,42950.0,15204.841796875,22500.0,102200.0,61830.62109375,17609.36328125,25900.0,1270.51
2024-03-14,18792.337890625,66882.0078125,42257.171875,23540.923828125,119567.5625,85236.21875,69047.5078125,32040.78515625,13839.5888671875,22992.423828125,13358.5107421875,14759.9384765625,78900.0,46212.4375,34778.34765625,49442.16015625,8288.927734375,19895.189453125,29659.521484375,30450.0,18948.556640625,13352.216796875,63084.6796875,42900.0,14963.4931640625,22975.0,102000.0,61568.625,17378.26953125,25900.0,1264.26
2024-03-15,18861.302734375,66488.0078125,42665.84765625,23745.92578125,118448.359375,84507.6953125,70155.6875,33799.12109375,13869.7412109375,22803.03125,13199.005859375,14980.236328125,78500.0,46310.2421875,35057.69140625,48852.5625,8252.732421875,19895.189453125,29620.341796875,30500.0,18948.556640625,13387.822265625,62420.62890625,42400.0,15515.142578125,22200.0,102700.0,60860.9375,17239.61328125,25750.0,1263.78
2024-03-18,18550.97265625,63631.484375,42502.375,22755.087890625,110240.9140625,82322.15625,68365.5703125,31796.572265625,13447.6181640625,22424.2421875,12800.244140625,14602.5830078125,77900.0,44892.0859375,33986.87109375,47757.58984375,8071.7509765625,19763.142578125,28719.193359375,30250.0,18353.552734375,13031.763671875,61756.58203125,42100.0,15342.7529296875,23050.0,101800.0,60064.79296875,16823.642578125,27550.0,1243.56
2024-03-19,18516.48828125,63434.484375,42175.43359375,22755.087890625,110987.0390625,81593.6484375,67939.3515625,31796.572265625,13477.76953125,22575.7578125,12879.99609375,14602.5830078125,77400.0,44500.8671875,34871.46484375,47926.046875,8107.94775390625,19763.142578125,28327.390625,30400.0,18445.091796875,12960.5517578125,61424.5546875,42900.0,15239.3193359375,23500.0,101000.0,59976.3359375,16777.42578125,26750.0,1242.46
2024-03-20,18964.748046875,64025.48828125,43319.7265625,23472.58984375,114531.171875,83414.9296875,69047.5078125,32040.78515625,13628.52734375,22727.2734375,13557.8916015625,15200.5341796875,77300.0,46945.96875,34871.46484375,47926.046875,8216.5361328125,19851.173828125,29150.177734375,31150.0,19360.48046875,13245.3984375,61889.390625,42500.0,16273.6611328125,23250.0,101200.0,60153.25390625,17239.61328125,26350.0,1260.08
2024-03-21,19309.560546875,64714.99609375,43319.7265625,23848.42578125,114717.703125,84653.390625,69047.5078125,32480.3671875,14412.4697265625,22916.666015625,13438.2626953125,15578.1865234375,78000.0,47434.98828125,35802.609375,48178.734375,8288.927734375,19851.173828125,29502.80078125,31500.0,20642.025390625,13352.216796875,63217.48828125,42900.0,16756.353515625,23250.0,102600.0,60507.09375,17332.05078125,26950.0,1276.42
2024-03-22,19413.00390625,64714.99609375,44300.55078125,24395.09375,115277.3046875,83706.3359375,68621.3046875,32480.3671875,14352.166015625,23143.939453125,13398.38671875,15767.013671875,78500.0,48021.81640625,35383.59375,48262.96484375,8361.3212890625,19675.109375,29620.341796875,31650.0,20550.486328125,13352.216796875,64014.34765625,42800.0,16687.3984375,23300.0,102200.0,59976.3359375,17378.26953125,26700.0,1281.8
2024-03-25,18964.748046875,64123.98828125,43319.7265625,23711.7578125,111919.7109375,83050.65625,68536.046875,31161.6171875,14201.408203125,22878.787109375,13199.005859375,15546.7158203125,75500.0,47239.3828125,34824.90234375,48010.2734375,8288.927734375,19455.029296875,29385.26171875,30850.0,20504.716796875,13530.2470703125,63549.515625,42550.0,16515.0078125,23425.0,100700.0,59534.03125,17470.70703125,26050.0,1267.86
2024-03-26,19275.078125,64123.98828125,43319.7265625,24053.42578125,112572.5703125,83779.1875,68791.78125,33115.32421875,14593.37890625,23143.939453125,13438.2626953125,15892.8974609375,74000.0,47581.6953125,35383.59375,47926.046875,8325.125,19631.09375,29777.064453125,31000.0,21031.06640625,13637.0654296875,63947.94140625,42750.0,16790.833984375,23525.0,101900.0,59887.875,18117.76953125,26400.0,1282.21
2024-03-27,19309.560546875,64222.4921875,42911.05078125,24258.427734375,112572.5703125,83924.890625,68450.8125,32626.89453125,14563.2275390625,23181.818359375,13358.5107421875,15924.3671875,75400.0,49586.68359375,35383.59375,48431.421875,8325.125,19543.0625,30168.869140625,30900.0,20847.98828125,13672.6708984375,63615.9140625,42500.0,16687.3984375,23525.0,103000.0,59887.875,18117.76953125,25950.0,1283.09
2024-03-28,19550.931640625,64320.9921875,42992.7890625,24429.259765625,115557.1015625,85309.0625,68450.8125,32284.998046875,14623.53125,23143.939453125,13478.138671875,16050.25390625,76000.0,49880.09375,34964.578125,48178.734375,8397.517578125,19543.0625,30678.212890625,32000.0,21969.33984375,13601.458984375,63549.515625,43300.0,16721.876953125,23800.0,103200.0,59887.875,18163.98828125,25650.0,1290.18
2024-03-29,19654.373046875,63926.98828125,42584.109375,24292.59375,115090.765625,84871.953125,68365.5703125,32382.68359375,14533.076171875,22916.666015625,13996.5283203125,15987.3115234375,74200.0,49977.8984375,34731.7890625,47757.58984375,8252.732421875,19455.029296875,30168.869140625,31600.0,21763.375,13601.458984375,63018.2734375,42850.0,16963.224609375,23825.0,103000.0,59799.41015625,18256.427734375,25850.0,1284.09
2024-04-01,19619.890625,63335.984375,42584.109375,23916.759765625,112199.5078125,85090.515625,68706.5390625,32187.3125,14472.7724609375,22803.03125,13797.1474609375,15672.599609375,73400.0,50271.30859375,34871.46484375,47841.8203125,8288.927734375,19455.029296875,30403.94921875,31400.0,21717.607421875,13352.216796875,63217.48828125,42900.0,16756.353515625,23925.0,102700.0,59268.64453125,18163.98828125,25700.0,1281.52
2024-04-02,19585.41015625,64419.4921875,42420.640625,23916.759765625,114344.640625,85236.21875,70326.171875,34434.07421875,14412.4697265625,23030.302734375,13837.0244140625,15609.658203125,74500.0,50466.91796875,35290.4765625,47504.90625,8252.732421875,19411.013671875,30482.30859375,30200.0,21809.146484375,13423.4287109375,62752.65625,43150.0,16618.44140625,23900.0,103000.0,59534.03125,18071.552734375,25550.0,1287.04
2024-04-03,19309.560546875,63434.484375,41685.0234375,23267.58984375,114158.1015625,83852.03125,69729.46875,33457.22265625,14110.953125,22689.39453125,13757.2724609375,15232.0048828125,73400.0,49097.66015625,35011.1328125,47167.9921875,8144.14404296875,19366.998046875,29816.24609375,30100.0,21420.10546875,13174.1875,62287.8203125,43100.0,16239.18359375,23875.0,102200.0,59003.265625,17886.677734375,25500.0,1271.47
2024-04-04,18999.228515625,62547.9765625,41685.0234375,22925.921875,114344.640625,83050.65625,69473.734375,32333.83984375,14080.8017578125,22424.2421875,13597.7666015625,14980.236328125,73400.0,49586.68359375,34592.1171875,47589.1328125,8107.94775390625,19366.998046875,29502.80078125,29700.0,21053.94921875,13102.9755859375,63748.7265625,43000.0,15997.8359375,23925.0,102200.0,60330.1796875,17840.45703125,25300.0,1268.25
2024-04-05,18723.376953125,61661.47265625,41031.13671875,22686.75390625,111639.9140625,82832.109375,68962.2734375,30770.876953125,14080.8017578125,22310.60546875,13637.6435546875,14696.9970703125,71900.0,49880.09375,34592.1171875,47252.21875,8071.7509765625,19322.982421875,28836.734375,29600.0,20687.794921875,12960.5517578125,63018.2734375,42950.0,15653.0556640625,23900.0,101900.0,60064.79296875,17979.11328125,24700.0,1255.11
2024-04-08,18723.376953125,61070.46484375,41521.5546875,22891.755859375,108189.0546875,82030.7421875,68024.5859375,30966.24609375,14412.4697265625,22424.2421875,13837.0244140625,14791.41015625,71900.0,48902.05078125,34499.00390625,46578.39453125,8035.5546875,19278.966796875,28758.375,29000.0,20825.103515625,12996.158203125,63018.2734375,43000.0,15653.0556640625,23850.0,101100.0,59268.64453125,17932.89453125,23600.0,1250.35
2024-04-09,18826.822265625,60873.46484375,43074.5234375,23404.2578125,109121.71875,82322.15625,68109.8359375,31552.357421875,14442.62109375,22651.515625,14794.0517578125,15106.1201171875,73500.0,51640.56640625,34592.1171875,46325.70703125,8107.94775390625,19278.966796875,29385.26171875,29150.0,20962.412109375,13245.3984375,62619.84375,43200.0,15894.4013671875,23850.0,102200.0,59268.64453125,17886.677734375,24200.0,1262.82
2024-04-10,18688.896484375,60380.9609375,42502.375,22994.25390625,109961.1171875,82904.96875,67513.125,30917.404296875,14442.62109375,22462.12109375,14953.556640625,14980.236328125,72500.0,50858.1328125,34079.984375,46578.39453125,8107.94775390625,19366.998046875,28954.27734375,29100.0,20893.7578125,13067.369140625,62752.65625,44200.0,15790.9677734375,24250.0,102000.0,59091.7265625,17886.677734375,24250.0,1258.56
2024-04-11,18723.376953125,59395.953125,43319.7265625,23028.423828125,111826.4453125,83706.3359375,67172.15625,31161.6171875,14472.7724609375,22651.515625,14594.6708984375,14948.7646484375,71800.0,51151.54296875,33800.640625,46662.62109375,8035.5546875,19411.013671875,29110.998046875,28850.0,20642.025390625,13067.369140625,62420.62890625,44150.0,15790.9677734375,24150.0,101000.0,58914.8046875,17886.677734375,23900.0,1258.2
2024-04-12,19309.560546875,60085.4609375,43646.66796875,24531.76171875,111173.578125,84143.4375,67939.3515625,31259.302734375,14653.6826171875,22689.39453125,15591.5751953125,15515.244140625,71900.0,50858.1328125,34312.7734375,47167.9921875,8180.33984375,19895.189453125,29424.44140625,29100.0,21694.72265625,13316.6103515625,62819.0625,44500.0,16273.6611328125,24225.0,107000.0,59003.265625,18210.208984375,24150.0,1276.6
2024-04-15,18516.48828125,55948.42578125,40622.4609375,22857.587890625,103618.9921875,81302.234375,64785.32421875,29110.2265625,14171.255859375,21590.908203125,14913.6806640625,14728.466796875,66900.0,48804.25,33521.30078125,46325.70703125,8216.5361328125,19675.109375,27387.0625,27500.0,20321.640625,12462.068359375,61092.53125,42400.0,15515.142578125,23500.0,105900.0,57410.97265625,17193.392578125,22500.0,1216.61
2024-04-16,18723.376953125,54766.41796875,41112.87109375,23267.58984375,105857.390625,82322.15625,64785.32421875,29647.494140625,14171.255859375,21477.2734375,15511.8212890625,15043.1787109375,66100.0,48804.25,33474.7421875,46157.25,8325.125,19499.046875,27582.96484375,27300.0,20825.103515625,12533.2802734375,60428.484375,42700.0,15549.6201171875,23200.0,106000.0,56614.828125,17332.05078125,22200.0,1215.68
2024-04-17,18447.52734375,53485.91015625,39314.69921875,22345.0859375,103618.9921875,81447.9296875,64018.125,27986.84375,13869.7412109375,21212.12109375,16030.212890625,14539.6416015625,66800.0,48315.2265625,32869.49609375,45483.421875,8035.5546875,19543.0625,26956.078125,26800.0,20527.6015625,12106.009765625,60096.45703125,41800.0,15418.3642578125,22500.0,103400.0,56791.75,16777.42578125,22000.0,1193.01
2024-04-19,18344.08203125,50826.38671875,39519.03515625,21593.41796875,100727.7421875,79408.09375,63932.890625,27449.57421875,13417.4658203125,21060.60546875,16030.212890625,14287.873046875,66500.0,47141.578125,32264.25,44219.9921875,8071.7509765625,19455.029296875,26015.75,26800.0,20367.408203125,11821.1630859375,60096.45703125,41500.0,15131.5107421875,21300.0,103300.0,56791.75,16731.20703125,21300.0,1174.85
2024-04-22,18482.0078125,51909.8984375,40949.40234375,22071.751953125,102593.0703125,80355.1640625,63932.890625,28035.685546875,13507.9208984375,21212.12109375,16189.716796875,14224.9306640625,66900.0,47532.79296875,32264.25,44809.59375,8144.14404296875,19499.046875,27504.603515625,27650.0,20710.6796875,12462.068359375,60162.86328125,41450.0,15203.2236328125,21000.0,103300.0,56614.828125,16916.08203125,22400.0,1190.22
2024-04-23,18378.5625,49742.87890625,40377.25390625,21525.08203125,102593.0703125,81812.203125,63250.9375,26961.1484375,13387.314453125,20909.091796875,16349.220703125,13847.27734375,64700.0,48706.4453125,32590.150390625,44641.13671875,7926.966796875,19366.998046875,27034.439453125,27800.0,21145.490234375,12284.0400390625,59830.8359375,40200.0,15059.796875,20500.0,102800.0,56172.5234375,17008.517578125,21900.0,1177.4
2024-04-24,18654.4140625,51515.89453125,40867.66796875,22515.919921875,108468.8515625,87494.6015625,63591.91796875,28817.16796875,13507.9208984375,21818.181640625,16787.859375,14193.458984375,66900.0,51151.54296875,32822.9375,45146.5078125,8107.94775390625,19455.029296875,27935.587890625,28600.0,21511.64453125,12818.1279296875,60162.86328125,40600.0,15346.6513671875,20800.0,103500.0,56614.828125,17193.392578125,22550.0,1205.61
2024-04-25,18482.0078125,51712.89453125,40540.7265625,22550.087890625,108282.3203125,89753.0,63080.4453125,28719.484375,13568.224609375,21628.787109375,16588.478515625,14004.6328125,68100.0,52618.609375,32683.267578125,45820.33203125,8035.5546875,19366.998046875,27700.5078125,28450.0,21122.603515625,12782.5224609375,60428.484375,40700.0,15167.3671875,21000.0,103500.0,57234.0546875,17193.392578125,22550.0,1204.97
2024-04-26,18516.48828125,51614.39453125,40213.78515625,22413.419921875,110800.515625,89753.0,62654.23046875,29305.595703125,14231.5595703125,21515.15234375,16668.23046875,14004.6328125,67200.0,53694.453125,33241.95703125,45820.33203125,8288.927734375,19366.998046875,27582.96484375,28200.0,21328.568359375,12746.9169921875,60561.2890625,40800.0,15131.5107421875,22225.0,104000.0,57499.4375,17147.17578125,22450.0,1209.52
2024-05-02,18619.93359375,53190.40625,40213.78515625,22105.91796875,112106.2421875,92739.9140625,62995.203125,29305.595703125,14261.7109375,21477.2734375,16349.220703125,14099.044921875,68000.0,54379.08203125,33335.0703125,47673.359375,8469.9091796875,19322.982421875,27191.16015625,27600.0,21442.990234375,12568.88671875,61026.125,41150.0,15346.6513671875,22200.0,103900.0,57853.27734375,16916.08203125,22750.0,1216.36
2024-05-03,18964.748046875,52993.40625,40213.78515625,22140.0859375,110987.0390625,91719.9921875,63250.9375,28719.484375,14744.13671875,21704.544921875,16109.9658203125,14099.044921875,69800.0,54476.88671875,33521.30078125,47757.58984375,8397.517578125,19278.966796875,27151.98046875,27550.0,22060.87890625,12462.068359375,61424.5546875,41100.0,15203.2236328125,22225.0,106000.0,58030.19921875,17008.517578125,23400.0,1221.03
2024-05-06,19033.708984375,54273.9140625,41276.34765625,22686.75390625,114251.375,92958.46875,63762.3984375,30477.818359375,14653.6826171875,22196.96875,16189.716796875,14413.7568359375,71100.0,57019.79296875,34173.1015625,48010.2734375,8506.10546875,19366.998046875,27935.587890625,28100.0,22129.53125,12675.705078125,61756.58203125,41150.0,15561.791015625,22375.0,113400.0,58207.125,17332.05078125,23350.0,1241.58
2024-05-07,19068.19140625,53978.4140625,40867.66796875,22413.419921875,114251.375,95653.9609375,65041.05078125,30722.033203125,14653.6826171875,22840.908203125,16269.4697265625,14319.34375,71200.0,57997.83203125,36035.39453125,48599.87890625,8433.712890625,19411.013671875,27857.2265625,28300.0,21923.5703125,12640.0986328125,61690.17578125,41050.0,15561.791015625,22500.0,118600.0,60153.25390625,17378.26953125,23350.0,1248.63
2024-05-08,18999.228515625,53682.91015625,40704.1953125,22276.751953125,115184.03125,95435.4140625,65978.734375,30966.24609375,14533.076171875,23257.576171875,16189.716796875,14193.458984375,72300.0,57802.2265625,37245.88671875,49610.6171875,8614.693359375,19278.966796875,27935.587890625,27950.0,22060.87890625,12640.0986328125,61756.58203125,40900.0,15454.220703125,22700.0,117400.0,60064.79296875,17147.17578125,23200.0,1250.46
2024-05-09,19033.708984375,57130.4375,40458.9921875,22481.75390625,116396.5,94925.46875,64870.5703125,31015.08984375,14291.86328125,23068.181640625,15950.4599609375,14256.400390625,71400.0,57606.6171875,37432.1171875,48515.65234375,8506.10546875,19322.982421875,27582.96484375,27800.0,22175.302734375,12924.9462890625,61424.5546875,40950.0,15490.0771484375,22700.0,117900.0,58914.8046875,17332.05078125,22850.0,1248.64
2024-05-10,19102.673828125,56145.4296875,40091.18359375,22447.587890625,115463.8359375,95435.4140625,64359.10546875,30917.404296875,14291.86328125,23068.181640625,16030.212890625,14224.9306640625,70800.0,57606.6171875,37339.00390625,48515.65234375,8397.517578125,19146.91796875,27778.865234375,27600.0,22198.185546875,12889.33984375,61092.53125,40350.0,15454.220703125,22500.0,116900.0,58826.34375,17100.95703125,22500.0,1244.7
2024-05-13,19102.673828125,55357.421875,39723.375,22071.751953125,114344.640625,94488.3515625,64103.37890625,31259.302734375,14020.498046875,22878.787109375,15870.7080078125,14256.400390625,70800.0,57019.79296875,37106.21484375,47926.046875,8433.712890625,19146.91796875,27896.40625,27250.0,22152.41796875,12818.1279296875,60428.484375,40100.0,15310.7939453125,22500.0,118800.0,58207.125,17378.26953125,22250.0,1240.18
2024-05-14,19137.15234375,57524.4375,39314.69921875,22071.751953125,115930.1640625,95071.1640625,64103.37890625,31747.728515625,14050.6494140625,22878.787109375,16030.212890625,14382.28515625,70600.0,58780.265625,36283.78515625,48094.5078125,8397.517578125,19102.90234375,27818.046875,27250.0,21923.5703125,12818.1279296875,60162.86328125,40150.0,15597.6474609375,23025.0,117000.0,58826.34375,17655.58203125,22250.0,1243.28
2024-05-15,19102.673828125,57721.44140625,39723.375,22105.91796875,117608.9609375,97693.8125,64359.10546875,31991.94140625,14171.255859375,23636.36328125,16428.974609375,14413.7568359375,72200.0,59464.8984375,36961.08203125,48515.65234375,8397.517578125,19146.91796875,28170.669921875,27800.0,22015.109375,12782.5224609375,60428.484375,40250.0,15669.3603515625,23175.0,117300.0,59268.64453125,17609.36328125,22350.0,1254.39
2024-05-16,19481.966796875,57228.9375,40540.7265625,22686.75390625,117515.6953125,98640.890625,64700.078125,31796.572265625,14593.37890625,23939.39453125,17545.5078125,14728.466796875,72400.0,58584.66015625,36961.08203125,48431.421875,8578.498046875,19455.029296875,28288.2109375,28400.0,22838.958984375,13067.369140625,61490.9609375,40250.0,15992.0703125,23375.0,117500.0,59445.5703125,17932.89453125,22650.0,1268.78
2024-05-20,19481.966796875,61956.97265625,40540.7265625,22789.255859375,116209.9609375,96892.4453125,64785.32421875,32822.265625,14985.349609375,24242.423828125,18343.029296875,14759.9384765625,76400.0,58682.46484375,36767.56640625,48684.10546875,8578.498046875,19366.998046875,28719.193359375,28300.0,22747.419921875,13138.5810546875,61026.125,40450.0,16135.4970703125,23350.0,114600.0,58737.8828125,18302.64453125,22850.0,1277.58
2024-05-21,19447.486328125,63335.984375,40867.66796875,22994.25390625,117515.6953125,99077.9921875,65382.03125,32578.052734375,14894.89453125,24128.787109375,18183.525390625,14854.3525390625,75800.0,59171.48046875,36283.78515625,48852.5625,8578.498046875,19322.982421875,28836.734375,28300.0,22990.96875,13067.369140625,60494.8828125,40200.0,16207.2109375,23225.0,112500.0,58560.9609375,18302.64453125,23150.0,1277.14
2024-05-22,19275.078125,62153.9765625,40704.1953125,22550.087890625,117422.4296875,100535.0234375,65296.78515625,32040.78515625,14683.833984375,23712.12109375,18542.41015625,14602.5830078125,73900.0,59660.50390625,36477.296875,48431.421875,8433.712890625,19278.966796875,28562.474609375,28000.0,22601.291015625,12924.9462890625,60229.265625,40350.0,15920.3564453125,22750.0,109100.0,58207.125,17815.873046875,23150.0,1266.91
2024-05-23,19619.890625,63237.484375,40458.9921875,22720.921875,119007.9609375,100170.765625,68109.8359375,32626.89453125,14894.89453125,24583.333984375,18582.287109375,14836.1875,75800.0,60638.54296875,38992.97265625,50115.99609375,8506.10546875,19322.982421875,28758.375,28550.0,22650.0,13031.763671875,60428.484375,40550.0,15956.21484375,22775.0,111400.0,59268.64453125,18010.58203125,23000.0,1281.03
2024-05-24,20171.59375,60577.9609375,40213.78515625,22208.419921875,118448.359375,96091.0859375,67342.640625,33457.22265625,14593.37890625,24083.333984375,18741.791015625,14608.439453125,73500.0,59171.48046875,39670.26953125,48852.5625,8361.3212890625,19234.951171875,27622.14453125,28700.0,22601.291015625,12640.0986328125,59897.2421875,39800.0,15776.9296875,22475.0,108000.0,58384.0390625,17523.80859375,22300.0,1261.93
2024-05-27,20309.521484375,61168.96875,39968.578125,22140.0859375,117795.4921875,96746.75,69047.5078125,34434.07421875,14352.166015625,24083.333984375,18701.9140625,14608.439453125,73500.0,58682.46484375,39960.5390625,49273.70703125,8397.517578125,19058.88671875,27504.603515625,28700.0,22650.0,12604.4931640625,59897.2421875,39800.0,15776.9296875,22525.0,109000.0,58472.50390625,17523.80859375,22300.0,1267.68
2024-05-28,20447.447265625,61759.97265625,40132.05078125,22003.41796875,118355.09375,99806.5078125,69814.7109375,34775.9765625,14563.2275390625,24291.666015625,19977.951171875,14706.0458984375,75500.0,60149.5234375,40202.43359375,51379.41796875,8469.9091796875,19058.88671875,27896.40625,28850.0,22844.83984375,12711.310546875,60229.265625,39950.0,15992.0703125,22525.0,109600.0,59091.7265625,17572.486328125,22450.0,1281.73
2024-05-29,20171.59375,60971.96484375,39723.375,21627.583984375,118075.296875,98859.4375,70070.4453125,34092.17578125,14141.1044921875,23833.333984375,20735.59765625,14510.8330078125,75000.0,59171.48046875,40154.0546875,50958.27734375,8361.3212890625,19014.87109375,27582.96484375,28250.0,22650.0,12604.4931640625,59631.625,39450.0,15705.2177734375,22200.0,107900.0,58649.42578125,17572.486328125,22150.0,1272.64
2024-05-30,20275.037109375,60085.4609375,38987.7578125,21730.083984375,116583.03125,98349.46875,69132.765625,35166.71484375,13930.04296875,23541.666015625,20775.474609375,14218.013671875,77200.0,61420.9765625,40008.91796875,49947.53515625,8252.732421875,18926.83984375,27308.701171875,27850.0,22796.12890625,12604.4931640625,58834.765625,39000.0,15776.9296875,21575.0,107000.0,58118.66015625,17475.1328125,21600.0,1266.32
2024-05-31,20470.0078125,59888.45703125,38497.34375,21798.416015625,117515.6953125,98058.0703125,68280.3203125,34336.390625,14020.498046875,23833.333984375,20576.09375,14152.9423828125,76600.0,62203.41015625,39670.26953125,49105.24609375,8252.732421875,18926.83984375,27191.16015625,27850.0,22893.548828125,12568.88671875,57905.09375,38850.0,15597.6474609375,21775.0,107100.0,57853.27734375,17523.80859375,21750.0,1261.72
2024-06-03,20594.5703125,62055.47265625,38660.81640625,22276.751953125,116956.1015625,99733.65625,68536.046875,34189.859375,14472.7724609375,24166.666015625,20576.09375,14706.0458984375,77700.0,62594.625,40154.0546875,50031.76171875,8433.712890625,19014.87109375,27739.685546875,29750.0,22966.61328125,12853.734375,58569.14453125,39300.0,15992.0703125,21975.0,108700.0,58472.50390625,17815.873046875,22300.0,1280.0
2024-06-04,20345.443359375,61365.96875,38906.01953125,22413.419921875,115650.3671875,101336.3984375,68877.03125,34287.546875,14442.62109375,24416.666015625,20576.09375,14640.9755859375,77500.0,62399.01953125,40347.56640625,51716.3359375,8361.3212890625,19014.87109375,27739.685546875,29950.0,23185.806640625,12853.734375,58901.171875,39400.0,16063.783203125,22050.0,108400.0,58384.0390625,17718.517578125,22100.0,1283.52
2024-06-05,20220.87890625,62646.48046875,38946.88671875,22140.0859375,114717.703125,102064.8984375,68706.5390625,34336.390625,14291.86328125,24375.0,20536.216796875,14445.76171875,78100.0,60638.54296875,40492.703125,55253.9375,8361.3212890625,19102.90234375,27739.685546875,29600.0,23137.09765625,12818.1279296875,58967.5703125,39300.0,16063.783203125,22100.0,108000.0,60595.55859375,17621.1640625,22500.0,1284.35
2024-06-06,20220.87890625,63631.484375,39151.2265625,22276.751953125,112759.109375,101700.640625,68450.8125,33994.4921875,14291.86328125,24416.666015625,20815.3515625,14543.3681640625,78100.0,60540.7421875,40541.08203125,55169.70703125,8578.498046875,19102.90234375,27739.685546875,30700.0,23380.646484375,12996.158203125,59100.3828125,39050.0,16063.783203125,21850.0,108600.0,59445.5703125,17621.1640625,22500.0,1283.56
2024-06-07,20428.486328125,63631.484375,39028.62109375,22413.419921875,113598.5,103449.078125,68450.8125,34189.859375,14291.86328125,24416.666015625,20855.2265625,14608.439453125,77600.0,60736.34765625,40154.0546875,57191.19140625,8542.3017578125,19058.88671875,27778.865234375,30750.0,23916.453125,12889.33984375,58768.359375,39000.0,16063.783203125,21750.0,109000.0,59976.3359375,17523.80859375,22200.0,1287.58
2024-06-10,20262.400390625,62350.9765625,38946.88671875,22891.755859375,113318.7109375,104906.109375,68450.8125,35362.0859375,14412.4697265625,24416.666015625,20934.978515625,14738.5810546875,77100.0,61616.5859375,40589.4609375,57022.734375,8506.10546875,19058.88671875,27700.5078125,31100.0,23819.033203125,13067.369140625,58436.33203125,38900.0,16171.353515625,21725.0,109000.0,59445.5703125,17572.486328125,22100.0,1290.67
2024-06-11,20054.794921875,61956.97265625,38701.6796875,22686.75390625,113785.0390625,106727.3984375,68450.8125,34775.9765625,14201.408203125,24250.0,20496.33984375,14673.509765625,75800.0,60931.95703125,41798.91796875,56938.50390625,8433.712890625,18970.85546875,28053.12890625,31200.0,24038.2265625,12960.5517578125,57905.09375,38150.0,16422.349609375,21600.0,105800.0,58826.34375,17815.873046875,21700.0,1284.41
2024-06-12,20386.96484375,63237.484375,39151.2265625,22891.755859375,114904.234375,111595.9375,68536.046875,34922.50390625,14472.7724609375,24666.666015625,20815.3515625,15031.4013671875,77800.0,62007.80078125,41702.16015625,56433.1328125,8542.3017578125,19014.87109375,28680.013671875,31350.0,24062.58203125,13138.5810546875,58901.171875,38500.0,16458.20703125,21650.0,106300.0,59268.64453125,18886.771484375,21850.0,1300.19
2024-06-13,20594.5703125,63434.484375,39519.03515625,23165.08984375,114997.5,109905.0859375,68365.5703125,34531.7578125,14533.076171875,24583.333984375,21214.111328125,15324.220703125,78600.0,62594.625,40831.3515625,55253.9375,8687.0869140625,19102.90234375,28601.65234375,31650.0,24062.58203125,13530.2470703125,58701.953125,38250.0,16422.349609375,21600.0,106000.0,59180.1875,18935.44921875,21700.0,1301.51
2024-06-14,20428.486328125,61858.47265625,38824.28515625,22413.419921875,113505.234375,110750.515625,67342.640625,32236.154296875,14442.62109375,24250.0,21931.8828125,15031.4013671875,78000.0,61616.5859375,39186.484375,53400.90625,8469.9091796875,19366.998046875,28288.2109375,30550.0,23916.453125,13281.0048828125,58104.3125,38200.0,16135.4970703125,21000.0,104800.0,58560.9609375,18205.291015625,21450.0,1279.91
2024-06-17,20386.96484375,60971.96484375,38006.93359375,22379.251953125,113318.7109375,108890.578125,66149.2265625,32578.052734375,14201.408203125,24541.666015625,21692.626953125,15129.0068359375,76200.0,60638.54296875,38605.9453125,53569.36328125,8433.712890625,19719.125,28131.490234375,30500.0,23672.904296875,13209.7939453125,57838.69140625,38300.0,15812.7880859375,21000.0,104800.0,58384.0390625,18253.96875,21150.0,1274.77
2024-06-18,20386.96484375,61661.47265625,38006.93359375,22105.91796875,121246.3515625,108214.2421875,66490.203125,33164.16796875,14291.86328125,24500.0,21612.873046875,15129.0068359375,76200.0,60834.15234375,39670.26953125,53569.36328125,8397.517578125,19983.220703125,28288.2109375,30550.0,23770.322265625,13245.3984375,57838.69140625,38300.0,15812.7880859375,21050.0,104600.0,58295.578125,18107.935546875,21100.0,1279.5
2024-06-19,20470.0078125,61759.97265625,37679.98828125,22208.419921875,119567.5625,111173.21875,66660.6875,32822.265625,14291.86328125,24458.333984375,21572.99609375,15161.54296875,75600.0,61909.99609375,40154.0546875,52221.70703125,8397.517578125,20159.28515625,28366.5703125,30900.0,23526.775390625,13209.7939453125,57506.6640625,38000.0,15776.9296875,20750.0,103300.0,57764.81640625,18497.353515625,20650.0,1279.79
2024-06-20,20594.5703125,63040.48046875,37189.578125,22003.41796875,121246.3515625,112694.984375,66490.203125,33213.01171875,14231.5595703125,24458.333984375,21572.99609375,15129.0068359375,75800.0,62105.609375,39960.5390625,52305.93359375,8397.517578125,20467.396484375,28131.490234375,30750.0,24160.0,13453.0537109375,57108.234375,38000.0,15776.9296875,20725.0,103800.0,58384.0390625,19178.8359375,20250.0,1282.3
2024-06-21,20386.96484375,63040.48046875,37271.3125,22003.41796875,122925.1484375,115062.171875,66404.9609375,33750.27734375,13960.1943359375,24208.333984375,22968.6640625,15096.4716796875,76200.0,62105.609375,40928.109375,51800.5625,8361.3212890625,20907.5546875,27818.046875,30650.0,23867.7421875,13342.48046875,57108.234375,37750.0,15633.50390625,20825.0,102500.0,58384.0390625,19081.48046875,20000.0,1282.02
2024-06-24,20013.2734375,60971.96484375,36780.90234375,21627.583984375,116209.9609375,111680.4765625,65211.54296875,32236.154296875,13477.76953125,23916.666015625,22530.025390625,14738.5810546875,73700.0,60638.54296875,39428.37890625,51800.5625,8180.33984375,19895.189453125,27112.80078125,29500.0,23331.935546875,12826.47265625,56776.2109375,37450.0,15274.9375,20550.0,101600.0,57941.73828125,18351.322265625,19950.0,1254.12
2024-06-25,19971.751953125,62055.47265625,36127.01953125,21593.41796875,116303.234375,109905.0859375,65041.05078125,32822.265625,13628.52734375,23916.666015625,22609.77734375,14706.0458984375,73900.0,60638.54296875,39670.26953125,51042.5078125,8252.732421875,18618.728515625,27073.619140625,29600.0,23380.646484375,12937.0458984375,56776.2109375,37800.0,15274.9375,20600.0,101600.0,57941.73828125,18497.353515625,21300.0,1256.56
2024-06-26,20013.2734375,65010.49609375,36372.2265625,21388.416015625,116583.03125,111426.84375,65211.54296875,35117.875,13688.8310546875,24083.333984375,22928.787109375,14640.9755859375,74000.0,61225.37109375,41024.86328125,50537.13671875,8216.5361328125,18618.728515625,26956.078125,29500.0,23380.646484375,12937.0458984375,56576.99609375,37500.0,15239.0810546875,20600.0,101600.0,57676.359375,18497.353515625,20800.0,1261.24
2024-06-27,19888.7109375,64222.4921875,36045.28515625,21388.416015625,115463.8359375,112272.265625,65211.54296875,35166.71484375,13839.5888671875,24041.666015625,22849.033203125,14640.9755859375,74500.0,62007.80078125,39960.5390625,51042.5078125,8180.33984375,18310.6171875,26877.71875,29200.0,22844.83984375,12863.3310546875,56576.99609375,37600.0,15167.3671875,20500.0,102000.0,57764.81640625,18497.353515625,20400.0,1259.09
2024-06-28,19764.14453125,62843.48046875,35350.53125,21183.4140625,114251.375,110327.7890625,65296.78515625,33408.37890625,13869.7412109375,23583.333984375,22490.1484375,14445.76171875,74700.0,61514.890625,39573.51171875,50537.13671875,8252.732421875,18310.6171875,26603.455078125,28800.0,22747.419921875,12679.04296875,56576.99609375,37650.0,15059.796875,20600.0,101500.0,57941.73828125,18156.61328125,20450.0,1245.32
2024-07-01,19764.14453125,62153.9765625,35881.8125,21866.751953125,113785.0390625,108721.4921875,66234.4765625,33506.06640625,13930.04296875,23625.0,22250.892578125,14608.439453125,76000.0,64866.6640625,39476.7578125,51295.19140625,8397.517578125,18354.6328125,26564.275390625,29300.0,22065.484375,12789.615234375,57174.640625,37700.0,15203.2236328125,20675.0,100700.0,58384.0390625,18497.353515625,21850.0,1254.56
2024-07-02,19971.751953125,62843.48046875,37393.91796875,22071.751953125,114997.5,108214.2421875,66660.6875,33799.12109375,14533.076171875,23916.666015625,23606.6796875,14771.1171875,76300.0,65063.828125,40008.91796875,51547.87890625,8506.10546875,18398.6484375,26916.8984375,29600.0,22309.033203125,12863.3310546875,58569.14453125,38150.0,15346.6513671875,20800.0,101000.0,58560.9609375,18448.677734375,21700.0,1269.79
2024-07-03,20137.837890625,62941.98046875,38579.08203125,22105.91796875,116396.5,110750.515625,66660.6875,33799.12109375,14774.2880859375,23958.333984375,24085.1953125,14901.2587890625,76500.0,64570.921875,40492.703125,51800.5625,8506.10546875,18442.6640625,26995.259765625,29900.0,22893.548828125,12937.0458984375,58768.359375,38100.0,15310.7939453125,20675.0,101200.0,58560.9609375,18497.353515625,21300.0,1276.85
2024-07-04,20054.794921875,62843.48046875,38660.81640625,22071.751953125,116583.03125,114808.5390625,66660.6875,34189.859375,14804.439453125,23916.666015625,25002.34765625,14836.1875,76800.0,64176.59375,42476.21484375,51379.41796875,8469.9091796875,18398.6484375,26956.078125,29900.0,22893.548828125,13010.76171875,58436.33203125,38450.0,15239.0810546875,20700.0,101200.0,58737.8828125,18546.03125,21250.0,1279.89
2024-07-05,20179.359375,63040.48046875,38660.81640625,22345.0859375,116583.03125,117260.28125,67001.6640625,34287.546875,14713.9853515625,23875.0,25680.240234375,14836.1875,76700.0,64669.50390625,42524.59375,50508.58203125,8506.10546875,18398.6484375,27151.98046875,30100.0,22893.548828125,13047.619140625,58436.33203125,38450.0,15203.2236328125,20700.0,101600.0,59445.5703125,18643.38671875,20800.0,1283.04
2024-07-08,20137.837890625,63631.484375,38415.609375,22276.751953125,118728.15625,118021.1484375,67086.90625,35655.140625,14713.9853515625,24000.0,25720.1171875,14771.1171875,76200.0,66049.640625,44991.890625,49115.2421875,8469.9091796875,18354.6328125,27073.619140625,30150.0,22844.83984375,13084.4775390625,57905.09375,38000.0,15274.9375,20200.0,101300.0,59799.41015625,18546.03125,20300.0,1283.56
2024-07-09,20179.359375,65700.0,38824.28515625,22345.0859375,119381.0234375,116245.765625,67342.640625,37120.421875,15226.5625,24166.666015625,25480.859375,15063.9365234375,76500.0,65852.484375,44508.109375,49899.0,8542.3017578125,18398.6484375,27151.98046875,30350.0,22747.419921875,13195.05078125,58502.73828125,38300.0,15346.6513671875,20400.0,101400.0,59710.953125,18886.771484375,20500.0,1293.71
2024-07-10,20137.837890625,64320.9921875,38333.875,22140.0859375,117982.03125,113286.7890625,66916.421875,36143.56640625,15045.6533203125,24125.0,24882.716796875,15161.54296875,76800.0,64275.17578125,45040.26953125,49115.2421875,8578.498046875,18398.6484375,26916.8984375,29850.0,22552.58203125,13158.1923828125,58834.765625,38250.0,15310.7939453125,20300.0,101000.0,59091.7265625,18692.0625,20550.0,1285.94
2024-07-11,20054.794921875,63729.98828125,38252.140625,22003.41796875,117702.2265625,112441.359375,66660.6875,36094.72265625,15256.71484375,24041.666015625,24922.59375,15031.4013671875,75800.0,63880.8515625,45282.16015625,49028.16015625,8578.498046875,18398.6484375,27269.5234375,29850.0,22211.61328125,13195.05078125,58502.73828125,38450.0,15274.9375,20550.0,101000.0,58649.42578125,18546.03125,20700.0,1283.8
2024-07-12,19930.23046875,64025.48828125,38088.66796875,21866.751953125,117049.3671875,113117.6953125,66490.203125,37022.73828125,15517.7734375,23750.0,24922.59375,14966.330078125,74800.0,63880.8515625,44798.37890625,48766.90625,8578.498046875,18310.6171875,26995.259765625,29750.0,22211.61328125,13231.908203125,58170.7109375,38500.0,15274.9375,20875.0,102000.0,58649.42578125,18497.353515625,20750.0,1280.75
2024-07-15,19888.7109375,66192.5078125,38047.80078125,21935.0859375,116956.1015625,112187.734375,66745.9375,37608.84765625,15678.4130859375,23708.333984375,25042.22265625,14998.865234375,74500.0,63387.94140625,46443.2421875,48592.7421875,8650.890625,18310.6171875,26877.71875,29750.0,22065.484375,13010.76171875,58104.3125,38000.0,15274.9375,20675.0,104200.0,58560.9609375,18302.64453125,20350.0,1279.82
2024-07-16,20013.2734375,67473.015625,38538.2109375,22208.419921875,116956.1015625,113286.7890625,66745.9375,37315.79296875,15903.3076171875,23708.333984375,25201.7265625,15324.220703125,74000.0,63190.77734375,45572.43359375,48592.7421875,8614.693359375,18310.6171875,26956.078125,29900.0,22114.193359375,13158.1923828125,58369.9296875,37900.0,15274.9375,20525.0,105500.0,58472.50390625,18497.353515625,20200.0,1281.18
2024-07-17,20345.443359375,66389.5078125,39232.9609375,22550.087890625,115463.8359375,111511.3828125,66490.203125,34727.1328125,16192.458984375,23500.0,25520.736328125,15942.39453125,71800.0,62599.2890625,43540.5390625,47025.234375,8578.498046875,18310.6171875,26760.177734375,30400.0,23088.38671875,13158.1923828125,58436.33203125,37300.0,15490.0771484375,20300.0,105500.0,58118.66015625,18497.353515625,19750.0,1268.66
2024-07-18,20594.5703125,66980.5078125,39641.63671875,22857.587890625,114717.703125,108129.6953125,66575.4453125,35215.55859375,16128.203125,23666.666015625,25440.984375,16202.6787109375,71200.0,64078.01171875,45959.4609375,47286.484375,8752.1259765625,18486.6796875,26916.8984375,30600.0,23088.38671875,13268.7646484375,58436.33203125,37450.0,15454.220703125,20275.0,105700.0,58295.578125,18546.03125,20150.0,1274.44
2024-07-19,20843.701171875,66783.5078125,38987.7578125,22823.421875,113132.1796875,106523.390625,66319.7109375,33701.43359375,16031.8193359375,23500.0,25680.240234375,16528.033203125,71000.0,64669.50390625,45378.91796875,48070.23828125,8637.4697265625,18530.6953125,27269.5234375,30300.0,22796.12890625,13563.626953125,58104.3125,37850.0,15382.5068359375,20375.0,105600.0,57764.81640625,18302.64453125,19900.0,1264.78
2024-07-22,20553.048828125,66685.0078125,38987.7578125,22994.25390625,106323.7265625,104917.0859375,65637.765625,31991.94140625,16256.71484375,23375.0,25321.35546875,16397.892578125,72200.0,64373.7578125,44846.7578125,48505.66015625,8561.0322265625,18618.728515625,27151.98046875,30000.0,23039.677734375,13711.056640625,58237.1171875,37900.0,15310.7939453125,20375.0,105300.0,57853.27734375,18302.64453125,20050.0,1254.64
2024-07-23,19930.23046875,65700.0,37598.25390625,22140.0859375,101100.8046875,106100.6796875,65467.27734375,29891.708984375,16096.0751953125,23166.666015625,25321.35546875,15551.96875,71000.0,61613.47265625,44024.32421875,47634.81640625,8408.15625,18882.82421875,26525.095703125,29000.0,22455.162109375,13084.4775390625,58104.3125,37850.0,15131.5107421875,20425.0,106000.0,58295.578125,17913.2265625,20050.0,1231.81
2024-07-24,20096.31640625,65897.0,37679.98828125,22003.41796875,102593.0703125,106523.390625,65637.765625,31943.099609375,16096.0751953125,23083.333984375,24882.716796875,15584.5048828125,71500.0,60529.078125,44991.890625,47547.734375,8484.59375,19322.982421875,25780.66796875,29200.0,22406.453125,13231.908203125,58104.3125,37850.0,15059.796875,20450.0,107900.0,58030.19921875,18010.58203125,20150.0,1238.47
2024-07-25,19971.751953125,68064.0234375,37598.25390625,21559.25,103525.7265625,105677.96875,65467.27734375,32236.154296875,16096.0751953125,22791.666015625,24244.69921875,15584.5048828125,71000.0,60134.75,44846.7578125,47025.234375,8446.375,19278.966796875,24997.0625,28800.0,22162.904296875,13121.3349609375,57971.5,37800.0,14916.37109375,20800.0,107900.0,58030.19921875,17864.55078125,19700.0,1233.19
2024-07-26,20013.2734375,71413.046875,37802.59375,21900.91796875,105577.59375,108214.2421875,65808.25,32333.83984375,16128.203125,22875.0,23447.17578125,15812.2529296875,74000.0,60134.75,46249.73046875,47896.0703125,8484.59375,19322.982421875,25153.783203125,29100.0,22162.904296875,13158.1923828125,57971.5,37750.0,14988.083984375,20800.0,107800.0,58207.125,17913.2265625,19300.0,1242.11
2024-07-29,20054.794921875,72201.0546875,38497.34375,21935.0859375,105391.0625,109059.6640625,65637.765625,32724.580078125,16224.5869140625,23250.0,23766.185546875,15682.1103515625,74000.0,61120.56640625,46249.73046875,47808.984375,8446.375,19322.982421875,25232.14453125,29100.0,22162.904296875,13342.48046875,57971.5,37100.0,14988.083984375,20800.0,106200.0,59445.5703125,17913.2265625,18950.0,1246.6
2024-07-30,20054.794921875,72201.0546875,38252.140625,21866.751953125,104831.4609375,108214.2421875,65808.25,32480.3671875,16256.71484375,23250.0,23526.9296875,15942.39453125,74600.0,62106.3828125,45572.43359375,47721.90234375,8484.59375,19278.966796875,25036.2421875,28900.0,22357.7421875,13268.7646484375,58104.3125,36700.0,14772.9443359375,21100.0,105400.0,59887.875,18059.259765625,18750.0,1245.06
2024-07-31,20386.96484375,71905.546875,38906.01953125,21866.751953125,104458.3984375,108721.4921875,68109.8359375,32236.154296875,16899.2734375,22666.666015625,23247.794921875,15877.32421875,74100.0,62895.03515625,44411.3515625,48244.40625,8522.8125,19190.935546875,24918.701171875,29000.0,22650.0,13379.337890625,59233.19140625,36700.0,15203.2236328125,21150.0,105900.0,63337.84765625,18497.353515625,18600.0,1251.51
2024-08-01,19888.7109375,66882.0078125,38252.140625,21490.916015625,98862.40625,105508.8828125,67257.3984375,30673.189453125,16577.994140625,22250.0,23128.16796875,15226.61328125,71800.0,61219.1484375,43830.8125,47896.0703125,8331.71875,19322.982421875,23743.291015625,28050.0,22406.453125,13047.619140625,60229.265625,36450.0,14844.6572265625,21050.0,104200.0,62187.8515625,18059.259765625,18200.0,1226.96
2024-08-02,19888.7109375,67768.515625,39028.62109375,21559.25,99888.3359375,104156.203125,67257.3984375,31601.201171875,16770.76171875,22708.333984375,22729.40625,15486.8974609375,72200.0,62007.80078125,45959.4609375,47983.15625,8293.5,19895.189453125,24487.716796875,28400.0,22893.548828125,13084.4775390625,58901.171875,36000.0,15131.5107421875,21000.0,104800.0,63249.38671875,18253.96875,17950.0,1236.6
2024-08-05,19265.888671875,66488.0078125,37679.98828125,20602.578125,94385.625,100267.2578125,65211.54296875,29403.28125,15742.66796875,21625.0,21612.873046875,14933.7939453125,70500.0,60726.23828125,44024.32421875,45283.55859375,7873.09228515625,19278.966796875,23194.765625,27200.0,21724.517578125,12384.1806640625,57705.87890625,34500.0,14521.947265625,20650.0,99900.0,61391.69921875,17669.841796875,16800.0,1188.07
2024-08-06,19515.017578125,69935.53125,38211.26953125,20875.9140625,98862.40625,102127.1875,65893.4921875,30624.34765625,15967.5634765625,21916.666015625,22211.015625,15226.61328125,73200.0,61416.3125,45475.67578125,46415.64453125,8025.96728515625,19366.998046875,23978.373046875,28400.0,21724.517578125,12789.615234375,57971.5,34800.0,14916.37109375,20650.0,100500.0,64310.9140625,17864.55078125,17000.0,1210.28
2024-08-07,19431.974609375,70920.5390625,37925.19921875,20636.74609375,98862.40625,103141.6953125,67683.6171875,31796.572265625,15967.5634765625,21708.333984375,22530.025390625,15194.0791015625,73000.0,61416.3125,46249.73046875,46067.3125,8025.96728515625,19014.87109375,23978.373046875,28400.0,21237.419921875,12568.4697265625,58237.1171875,37200.0,14808.80078125,21175.0,99300.0,65283.9765625,17523.80859375,18000.0,1215.88
2024-08-08,19307.41015625,70428.0390625,37598.25390625,20636.74609375,96997.0859375,102634.4375,69644.2265625,31161.6171875,16031.8193359375,21333.333984375,22609.77734375,14998.865234375,74500.0,61514.890625,46007.8359375,45980.22265625,7949.52978515625,19014.87109375,23508.20703125,28250.0,20311.935546875,12457.896484375,57971.5,37600.0,14808.80078125,20900.0,99300.0,64310.9140625,17377.77734375,17650.0,1208.32
2024-08-09,19598.05859375,70428.0390625,38170.40234375,21525.08203125,99328.7421875,107284.2734375,69558.984375,31747.728515625,16385.2265625,21708.333984375,22649.65234375,15259.1494140625,75200.0,64669.50390625,46443.2421875,46676.8984375,8025.96728515625,19102.90234375,24526.8984375,28850.0,20555.484375,12605.3271484375,58237.1171875,37200.0,14988.083984375,20600.0,100900.0,64841.6640625,17523.80859375,17500.0,1223.64
2024-08-12,19764.14453125,70132.5390625,38252.140625,21661.75,101287.3359375,109905.0859375,70326.171875,32431.525390625,16417.353515625,21541.666015625,22809.158203125,15421.8271484375,75200.0,65655.3203125,47265.67578125,47025.234375,8025.96728515625,19146.91796875,25075.421875,29200.0,20701.61328125,12715.900390625,58303.5234375,36500.0,14916.37109375,20300.0,101100.0,64576.28515625,17669.841796875,17400.0,1230.28
2024-08-13,19598.05859375,70132.5390625,38129.53515625,21764.25,101660.40625,109651.4609375,69473.734375,32333.83984375,16674.376953125,21166.666015625,22968.6640625,15356.755859375,74800.0,65753.8984375,47265.67578125,47286.484375,8025.96728515625,18750.775390625,24840.33984375,29150.0,20458.064453125,12715.900390625,59432.41015625,36350.0,14737.0869140625,20350.0,102800.0,65283.9765625,17669.841796875,17450.0,1230.42
2024-08-14,19556.5390625,70920.5390625,38456.4765625,21730.083984375,100354.671875,109482.3671875,69899.9609375,32626.89453125,16642.25,21208.333984375,22968.6640625,15226.61328125,76500.0,65655.3203125,47604.32421875,48505.66015625,7987.748046875,19014.87109375,24605.2578125,29200.0,20652.904296875,12679.04296875,58436.33203125,37200.0,14772.9443359375,20400.0,102500.0,65460.89453125,17523.80859375,18000.0,1230.36
2024-08-15,19515.017578125,69738.53125,38129.53515625,21764.25,99328.7421875,108806.0390625,69218.0078125,31894.2578125,16802.888671875,21000.0,23447.17578125,15129.0068359375,75000.0,64965.24609375,47410.8125,48505.66015625,7949.52978515625,18970.85546875,24213.455078125,28950.0,20604.193359375,12605.3271484375,58170.7109375,37850.0,14916.37109375,20400.0,102800.0,65283.9765625,17523.80859375,17800.0,1223.56
2024-08-16,19930.23046875,71216.046875,38824.28515625,22208.419921875,103339.1953125,110412.34375,70411.421875,33750.27734375,17381.19140625,21333.333984375,24603.5859375,15649.5751953125,77300.0,68021.2734375,48958.91796875,49028.16015625,8102.4052734375,21600.0,25623.947265625,29350.0,20896.451171875,12900.1884765625,58502.73828125,38400.0,15167.3671875,20575.0,105000.0,65283.9765625,17913.2265625,18300.0,1252.23
2024-08-19,19971.751953125,71413.046875,39151.2265625,22310.919921875,103432.4609375,110327.7890625,72031.046875,33945.6484375,17349.0625,21541.666015625,25121.974609375,15649.5751953125,77800.0,68021.2734375,48765.40625,50334.4140625,8102.4052734375,19014.87109375,25388.865234375,29650.0,21334.83984375,12900.1884765625,58967.5703125,38600.0,15418.3642578125,20575.0,105000.0,67230.109375,17961.904296875,18300.0,1261.62
2024-08-20,20013.2734375,71413.046875,40172.91796875,22686.75390625,104458.3984375,111173.21875,72031.046875,34287.546875,17220.55078125,21500.0,24882.716796875,15779.716796875,77600.0,68514.1796875,47846.21484375,50508.58203125,8140.62451171875,19014.87109375,25584.767578125,29650.0,21286.12890625,12937.0458984375,60295.671875,39400.0,15346.6513671875,20850.0,105400.0,66876.265625,18107.935546875,18750.0,1272.55
2024-08-21,20262.400390625,70920.5390625,41358.08203125,23370.091796875,105204.5234375,112864.0625,72457.2734375,34434.07421875,17413.318359375,21791.666015625,25161.8515625,16105.072265625,77500.0,68809.9296875,47217.296875,49986.08203125,8178.8427734375,19058.88671875,25898.208984375,29950.0,21432.2578125,13195.05078125,61623.76953125,39750.0,15310.7939453125,20925.0,104900.0,66610.8828125,18253.96875,18900.0,1284.05
2024-08-22,20262.400390625,70920.5390625,41112.87109375,23643.42578125,105391.0625,113117.6953125,72031.046875,33994.4921875,17413.318359375,21458.333984375,25281.478515625,15877.32421875,78000.0,69007.09375,47410.8125,49637.7421875,8140.62451171875,19983.220703125,25937.390625,29900.0,21773.2265625,13268.7646484375,61358.1484375,39800.0,15438.443359375,20775.0,104500.0,65637.8125,18253.96875,19700.0,1282.78
2024-08-23,20303.921875,71314.546875,41276.34765625,23882.591796875,105297.796875,112525.8984375,72201.546875,34629.4453125,17413.318359375,21708.333984375,25121.974609375,15974.9306640625,77900.0,69007.09375,47410.8125,49550.66015625,8140.62451171875,20000.0,26329.193359375,29950.0,21821.935546875,13195.05078125,61358.1484375,39750.0,15438.443359375,20775.0,104500.0,66257.046875,18253.96875,19500.0,1285.32
2024-08-26,20303.921875,69837.03125,41031.13671875,23643.42578125,103525.7265625,111173.21875,71775.3203125,34238.703125,17413.318359375,21666.666015625,25121.974609375,15909.859375,76200.0,68809.9296875,46975.40625,49376.4921875,8102.4052734375,19850.0,26603.455078125,29750.0,21919.35546875,13121.3349609375,61092.53125,40500.0,15396.4912109375,21075.0,104500.0,64930.12890625,18497.353515625,19850.0,1280.02
2024-08-27,20303.921875,69837.03125,40540.7265625,23814.2578125,103525.7265625,112018.640625,71178.609375,34238.703125,17413.318359375,21458.333984375,24962.470703125,15877.32421875,76200.0,68809.9296875,46975.40625,49376.4921875,8102.4052734375,19400.0,26172.47265625,29750.0,21919.35546875,13084.4775390625,60760.50390625,40500.0,15354.5390625,22550.0,104500.0,64930.12890625,18497.353515625,19850.0,1280.56
2024-08-28,20345.443359375,68458.0234375,40540.7265625,23848.42578125,102593.0703125,112694.984375,71434.34375,34824.81640625,17381.19140625,21416.666015625,25042.22265625,16040.0009765625,77100.0,68415.6015625,47797.8359375,49986.08203125,8102.4052734375,19250.0,26681.81640625,29550.0,22406.453125,13084.4775390625,60494.8828125,40900.0,15354.5390625,22200.0,103800.0,65372.43359375,18448.677734375,19500.0,1281.44
2024-08-29,20470.0078125,70428.0390625,40295.51953125,23916.759765625,103805.53125,113033.15625,71093.3671875,34482.91796875,17573.958984375,21333.333984375,25121.974609375,16170.142578125,76900.0,68119.859375,47217.296875,49986.08203125,8064.1865234375,19150.0,26603.455078125,30450.0,22406.453125,13158.1923828125,60760.50390625,41500.0,15354.5390625,22100.0,104700.0,65018.59765625,18448.677734375,19250.0,1281.47
2024-08-30,20594.5703125,70920.5390625,39968.578125,23950.92578125,106043.921875,113963.1171875,71008.125,34531.7578125,17798.853515625,21250.0,25042.22265625,16170.142578125,76500.0,68809.9296875,47023.78515625,50073.1640625,8064.1865234375,19200.0,26407.5546875,30550.0,22747.419921875,13195.05078125,60893.31640625,41500.0,15396.4912109375,22100.0,105300.0,65372.43359375,18448.677734375,19200.0,1283.87
2024-09-04,20470.0078125,70920.5390625,40009.44921875,24121.759765625,107442.921875,112441.359375,71519.5859375,33896.8046875,17413.318359375,21041.666015625,24603.5859375,15877.32421875,75300.0,68119.859375,45475.67578125,49811.9140625,7949.52978515625,18500.0,25976.5703125,30100.0,22406.453125,13010.76171875,60428.484375,42500.0,15270.634765625,22000.0,104300.0,65726.28125,18010.58203125,19700.0,1275.8
2024-09-05,20345.443359375,70822.0390625,39805.109375,23916.759765625,106043.921875,110412.34375,71008.125,33115.32421875,17316.935546875,20875.0,24563.708984375,15584.5048828125,74100.0,66936.875,44556.484375,49637.7421875,7949.52978515625,18500.0,25937.390625,29600.0,22211.61328125,12973.904296875,59830.8359375,43750.0,15228.6826171875,22525.0,103800.0,66080.125,17815.873046875,19700.0,1268.21
2024-09-06,20428.486328125,70920.5390625,40295.51953125,24258.427734375,106323.7265625,111680.4765625,71690.078125,33701.43359375,17188.423828125,21166.666015625,24763.08984375,15617.0390625,76000.0,67035.4609375,45427.296875,49376.4921875,7911.310546875,18000.0,26172.47265625,29900.0,22211.61328125,13047.619140625,59897.2421875,43900.0,15186.73046875,22325.0,103800.0,66699.34375,17961.904296875,20100.0,1273.96
2024-09-09,20303.921875,70132.5390625,40091.18359375,24224.26171875,105857.390625,111004.1328125,72201.546875,33701.43359375,17027.78515625,21333.333984375,24563.708984375,15584.5048828125,75400.0,66542.5546875,44943.51171875,48941.078125,7911.310546875,18100.0,25780.66796875,29500.0,22065.484375,12973.904296875,59897.2421875,43000.0,15018.919921875,21850.0,103000.0,66168.5859375,17864.55078125,20100.0,1267.73
2024-09-10,20137.837890625,70428.0390625,39641.63671875,23882.591796875,105391.0625,109905.0859375,71690.078125,33310.6953125,16899.2734375,20958.333984375,24683.3359375,15454.3623046875,75200.0,66838.296875,44895.13671875,48157.32421875,7873.09228515625,17000.0,25388.865234375,29200.0,21675.806640625,13121.3349609375,59100.3828125,42800.0,15018.919921875,21500.0,104200.0,66257.046875,17669.841796875,19200.0,1255.23
2024-09-11,20054.794921875,70329.5390625,39478.16796875,23882.591796875,105297.796875,110412.34375,71263.859375,33310.6953125,16931.400390625,21125.0,24563.708984375,15551.96875,75100.0,66838.296875,44314.59375,48244.40625,7873.09228515625,16000.0,25467.2265625,29600.0,21529.677734375,13158.1923828125,58701.953125,43000.0,14976.96875,21500.0,105000.0,65991.65625,17767.1953125,19100.0,1253.27
2024-09-12,20303.921875,70329.5390625,39519.03515625,23916.759765625,105857.390625,111849.5546875,71263.859375,33750.27734375,16835.017578125,20916.666015625,24483.955078125,15617.0390625,75100.0,66542.5546875,43927.56640625,48244.40625,7911.310546875,15050.0,25271.32421875,29700.0,21724.517578125,13379.337890625,59432.41015625,43100.0,15228.6826171875,21450.0,105300.0,66080.125,18010.58203125,19000.0,1256.35
2024-09-13,20262.400390625,69837.03125,39396.43359375,23848.42578125,105857.390625,112441.359375,69871.3359375,33799.12109375,16963.529296875,20833.333984375,24284.57421875,15551.96875,74200.0,66246.8046875,44314.59375,48853.98828125,7873.09228515625,15250.0,25310.50390625,29800.0,21627.09765625,13379.337890625,59698.02734375,43000.0,15102.8251953125,21450.0,104800.0,64487.82421875,17961.904296875,19300.0,1251.71
2024-09-16,20054.794921875,69246.03125,39028.62109375,23677.591796875,104551.6640625,110835.0546875,68272.6640625,34092.17578125,16835.017578125,20708.333984375,24085.1953125,15551.96875,72900.0,65162.41015625,43540.5390625,48592.7421875,7834.873046875,15250.0,25153.783203125,29550.0,21627.09765625,13268.7646484375,59033.9765625,41750.0,15102.8251953125,21025.0,104000.0,63603.22265625,17864.55078125,18900.0,1239.26
2024-09-17,20345.443359375,70329.5390625,39805.109375,23882.591796875,106137.1875,112356.8125,68366.703125,34775.9765625,17092.0390625,21041.666015625,24483.955078125,15779.716796875,74500.0,65852.484375,43540.5390625,49202.32421875,7949.52978515625,15450.0,25623.947265625,29850.0,22162.904296875,13379.337890625,60096.45703125,44000.0,15228.6826171875,21450.0,105000.0,64930.12890625,18156.61328125,19400.0,1258.95
2024-09-18,20470.0078125,70329.5390625,40091.18359375,24395.09375,105950.65625,113794.0234375,68742.859375,34727.1328125,17156.294921875,20916.666015625,24404.205078125,15877.32421875,74400.0,67232.625,43540.5390625,48853.98828125,7911.310546875,15600.0,26172.47265625,30250.0,22406.453125,13453.0537109375,60428.484375,43900.0,15312.5859375,21325.0,105100.0,64841.6640625,18156.61328125,19150.0,1264.9
2024-09-19,20594.5703125,70822.0390625,40254.65625,24600.095703125,106883.328125,114301.2890625,69024.9765625,34873.66015625,17252.6796875,21041.666015625,24483.955078125,15877.32421875,74400.0,67232.625,43879.1875,49202.32421875,7911.310546875,16650.0,26329.193359375,30500.0,22601.291015625,13453.0537109375,60760.50390625,44150.0,15354.5390625,21450.0,105100.0,64841.6640625,18253.96875,19450.0,1271.27
2024-09-20,21300.43359375,70231.0390625,40091.18359375,24600.095703125,107536.1875,114385.828125,68742.859375,34775.9765625,17381.19140625,21375.0,24882.716796875,16105.072265625,74700.0,67035.4609375,44508.109375,49986.08203125,7987.748046875,16550.0,26329.193359375,30850.0,22942.2578125,13342.48046875,60162.86328125,43750.0,15480.396484375,21150.0,105200.0,64310.9140625,18448.677734375,19500.0,1272.04
2024-09-23,21300.43359375,70428.0390625,39805.109375,24531.76171875,107256.3828125,113286.7890625,68648.8203125,34727.1328125,17349.0625,21416.666015625,25042.22265625,16137.6083984375,74400.0,66345.390625,43782.43359375,49986.08203125,7911.310546875,15950.0,25939.130859375,30800.0,22747.419921875,13489.9111328125,60362.078125,43650.0,15522.3486328125,21175.0,105000.0,64487.82421875,18497.353515625,19000.0,1268.48
2024-09-24,21424.998046875,70920.5390625,40254.65625,24634.26171875,107722.71875,113709.4921875,69307.09375,35313.2421875,17349.0625,21541.666015625,25281.478515625,16430.427734375,74800.0,67134.0390625,43734.0546875,50073.1640625,7987.748046875,16500.0,25939.130859375,31850.0,22942.2578125,13622.599609375,60561.2890625,44250.0,16025.7763671875,21275.0,105100.0,64350.515625,18692.0625,19050.0,1276.99
2024-09-25,21757.16796875,71413.046875,40867.66796875,24600.095703125,107722.71875,113963.1171875,69401.1328125,35166.71484375,17509.703125,21833.333984375,25361.232421875,16755.783203125,75500.0,67725.53125,43927.56640625,49986.08203125,8064.1865234375,16650.0,26768.013671875,32700.0,23185.806640625,13799.515625,61623.76953125,44150.0,16319.4423828125,21300.0,104600.0,63709.765625,18935.44921875,19100.0,1287.48
2024-09-26,21591.08203125,70920.5390625,40867.66796875,24873.4296875,107349.65625,113540.40625,69589.21875,35557.45703125,18184.388671875,21708.333984375,25600.48828125,16723.248046875,76100.0,67331.203125,44121.08203125,50595.66796875,8217.0615234375,17000.0,26816.771484375,32750.0,23478.064453125,14728.3291015625,61424.5546875,44400.0,16277.48828125,21300.0,105100.0,64716.66796875,19081.48046875,19200.0,1291.49
2024-09-27,21508.0390625,70231.0390625,40949.40234375,25283.431640625,107256.3828125,113455.859375,69119.0234375,35166.71484375,18184.388671875,21708.333984375,25680.240234375,16723.248046875,75900.0,66542.5546875,43492.16015625,50944.00390625,8408.15625,17000.0,26914.28515625,33600.0,23575.484375,14949.4755859375,61424.5546875,43400.0,16235.537109375,21250.0,105100.0,64991.27734375,19227.513671875,19400.0,1290.92
2024-09-30,21383.4765625,69147.53125,40622.4609375,25249.263671875,107722.71875,113709.4921875,68836.8984375,34922.50390625,18120.1328125,21958.333984375,25480.859375,16723.248046875,75700.0,67134.0390625,43056.7578125,50334.4140625,8408.15625,17050.0,27206.83203125,33350.0,23575.484375,15214.8505859375,61092.53125,42800.0,16193.5849609375,21000.0,105000.0,64167.44921875,19568.25390625,19100.0,1287.94
2024-10-01,21383.4765625,69246.03125,40622.4609375,24941.763671875,108189.0546875,114893.0859375,68648.8203125,35166.71484375,17991.62109375,22291.666015625,25281.478515625,16690.7109375,76600.0,66838.296875,43056.7578125,50334.4140625,8446.375,17450.0,27109.31640625,33500.0,24013.87109375,15126.392578125,61092.53125,43450.0,16613.109375,21150.0,105300.0,64167.44921875,19373.544921875,19400.0,1292.2
2024-10-02,21424.998046875,68458.0234375,40704.1953125,24600.095703125,108189.0546875,114470.3828125,68554.78125,35313.2421875,17702.470703125,21916.666015625,25082.09765625,16723.248046875,76000.0,66443.96875,43492.16015625,49550.66015625,8331.71875,17550.0,26914.28515625,33550.0,24257.419921875,15480.2255859375,61557.36328125,43400.0,16403.345703125,21025.0,105000.0,64167.44921875,19178.8359375,19150.0,1287.84
2024-10-03,21341.955078125,68064.0234375,40458.9921875,24736.76171875,106883.328125,113286.7890625,68178.625,34727.1328125,17766.7265625,21833.333984375,25002.34765625,16593.10546875,76000.0,65359.57421875,42960.0,49463.578125,8369.9375,17800.0,26865.529296875,33750.0,23721.61328125,15480.2255859375,61490.9609375,41600.0,16151.6328125,20675.0,105500.0,64350.515625,19470.8984375,18650.0,1278.1
2024-10-04,21092.828125,66882.0078125,40213.78515625,24326.76171875,105857.390625,113371.3203125,68930.9375,34092.17578125,17541.830078125,21833.333984375,25121.974609375,16332.8203125,75600.0,65458.15625,43637.296875,49289.40625,8293.5,17500.0,26621.740234375,33100.0,23429.35546875,15259.0810546875,61291.7421875,41500.0,16151.6328125,20500.0,105300.0,62702.85546875,19470.8984375,18300.0,1270.6
2024-10-07,21134.349609375,67374.515625,40091.18359375,24463.427734375,106323.7265625,113371.3203125,68554.78125,33994.4921875,17252.6796875,22000.0,25321.35546875,16397.892578125,74800.0,65359.57421875,43492.16015625,49376.4921875,8293.5,17100.0,26914.28515625,33800.0,23526.775390625,15480.2255859375,61092.53125,41200.0,16109.6806640625,20425.0,105000.0,61421.33984375,19470.8984375,18250.0,1269.93
2024-10-08,21175.869140625,67670.015625,39968.578125,24429.259765625,106230.453125,113117.6953125,68272.6640625,34238.703125,17477.57421875,22458.333984375,26557.515625,16397.892578125,75200.0,64275.17578125,43201.890625,49028.16015625,8217.0615234375,17100.0,26719.255859375,33700.0,23770.322265625,15524.455078125,60760.50390625,41600.0,16109.6806640625,20450.0,104800.0,62428.2421875,19568.25390625,18350.0,1271.98
2024-10-09,21798.689453125,67374.515625,40418.125,24668.427734375,107256.3828125,114470.3828125,68366.703125,34824.81640625,17349.0625,22916.666015625,26796.7734375,16658.17578125,77000.0,63289.359375,42960.0,49115.2421875,8255.2802734375,17500.0,26621.740234375,34150.0,24013.87109375,15568.6845703125,60428.484375,42500.0,16109.6806640625,20800.0,105600.0,62062.09375,19714.28515625,18500.0,1281.85
2024-10-10,21757.16796875,67276.015625,40663.33203125,24702.595703125,108002.5234375,119796.5390625,68930.9375,34824.81640625,17638.21484375,22708.333984375,26557.515625,16593.10546875,80000.0,64078.01171875,43056.7578125,50247.33203125,8217.0615234375,17500.0,26865.529296875,33600.0,23916.453125,15435.99609375,61026.125,42150.0,16025.7763671875,20700.0,106000.0,61970.5546875,20006.349609375,18450.0,1286.36
2024-10-11,21674.125,67276.015625,40377.25390625,24770.927734375,107722.71875,118021.1484375,68836.8984375,34678.28515625,17573.958984375,22750.0,26198.630859375,16625.640625,81100.0,63585.10546875,43250.26953125,50073.1640625,8255.2802734375,17600.0,26768.013671875,33800.0,23819.033203125,15480.2255859375,60760.50390625,43600.0,16025.7763671875,20900.0,108900.0,61970.5546875,20152.380859375,19000.0,1288.39
2024-10-14,21549.560546875,67276.015625,40377.25390625,24634.26171875,108375.578125,116330.296875,68554.78125,35459.76953125,17349.0625,22541.666015625,25879.623046875,16820.853515625,80300.0,62697.87109375,43008.37890625,49811.9140625,8255.2802734375,17400.0,26963.04296875,33900.0,23721.61328125,15435.99609375,60694.1015625,45350.0,15983.822265625,21075.0,107300.0,61512.87109375,20103.703125,19150.0,1286.34
2024-10-15,21466.51953125,66783.5078125,40867.66796875,24702.595703125,107629.453125,115823.0625,68366.703125,34922.50390625,17445.447265625,22625.0,25680.240234375,16690.7109375,80800.0,63486.5234375,41460.26953125,49724.83203125,8255.2802734375,17400.0,26572.982421875,33700.0,23624.193359375,15435.99609375,60694.1015625,44650.0,16109.6806640625,20825.0,105900.0,61146.7265625,20298.412109375,18800.0,1281.08
2024-10-16,21383.4765625,66783.5078125,40745.06640625,24805.09765625,107442.921875,115231.25,67708.4296875,35264.40234375,17381.19140625,22583.333984375,25321.35546875,16593.10546875,80400.0,64570.921875,40492.703125,50334.4140625,8217.0615234375,16700.0,26426.708984375,33600.0,23575.484375,15480.2255859375,60760.50390625,45000.0,16067.728515625,20750.0,105800.0,61787.484375,20298.412109375,18700.0,1279.48
2024-10-17,21715.646484375,66488.0078125,41112.87109375,24975.9296875,106883.328125,115823.0625,67238.2265625,35166.71484375,17092.0390625,22708.333984375,25600.48828125,16853.388671875,81000.0,64866.6640625,40879.73046875,49899.0,8255.2802734375,16750.0,26768.013671875,34600.0,23721.61328125,15834.060546875,61225.34375,45100.0,16235.537109375,20775.0,105300.0,61879.0234375,20347.08984375,18750.0,1286.52
2024-10-18,21674.125,66488.0078125,41112.87109375,24770.927734375,106323.7265625,115823.0625,67426.3046875,35020.1875,17349.0625,22458.333984375,25799.869140625,16755.783203125,80400.0,64768.08203125,40976.484375,49986.08203125,8293.5,16700.0,26670.498046875,35550.0,23819.033203125,15745.6015625,61358.1484375,45250.0,16361.39453125,20900.0,106500.0,61695.94921875,20006.349609375,18750.0,1285.46
2024-10-21,21424.998046875,65503.0,40581.59375,24258.427734375,105391.0625,114554.9140625,67426.3046875,34385.23046875,17316.935546875,22291.666015625,25680.240234375,16625.640625,80200.0,64866.6640625,40250.8125,49289.40625,8255.2802734375,16700.0,26231.677734375,35250.0,23526.775390625,15480.2255859375,61092.53125,47800.0,16109.6806640625,21125.0,105600.0,61604.41015625,20103.703125,19100.0,1279.77
2024-10-22,21092.828125,64025.48828125,39845.9765625,23916.759765625,103618.9921875,112525.8984375,66956.109375,32968.796875,17349.0625,22208.333984375,25281.478515625,16430.427734375,78900.0,65359.57421875,40444.32421875,48766.90625,8178.8427734375,16700.0,26036.646484375,35000.0,23575.484375,15303.310546875,60694.1015625,48250.0,15732.1103515625,21100.0,104200.0,61604.41015625,20055.025390625,18600.0,1269.89
2024-10-23,21092.828125,64616.4921875,39559.90234375,23950.92578125,103525.7265625,113455.859375,66673.9921875,32724.580078125,17316.935546875,22041.666015625,25401.107421875,16430.427734375,79400.0,64768.08203125,40928.109375,48766.90625,8140.62451171875,16650.0,26231.677734375,35800.0,23575.484375,15612.9140625,60760.50390625,47000.0,15690.15625,21600.0,104400.0,61604.41015625,19908.994140625,18650.0,1270.9
2024-10-24,20760.65625,64813.49609375,39232.9609375,23814.2578125,103059.3984375,113540.40625,66768.03125,32138.470703125,17284.806640625,22041.666015625,25361.232421875,16072.537109375,78500.0,64472.33984375,40395.9453125,48679.82421875,8064.1865234375,16650.0,26134.162109375,33400.0,23039.677734375,15082.1640625,60893.31640625,43850.0,15522.3486328125,21025.0,104200.0,62611.3203125,19470.8984375,18150.0,1257.41
2024-10-25,20677.61328125,64616.4921875,38824.28515625,23643.42578125,101753.671875,113286.7890625,66673.9921875,31503.515625,17284.806640625,22041.666015625,25600.48828125,16040.0009765625,77200.0,64570.921875,40202.43359375,48331.48828125,7949.52978515625,16650.0,26036.646484375,33450.0,22893.548828125,15082.1640625,60959.72265625,43850.0,15312.5859375,20775.0,104200.0,62245.1640625,19568.25390625,18150.0,1252.72
2024-10-28,20885.220703125,64419.4921875,38824.28515625,23711.7578125,103059.3984375,114047.6640625,66485.90625,31747.728515625,17124.16796875,22291.666015625,25680.240234375,16137.6083984375,77900.0,64570.921875,40637.8359375,48331.48828125,7987.748046875,16650.0,26134.162109375,33750.0,23039.677734375,15214.8505859375,61092.53125,42700.0,15312.5859375,20725.0,103600.0,61512.87109375,19568.25390625,18100.0,1254.77
2024-10-29,20926.7421875,65798.5,38865.15234375,23882.591796875,104644.921875,114470.3828125,66579.953125,32187.3125,17541.830078125,22541.666015625,25759.9921875,16267.7509765625,78000.0,65556.734375,40541.08203125,48244.40625,8025.96728515625,16600.0,26036.646484375,34050.0,23137.09765625,15126.392578125,61092.53125,42750.0,15732.1103515625,20675.0,103900.0,61329.80078125,19714.28515625,18150.0,1261.78
2024-10-30,20843.701171875,65798.5,38987.7578125,23745.92578125,104644.921875,114893.0859375,66391.875,32187.3125,17477.57421875,22500.0,25959.373046875,16267.7509765625,78000.0,65556.734375,40541.08203125,48244.40625,8025.96728515625,16600.0,26036.646484375,34050.0,23137.09765625,15259.0810546875,60893.31640625,42750.0,15941.8701171875,20500.0,103900.0,61329.80078125,19714.28515625,18150.0,1258.63
2024-10-31,21092.828125,66094.0078125,39028.62109375,24395.09375,104738.1953125,114893.0859375,66297.8359375,32138.470703125,17284.806640625,22416.666015625,26278.3828125,16300.28515625,76600.0,65556.734375,39767.02734375,48070.23828125,8102.4052734375,16550.0,25939.130859375,35200.0,23283.2265625,15303.310546875,62155.0078125,41500.0,15899.9189453125,20775.0,105000.0,60505.96875,19908.994140625,17850.0,1264.48
2024-11-01,20677.61328125,65700.0,39028.62109375,24326.76171875,103898.796875,113794.0234375,66015.7109375,31552.357421875,17059.912109375,22125.0,26158.75390625,16007.4658203125,74500.0,65063.828125,39283.2421875,48157.32421875,8064.1865234375,16950.0,25549.068359375,35000.0,23088.38671875,15082.1640625,62088.6015625,41500.0,15816.0146484375,20600.0,104700.0,60231.3515625,19616.931640625,17750.0,1254.89
2024-11-04,20553.048828125,65800.0,38987.7578125,24395.09375,103059.3984375,112272.265625,65733.59375,30819.71875,16738.6328125,21916.666015625,25799.869140625,15909.859375,73200.0,64176.59375,38605.9453125,48331.48828125,7987.748046875,16700.0,25597.826171875,34900.0,22844.83984375,14639.87109375,61424.5546875,41500.0,15522.3486328125,20600.0,104000.0,60048.28125,19178.8359375,17700.0,1244.71
2024-11-05,20553.048828125,65800.0,38742.55078125,23950.92578125,103059.3984375,112103.1875,65451.4765625,30819.71875,16738.6328125,22083.333984375,25839.74609375,15909.859375,73200.0,64176.59375,38605.9453125,48331.48828125,8064.1865234375,16700.0,25597.826171875,34900.0,22844.83984375,14639.87109375,61490.9609375,41500.0,15522.3486328125,20650.0,104000.0,60048.28125,19178.8359375,17700.0,1245.76
2024-11-06,20843.701171875,67400.0,39273.828125,24531.76171875,104178.6015625,113794.0234375,65921.671875,32968.796875,16963.529296875,22458.333984375,25959.373046875,16170.142578125,74200.0,64669.50390625,38847.8359375,48592.7421875,8140.62451171875,16900.0,25792.857421875,35500.0,23283.2265625,14993.705078125,61690.17578125,41550.0,15606.2529296875,20900.0,104900.0,60231.3515625,19324.8671875,18050.0,1261.28
2024-11-07,20843.701171875,67400.0,38906.01953125,24326.76171875,104924.7265625,114216.7421875,65921.671875,32578.052734375,16867.14453125,22458.333984375,25999.25,16137.6083984375,73300.0,64472.33984375,38992.97265625,48418.5703125,8102.4052734375,16850.0,25695.341796875,35600.0,23234.517578125,14861.017578125,61889.390625,41400.0,15522.3486328125,20850.0,104300.0,60322.89453125,19178.8359375,18050.0,1259.75
2024-11-08,20677.61328125,66600.0,38742.55078125,23916.759765625,104365.1328125,114808.5390625,65827.6328125,32138.470703125,16867.14453125,22500.0,25680.240234375,15974.9306640625,72300.0,64078.01171875,38751.08203125,48070.23828125,8064.1865234375,16750.0,25451.552734375,35500.0,22990.96875,14728.3291015625,61225.34375,40000.0,15354.5390625,20525.0,104600.0,60139.81640625,18984.126953125,17950.0,1252.56
2024-11-11,20636.091796875,67500.0,38006.93359375,23882.591796875,107442.921875,116922.09375,65921.671875,32626.89453125,16417.353515625,23083.333984375,25321.35546875,15812.2529296875,73500.0,62106.3828125,37977.02734375,48157.32421875,8025.96728515625,16700.0,25061.490234375,33800.0,22601.291015625,14330.2666015625,61092.53125,40600.0,15270.634765625,20400.0,104500.0,59682.1328125,18692.0625,18000.0,1250.32
2024-11-12,20636.091796875,67800.0,37843.4609375,23575.08984375,107815.984375,115653.96875,65639.5625,32138.470703125,16577.994140625,22916.666015625,25281.478515625,15682.1103515625,72500.0,59937.5859375,38122.16015625,49289.40625,7987.748046875,16650.0,25061.490234375,33550.0,22455.162109375,14241.8076171875,61026.125,40300.0,15396.4912109375,20275.0,104500.0,59407.51953125,18594.708984375,18000.0,1244.82
2024-11-13,20677.61328125,67900.0,37720.859375,23472.58984375,108748.6484375,116499.390625,65357.4375,31796.572265625,16481.609375,22541.666015625,25361.232421875,15714.646484375,73000.0,61021.984375,37638.37890625,49463.578125,7987.748046875,16700.0,24817.703125,33400.0,22552.58203125,14286.037109375,61424.5546875,40300.0,15354.5390625,20300.0,103600.0,59499.05859375,18838.095703125,18100.0,1246.04
2024-11-14,20386.96484375,68600.0,37189.578125,22960.087890625,108468.8515625,114977.6328125,64887.23828125,31057.1171875,16224.5869140625,21916.666015625,25042.22265625,15486.8974609375,71400.0,60430.49609375,37686.7578125,48853.98828125,7911.310546875,16750.0,24086.3359375,32500.0,22211.61328125,13932.2041015625,61092.53125,40350.0,15270.634765625,20350.0,103300.0,59499.05859375,18497.353515625,18100.0,1231.89
2024-11-15,20262.400390625,68000.0,36535.6953125,22618.419921875,105577.59375,113202.234375,64511.0859375,30564.146484375,15871.1796875,21583.333984375,25082.09765625,15291.6845703125,70600.0,59050.35546875,37154.59375,48331.48828125,7796.65380859375,16800.0,23354.96875,32400.0,21870.646484375,13799.515625,60893.31640625,40250.0,15228.6826171875,20275.0,103300.0,58309.078125,18205.291015625,18200.0,1218.57
2024-11-18,20345.443359375,67000.0,36331.359375,22755.087890625,105391.0625,113286.7890625,64887.23828125,30712.037109375,15774.7958984375,21500.0,25082.09765625,15226.61328125,70300.0,58064.5390625,36477.296875,48331.48828125,7796.65380859375,16850.0,23696.2734375,32600.0,21870.646484375,14153.3505859375,60428.484375,40800.0,15270.634765625,20200.0,101700.0,57851.39453125,18205.291015625,18100.0,1217.12
2024-11-19,20179.359375,64000.0,36453.9609375,22789.255859375,102037.7109375,109905.0859375,63852.8046875,29972.58203125,15839.0517578125,21208.333984375,24962.470703125,15063.9365234375,70000.0,56684.39453125,37057.8359375,47896.0703125,7720.21630859375,16900.0,23257.453125,31950.0,21821.935546875,13976.4326171875,59764.4296875,42200.0,15144.77734375,20175.0,101700.0,57668.31640625,18010.58203125,17900.0,1205.15
2024-11-20,20345.443359375,65700.0,36780.90234375,23233.421875,101654.46875,111934.109375,63570.69140625,30366.958984375,15839.0517578125,21333.333984375,25161.8515625,15324.220703125,70300.0,55994.32421875,37348.109375,48331.48828125,7796.65380859375,16900.0,23696.2734375,32400.0,22260.322265625,14197.578125,59963.64453125,43300.0,15228.6826171875,20175.0,102000.0,58217.54296875,18205.291015625,17900.0,1216.54
2024-11-21,20636.091796875,65500.0,37066.9765625,23916.759765625,102516.7578125,112441.359375,64134.92578125,30761.333984375,15935.435546875,21541.666015625,25281.478515625,15617.0390625,71300.0,57867.375,37783.51171875,48157.32421875,7834.873046875,16900.0,23988.8203125,33050.0,22601.291015625,14374.49609375,60096.45703125,43300.0,15354.5390625,20175.0,101700.0,58492.15234375,18692.0625,18200.0,1228.33
2024-11-22,20719.134765625,65800.0,37353.046875,23916.759765625,101462.8515625,113202.234375,65075.32421875,30465.552734375,15871.1796875,21750.0,25401.107421875,15617.0390625,71000.0,58163.12109375,37880.26953125,48244.40625,7834.873046875,16900.0,23745.03125,32650.0,22893.548828125,14241.8076171875,60162.86328125,41600.0,15270.634765625,20225.0,101700.0,58858.30078125,18546.03125,18100.0,1228.1
2024-11-25,20677.61328125,65700.0,37230.4453125,23985.09375,102516.7578125,113202.234375,65169.36328125,30465.552734375,15871.1796875,21916.666015625,25401.107421875,15584.5048828125,72200.0,58163.12109375,38122.16015625,48331.48828125,7873.09228515625,16850.0,23891.3046875,32850.0,22893.548828125,14286.037109375,60627.6953125,42700.0,15522.3486328125,20500.0,102800.0,58858.30078125,18546.03125,18250.0,1234.7
2024-11-26,20760.65625,66100.0,37802.59375,24121.759765625,102229.328125,114301.2890625,65451.4765625,30859.9296875,16096.0751953125,21958.333984375,25440.984375,15682.1103515625,72700.0,59148.93359375,37977.02734375,48853.98828125,7911.310546875,16900.0,23988.8203125,33200.0,22942.2578125,14286.037109375,61358.1484375,42400.0,15564.30078125,20525.0,103200.0,59315.98828125,18546.03125,18300.0,1242.13
2024-11-27,20802.177734375,66100.0,37884.328125,24019.259765625,102420.953125,117429.3515625,65169.36328125,30810.630859375,16160.3310546875,21916.666015625,25759.9921875,15682.1103515625,72700.0,59346.09765625,37831.890625,48853.98828125,7873.09228515625,16950.0,23696.2734375,33200.0,22893.548828125,14286.037109375,61557.36328125,41900.0,15522.3486328125,20375.0,102400.0,59132.91015625,18546.03125,18100.0,1241.97
2024-11-28,20885.220703125,66200.0,37679.98828125,24190.091796875,103187.4296875,117852.0703125,65169.36328125,30909.2265625,16256.71484375,22000.0,25520.736328125,15617.0390625,72400.0,59148.93359375,38702.703125,48331.48828125,7834.873046875,17000.0,23696.2734375,33150.0,22990.96875,14374.49609375,61490.9609375,41100.0,15857.966796875,20350.0,102200.0,59041.375,18546.03125,18000.0,1242.11
2024-11-29,20926.7421875,66500.0,38211.26953125,24429.259765625,104912.0078125,121994.640625,65451.4765625,30859.9296875,16288.8427734375,22291.666015625,25720.1171875,15714.646484375,73200.0,59641.84375,38702.703125,48853.98828125,7873.09228515625,17000.0,23940.0625,33300.0,22990.96875,14330.2666015625,61955.796875,40800.0,15941.8701171875,20250.0,102400.0,59132.91015625,18643.38671875,17900.0,1250.46
2024-12-02,20885.220703125,66500.0,38006.93359375,24497.59375,105199.4375,121185.0390625,65075.32421875,31007.8203125,16320.970703125,22416.666015625,26517.638671875,15714.646484375,72600.0,59543.26171875,38460.8125,48941.078125,7873.09228515625,16950.0,23842.546875,33100.0,23039.677734375,14241.8076171875,62553.44140625,40750.0,15816.0146484375,20175.0,102300.0,59041.375,18692.0625,17850.0,1251.21
2024-12-03,20760.65625,66400.0,37639.12109375,24531.76171875,105295.25,123571.2421875,64605.125,30465.552734375,16738.6328125,22500.0,27075.90625,15584.5048828125,72700.0,58951.7734375,38702.703125,48941.078125,7873.09228515625,17000.0,23696.2734375,32600.0,23039.677734375,14153.3505859375,61756.58203125,40900.0,15774.0625,20200.0,101500.0,58492.15234375,18692.0625,17700.0,1249.83
2024-12-04,20802.177734375,65200.0,36903.5078125,24121.759765625,103379.046875,122292.9140625,64511.0859375,29923.28515625,16642.25,22250.0,26677.14453125,15519.43359375,72100.0,57275.88671875,38992.97265625,49986.08203125,7796.65380859375,16950.0,23452.484375,32400.0,22844.83984375,13976.4326171875,62088.6015625,40100.0,15816.0146484375,20000.0,101400.0,57942.93359375,18497.353515625,17300.0,1240.41
2024-12-05,21341.955078125,68000.0,37598.25390625,24873.4296875,105391.0625,126554.0,64793.203125,30909.2265625,17156.294921875,23208.333984375,26876.525390625,15974.9306640625,73700.0,60134.75,39283.2421875,50073.1640625,8025.96728515625,17200.0,25061.490234375,33950.0,23575.484375,14551.4130859375,62420.62890625,41400.0,16235.537109375,20425.0,103000.0,58858.30078125,18984.126953125,17850.0,1267.53
2024-12-06,21300.43359375,67300.0,38088.66796875,24770.927734375,110373.1875,127406.2109375,65075.32421875,31599.384765625,17252.6796875,23000.0,27315.1640625,15844.7880859375,73400.0,60233.33203125,39138.109375,50247.33203125,7911.310546875,17250.0,25695.341796875,33800.0,23526.775390625,14374.49609375,62553.44140625,41500.0,16151.6328125,20925.0,102800.0,58675.2265625,18838.095703125,17700.0,1270.14
2024-12-09,21175.869140625,67900.0,38170.40234375,24907.595703125,111139.6640625,125275.671875,65169.36328125,31648.681640625,17349.0625,23041.666015625,27235.41015625,15877.32421875,73200.0,60233.33203125,38847.8359375,50073.1640625,7911.310546875,17300.0,25549.068359375,34000.0,23526.775390625,14507.18359375,63283.89453125,41450.0,16193.5849609375,20925.0,102700.0,58675.2265625,18886.771484375,17700.0,1273.84
2024-12-10,21051.306640625,68000.0,38211.26953125,24839.263671875,111331.28125,127406.2109375,64887.23828125,31303.6015625,17991.62109375,23250.0,27155.658203125,15779.716796875,72700.0,59937.5859375,38992.97265625,50595.66796875,7911.310546875,17350.0,25597.826171875,33500.0,23429.35546875,14462.9541015625,62752.65625,40950.0,16193.5849609375,20600.0,102600.0,58492.15234375,18740.740234375,17550.0,1272.07
2024-12-11,21092.828125,67000.0,38088.66796875,24839.263671875,111618.71875,128258.4296875,64605.125,31007.8203125,18197.240234375,23125.0,26796.7734375,15812.2529296875,72700.0,59148.93359375,38605.9453125,50160.25,8102.4052734375,17350.0,25500.310546875,33650.0,23526.775390625,14418.724609375,61955.796875,40850.0,16067.728515625,20650.0,102900.0,58766.765625,18740.740234375,17350.0,1268.86
2024-12-12,21009.78515625,67500.0,38088.66796875,24805.09765625,111522.90625,128002.7578125,64417.04296875,31205.0078125,18428.560546875,22916.666015625,26398.01171875,15812.2529296875,72100.0,59148.93359375,38122.16015625,50073.1640625,8025.96728515625,17400.0,25354.037109375,33800.0,23624.193359375,14462.9541015625,62088.6015625,40750.0,16025.7763671875,20450.0,102900.0,59132.91015625,18789.41796875,17300.0,1267.35
2024-12-13,20885.220703125,67700.0,37925.19921875,24839.263671875,110085.7578125,127406.2109375,64323.00390625,30958.5234375,18274.345703125,22666.666015625,26437.888671875,15779.716796875,71100.0,60134.75,37444.86328125,49986.08203125,7949.52978515625,17350.0,25159.005859375,34000.0,23721.61328125,14374.49609375,61822.984375,40650.0,16151.6328125,20400.0,102400.0,58766.765625,18643.38671875,17350.0,1262.57
2024-12-16,20885.220703125,68000.0,38211.26953125,24770.927734375,110660.6171875,127747.1015625,64040.890625,30761.333984375,18312.900390625,22500.0,26437.888671875,15682.1103515625,71100.0,60134.75,37444.86328125,49899.0,7949.52978515625,17300.0,25451.552734375,34100.0,23672.904296875,14330.2666015625,61822.984375,40950.0,16193.5849609375,20350.0,102000.0,59499.05859375,18594.708984375,17300.0,1263.79
2024-12-17,20926.7421875,67800.0,38088.66796875,24770.927734375,111139.6640625,126127.8828125,63946.84375,30662.740234375,18351.453125,22500.0,26517.638671875,15714.646484375,71000.0,59444.6796875,37638.37890625,49899.0,7911.310546875,17300.0,25354.037109375,34100.0,23575.484375,14330.2666015625,61756.58203125,41300.0,16109.6806640625,20275.0,101600.0,59132.91015625,18448.677734375,17150.0,1261.72
2024-12-18,20885.220703125,67800.0,38293.00390625,24770.927734375,111331.28125,126724.4453125,64417.04296875,30909.2265625,18351.453125,22791.666015625,26876.525390625,15747.1826171875,71400.0,59346.09765625,38025.40625,49986.08203125,7911.310546875,17250.0,25549.068359375,34200.0,23575.484375,14374.49609375,61822.984375,40900.0,16067.728515625,20300.0,100700.0,59224.44921875,18497.353515625,17100.0,1266.0
2024-12-19,20594.5703125,66500.0,37966.0625,24736.76171875,111139.6640625,126213.109375,64417.04296875,30465.552734375,18120.1328125,22375.0,26637.26953125,15519.43359375,70400.0,58951.7734375,38122.16015625,49550.66015625,7796.65380859375,16500.0,25549.068359375,33900.0,23137.09765625,14153.3505859375,61358.1484375,40200.0,15857.966796875,20150.0,100000.0,58492.15234375,18302.64453125,17050.0,1254.67
2024-12-20,20594.5703125,67700.0,37966.0625,24702.595703125,110564.8046875,127406.2109375,64511.0859375,30465.552734375,18043.025390625,22250.0,26637.26953125,15617.0390625,70300.0,59740.42578125,37735.13671875,49202.32421875,7758.43505859375,16700.0,25597.826171875,33850.0,23185.806640625,14064.8916015625,61424.5546875,40350.0,15899.9189453125,20250.0,99200.0,59499.05859375,18400.0,17050.0,1257.5
2024-12-23,20677.61328125,67900.0,38175.3046875,24770.927734375,111618.71875,127661.875,64417.04296875,30416.255859375,18043.025390625,22500.0,26717.021484375,15649.5751953125,70300.0,60134.75,37493.2421875,49811.9140625,7834.873046875,16950.0,25207.763671875,34500.0,23283.2265625,14197.578125,61358.1484375,40600.0,15899.9189453125,20300.0,100600.0,58949.8359375,18448.677734375,17050.0,1262.76
2024-12-24,20760.65625,67900.0,37680.80859375,24736.76171875,113534.9140625,128173.203125,64134.92578125,30268.365234375,18043.025390625,22250.0,26756.896484375,15551.96875,70200.0,60430.49609375,37202.97265625,49811.9140625,7834.873046875,17050.0,25305.279296875,34700.0,23380.646484375,14197.578125,61158.9375,40350.0,15983.822265625,20300.0,101000.0,58858.30078125,18448.677734375,17050.0,1260.36
2024-12-25,21134.349609375,69300.0,38224.7578125,26103.43359375,114013.96875,128514.09375,64323.00390625,30662.740234375,18428.560546875,22625.0,27315.1640625,15909.859375,70700.0,61317.73046875,37348.109375,49986.08203125,7873.09228515625,17250.0,25890.373046875,36250.0,23819.033203125,14507.18359375,61358.1484375,40600.0,16109.6806640625,20325.0,102000.0,58949.8359375,18692.0625,17300.0,1274.04
2024-12-26,21217.390625,69700.0,38570.90625,26103.43359375,112672.625,127661.875,64417.04296875,30465.552734375,18621.328125,22500.0,27036.029296875,16202.6787109375,70500.0,60627.66015625,37202.97265625,50256.765625,7873.09228515625,16900.0,25695.341796875,37100.0,23721.61328125,14639.87109375,61158.9375,40650.0,16571.154296875,20325.0,101500.0,58857.5859375,18740.740234375,17150.0,1272.87
2024-12-27,21217.390625,69800.0,38719.25390625,26513.435546875,112097.765625,127491.4296875,64417.04296875,30268.365234375,19238.18359375,22375.0,28876.712890625,16300.28515625,70400.0,60529.078125,37251.3515625,50346.9921875,7873.09228515625,16900.0,25939.130859375,37400.0,23965.162109375,14816.7880859375,61225.34375,40350.0,16822.869140625,20275.0,101200.0,58857.5859375,18740.740234375,17150.0,1275.14
2024-12-30,21092.828125,69800.0,37829.15625,26581.76953125,111235.4765625,128258.4296875,64134.92578125,30120.474609375,20549.001953125,22291.666015625,29389.041015625,16137.6083984375,70100.0,60134.75,36961.08203125,50617.671875,7834.873046875,16700.0,25792.857421875,37850.0,23770.322265625,14728.3291015625,61092.53125,40300.0,16571.154296875,20275.0,100100.0,58396.3203125,18740.740234375,17150.0,1272.02
2024-12-31,21424.998046875,70900.0,37136.859375,25830.099609375,111714.5234375,129962.859375,64040.890625,29923.28515625,19662.271484375,22208.333984375,29109.58984375,16332.8203125,70000.0,60134.75,36283.78515625,50076.30859375,7834.873046875,16750.0,25402.794921875,36900.0,24013.87109375,14728.3291015625,60561.2890625,40000.0,16529.203125,20275.0,100000.0,58488.57421875,18692.0625,17150.0,1266.78
2025-01-02,21258.912109375,70800.0,37779.70703125,26035.1015625,111714.5234375,129536.7421875,64040.890625,30071.17578125,19353.84375,22500.0,29109.58984375,16397.892578125,70800.0,59740.42578125,36912.703125,50166.53515625,7834.873046875,16750.0,25305.279296875,37000.0,23721.61328125,14639.87109375,61026.125,40000.0,16529.203125,20275.0,99900.0,58211.8125,18643.38671875,17300.0,1269.71
2025-01-03,20843.701171875,70500.0,37779.70703125,25420.099609375,110660.6171875,126980.1015625,63946.84375,29873.98828125,18852.6484375,22166.666015625,28317.80859375,16072.537109375,69700.0,57768.79296875,37202.97265625,49625.171875,7834.873046875,16800.0,24720.1875,36100.0,22990.96875,14330.2666015625,61092.53125,40000.0,16067.728515625,20250.0,99500.0,58119.55859375,18253.96875,17200.0,1254.59
2025-01-06,20594.5703125,70300.0,38373.10546875,25420.099609375,107786.3125,127235.7734375,63476.6484375,28986.642578125,18891.201171875,21708.333984375,28224.658203125,15877.32421875,67200.0,56191.48828125,37106.21484375,48361.984375,7873.09228515625,16750.0,24281.3671875,36250.0,22990.96875,14197.578125,61690.17578125,40000.0,16067.728515625,20250.0,99700.0,57658.2890625,18302.64453125,17150.0,1246.35
2025-01-07,20760.65625,72600.0,39955.50390625,25590.931640625,107594.6953125,127917.546875,63006.453125,27902.107421875,18698.435546875,21708.333984375,28597.26171875,16201.052734375,66800.0,56290.0703125,36670.8125,48452.2109375,7834.873046875,16800.0,23940.0625,36900.0,23039.677734375,14241.8076171875,61291.7421875,40000.0,16235.537109375,20250.0,99500.0,56920.265625,18205.291015625,16950.0,1248.78
2025-01-08,20760.65625,72600.0,39906.05078125,25830.099609375,107690.5,126383.5546875,63100.4921875,28247.1875,17965.91796875,21875.0,28783.5625,16163.63671875,67700.0,57275.88671875,37057.8359375,48452.2109375,7873.09228515625,17100.0,24086.3359375,36700.0,23331.935546875,14330.2666015625,61358.1484375,40000.0,16319.4423828125,20250.0,99400.0,56920.265625,18351.322265625,16950.0,1251.02
2025-01-09,20719.134765625,71500.0,39510.453125,25556.765625,107498.8828125,126809.65625,63006.453125,28197.890625,17233.40234375,21666.666015625,28504.109375,16088.8046875,67300.0,56881.55859375,37735.13671875,48361.984375,7834.873046875,17050.0,23793.7890625,36400.0,23331.935546875,14241.8076171875,61026.125,40400.0,16319.4423828125,20375.0,99300.0,57012.51953125,18205.291015625,17000.0,1245.77
2025-01-10,20511.529296875,70000.0,38669.8046875,25625.09765625,105391.0625,125531.3359375,62724.33203125,27606.326171875,16655.1015625,21291.666015625,28131.5078125,15826.89453125,65500.0,56684.39453125,36864.32421875,48361.984375,7758.43505859375,17400.0,23111.1796875,35200.0,22796.12890625,14064.8916015625,60694.1015625,40000.0,16193.5849609375,20250.0,98600.0,56551.25390625,18010.58203125,16850.0,1230.48
2025-01-13,20553.048828125,69900.0,38867.60546875,25761.767578125,105870.109375,125787.0,62442.21484375,27704.919921875,16732.20703125,21583.333984375,28597.26171875,16088.8046875,65000.0,56487.234375,37638.37890625,48813.12109375,7758.43505859375,17500.0,23550.0,35300.0,23185.806640625,14064.8916015625,61026.125,40000.0,16277.48828125,20150.0,98600.0,56643.5078125,17815.873046875,16700.0,1235.65
2025-01-14,20470.0078125,70000.0,38570.90625,25249.263671875,104337.1484375,123656.4609375,62912.4140625,27359.841796875,16308.119140625,21541.666015625,28736.986328125,15939.140625,63700.0,56388.65234375,38460.8125,49174.03125,7720.21630859375,17450.0,23354.96875,35400.0,22990.96875,14064.8916015625,60893.31640625,40000.0,16277.48828125,20100.0,98500.0,56828.01171875,17669.841796875,16100.0,1229.07
2025-01-15,20677.61328125,69200.0,38768.70703125,25112.59765625,104720.390625,123997.3515625,62818.37109375,27803.513671875,16693.654296875,21833.333984375,28876.712890625,15976.556640625,65800.0,56487.234375,38702.703125,49625.171875,7758.43505859375,17700.0,23550.0,35100.0,23088.38671875,14153.3505859375,60694.1015625,40000.0,16487.25,20125.0,98700.0,56920.265625,17913.2265625,16500.0,1236.18
2025-01-16,20636.091796875,69300.0,38966.50390625,25146.763671875,105199.4375,124849.5625,62912.4140625,28050.0,16732.20703125,21916.666015625,29295.890625,16013.97265625,66300.0,56980.140625,38702.703125,48722.89453125,7758.43505859375,17800.0,23793.7890625,35450.0,23234.517578125,14197.578125,61557.36328125,40000.0,16529.203125,20225.0,98900.0,57104.7734375,17913.2265625,16550.0,1242.36
2025-01-17,20719.134765625,69200.0,39065.40625,25420.099609375,105199.4375,126980.1015625,62818.37109375,28345.78125,17349.0625,22083.333984375,29715.068359375,16088.8046875,65900.0,56881.55859375,38702.703125,48181.53125,7796.65380859375,17900.0,23940.0625,35750.0,23770.322265625,14286.037109375,61424.5546875,40100.0,16655.060546875,20225.0,99000.0,57197.02734375,17961.904296875,16550.0,1249.11
2025-01-20,20760.65625,69100.0,39461.00390625,25488.431640625,105295.25,127832.3203125,63664.73046875,28296.484375,17734.59765625,22041.666015625,29482.193359375,16350.7158203125,65500.0,56684.39453125,38557.56640625,48813.12109375,7796.65380859375,18000.0,23891.3046875,35950.0,23770.322265625,14507.18359375,60893.31640625,40000.0,16864.8203125,20200.0,98800.0,57104.7734375,17913.2265625,16600.0,1249.55
2025-01-21,20719.134765625,68700.0,39362.10546875,25488.431640625,104432.9609375,127747.1015625,63100.4921875,28000.703125,17464.72265625,21916.666015625,29668.494140625,16350.7158203125,65700.0,56881.55859375,38557.56640625,48361.984375,7796.65380859375,18450.0,23842.546875,36050.0,23575.484375,14330.2666015625,60694.1015625,40000.0,16864.8203125,20225.0,98800.0,57012.51953125,17913.2265625,16600.0,1246.09
2025-01-22,20636.091796875,67400.0,39065.40625,25488.431640625,104432.9609375,127576.65625,62818.37109375,27606.326171875,16963.529296875,21791.666015625,31112.330078125,16313.30078125,65200.0,56585.81640625,37880.26953125,48452.2109375,7758.43505859375,18750.0,23793.7890625,36350.0,23575.484375,14241.8076171875,60561.2890625,39500.0,16738.96484375,20200.0,98800.0,56828.01171875,17864.55078125,16300.0,1242.53
2025-01-23,21009.78515625,68000.0,39461.00390625,26035.1015625,106349.1640625,131496.84375,63006.453125,28050.0,17271.95703125,22208.333984375,32882.19140625,16612.625,65400.0,58360.28125,38315.67578125,48722.89453125,7834.873046875,18750.0,24525.15625,37000.0,23965.162109375,14462.9541015625,61424.5546875,39500.0,17158.486328125,20200.0,99000.0,57197.02734375,18400.0,16450.0,1259.63
2025-01-24,21051.306640625,69300.0,39559.90234375,25966.765625,106732.3984375,130729.8515625,63852.8046875,28395.078125,17464.72265625,22125.0,33394.51953125,16762.2890625,68000.0,59247.515625,38218.91796875,48542.44140625,7873.09228515625,18750.0,24622.671875,37000.0,24111.291015625,14551.4130859375,61490.9609375,39500.0,17326.296875,20200.0,99800.0,57381.53125,18400.0,16550.0,1265.05
2025-02-04,20968.263671875,70300.0,39213.75390625,26923.4375,106828.2109375,124593.90625,63100.4921875,29085.236328125,17426.169921875,22375.0,32695.890625,16799.705078125,68600.0,58754.609375,38702.703125,47549.93359375,8064.1865234375,18800.0,24671.4296875,37300.0,24013.87109375,14639.87109375,61092.53125,38750.0,17074.58203125,20050.0,98200.0,55536.46484375,18253.96875,16300.0,1264.68
2025-02-05,21092.828125,71800.0,39164.3046875,26889.271484375,107019.8359375,124679.125,63758.765625,29035.939453125,17426.169921875,22333.333984375,33441.09765625,16837.12109375,67500.0,58557.4453125,38605.9453125,47910.84765625,7987.748046875,18650.0,24427.640625,37250.0,24062.58203125,14684.099609375,61490.9609375,38850.0,17116.53515625,20025.0,97700.0,56735.76171875,18546.03125,16850.0,1269.61
2025-02-06,21175.869140625,70800.0,39362.10546875,26991.771484375,106732.3984375,124849.5625,63570.69140625,28789.455078125,17696.044921875,22333.333984375,34000.0,16911.953125,67400.0,58261.69921875,38605.9453125,47549.93359375,8025.96728515625,18650.0,24427.640625,37350.0,24549.677734375,14639.87109375,61690.17578125,38800.0,17158.486328125,20225.0,98000.0,55997.73046875,18546.03125,16700.0,1271.48
2025-02-07,21341.955078125,70000.0,40054.40234375,27880.107421875,106444.96875,124508.6796875,63288.5703125,28986.642578125,17657.490234375,22208.333984375,34000.0,17024.19921875,67700.0,58064.5390625,38557.56640625,47279.25390625,8064.1865234375,18700.0,24378.8828125,37450.0,25085.484375,14639.87109375,61756.58203125,38750.0,17200.44140625,20325.0,98100.0,56089.984375,18448.677734375,16850.0,1275.2
2025-02-10,21424.998046875,70900.0,39906.05078125,27538.439453125,103091.6171875,121014.59375,63288.5703125,28395.078125,17426.169921875,21166.666015625,34046.578125,17136.447265625,68800.0,56585.81640625,39089.73046875,47098.796875,8064.1865234375,18700.0,24281.3671875,38450.0,25085.484375,14816.7880859375,61225.34375,37800.0,17200.44140625,20000.0,96800.0,55905.48046875,18351.322265625,16600.0,1263.26
2025-02-11,21466.51953125,70100.0,40004.953125,27811.775390625,103953.9140625,123912.1328125,63006.453125,28493.671875,17387.6171875,21750.0,34465.75390625,17211.279296875,68700.0,55600.0,39863.78515625,46557.43359375,8217.0615234375,18950.0,24086.3359375,38500.0,25231.61328125,15037.9345703125,61026.125,37750.0,17326.296875,19975.0,96500.0,55720.97265625,18400.0,16400.0,1268.45
2025-02-12,21300.43359375,70500.0,39559.90234375,27675.107421875,103858.1015625,123571.2421875,63100.4921875,28345.78125,17387.6171875,21541.666015625,34791.78125,16986.783203125,69000.0,55600.0,40008.91796875,46828.11328125,8140.62451171875,18950.0,24135.09375,38650.0,25036.775390625,14905.24609375,60760.50390625,38000.0,17200.44140625,19950.0,96100.0,56274.4921875,18400.0,16400.0,1266.91
2025-02-13,21341.955078125,70100.0,39559.90234375,27914.275390625,103953.9140625,121952.03125,62724.33203125,29035.939453125,17503.27734375,21583.333984375,35117.80859375,17136.447265625,68900.0,54022.6953125,40637.8359375,46647.66015625,8217.0615234375,19050.0,24183.8515625,38800.0,25280.322265625,14949.4755859375,60826.91015625,38750.0,17158.486328125,20125.0,96200.0,55997.73046875,18400.0,16650.0,1270.35
2025-02-14,21383.4765625,70100.0,40202.75,27709.2734375,103474.859375,123486.015625,63664.73046875,29923.28515625,17618.9375,21750.0,34931.5078125,17099.03125,68100.0,54417.01953125,40976.484375,46557.43359375,8255.2802734375,19500.0,24281.3671875,38250.0,25329.033203125,14949.4755859375,60826.91015625,38800.0,17158.486328125,20125.0,96700.0,55628.71875,18497.353515625,16600.0,1276.08
2025-02-17,21424.998046875,69800.0,39757.703125,27435.939453125,102133.515625,122378.140625,63758.765625,30120.474609375,17464.72265625,21791.666015625,34698.6328125,16949.369140625,66400.0,53332.625,40686.21484375,46106.296875,8408.15625,19850.0,24378.8828125,38300.0,25036.775390625,14905.24609375,60826.91015625,38800.0,17074.58203125,20050.0,97500.0,55351.9609375,18351.322265625,16450.0,1272.72
2025-02-18,21383.4765625,69500.0,40054.40234375,27538.439453125,102995.8125,122633.8046875,63946.84375,30416.255859375,17503.27734375,22125.0,34093.15234375,16986.783203125,66400.0,53726.94921875,41218.37890625,46196.5234375,8369.9375,19750.0,24525.15625,38650.0,25182.904296875,14949.4755859375,60826.91015625,38900.0,17116.53515625,20100.0,97400.0,55628.71875,18448.677734375,16850.0,1278.14
2025-02-19,21424.998046875,71300.0,40400.55078125,27675.107421875,103474.859375,122719.03125,64605.125,31205.0078125,17580.384765625,22083.333984375,34186.30078125,17099.03125,67700.0,55008.5078125,41798.91796875,46286.75,8408.15625,19600.0,24720.1875,38750.0,25426.453125,15037.9345703125,60893.31640625,39100.0,17242.392578125,20200.0,97400.0,56089.984375,18546.03125,17200.0,1288.56
2025-02-20,21549.560546875,72400.0,40450.0,27914.275390625,105678.4921875,121866.8125,64699.1640625,31895.166015625,17618.9375,22125.0,33813.69921875,17099.03125,68000.0,55895.7421875,41702.16015625,46376.9765625,8369.9375,19600.0,24622.671875,38750.0,25864.83984375,15126.392578125,60893.31640625,40550.0,17242.392578125,20475.0,96900.0,55997.73046875,18692.0625,17350.0,1292.98
2025-02-21,21757.16796875,74900.0,40450.0,28358.44140625,104912.0078125,121014.59375,64323.00390625,31944.462890625,17773.150390625,22041.666015625,33906.8515625,17136.447265625,67600.0,57275.88671875,41798.91796875,46737.88671875,8408.15625,19550.0,24720.1875,38850.0,25816.12890625,15037.9345703125,61822.984375,40300.0,17284.345703125,20325.0,96600.0,56643.5078125,18935.44921875,17250.0,1296.75
2025-02-24,21715.646484375,74500.0,40647.80078125,28631.77734375,104912.0078125,119736.2734375,64511.0859375,31993.759765625,18081.580078125,23083.333984375,34279.453125,17211.279296875,67600.0,57571.62890625,41605.40625,47279.25390625,8522.8125,19650.0,25207.763671875,39400.0,25816.12890625,15082.1640625,62088.6015625,40250.0,17452.15234375,20300.0,96600.0,58857.5859375,19032.8046875,17350.0,1304.56
2025-02-25,21591.08203125,76600.0,40796.1484375,28597.609375,105103.6328125,118457.9453125,64605.125,31648.681640625,17888.8125,22916.666015625,34326.02734375,17510.607421875,68400.0,57473.046875,41895.67578125,47279.25390625,8522.8125,19600.0,25207.763671875,39250.0,25718.7109375,14993.705078125,61490.9609375,40750.0,17410.201171875,20350.0,96100.0,58027.3046875,18838.095703125,17250.0,1303.16
2025-02-26,21549.560546875,76400.0,40746.69921875,28255.94140625,105391.0625,120844.15625,64323.00390625,32141.650390625,17773.150390625,23125.0,34372.60546875,17360.943359375,68300.0,57867.375,41847.296875,47098.796875,8569.439453125,19300.0,25207.763671875,38550.0,25621.291015625,14993.705078125,61291.7421875,40700.0,17284.345703125,20500.0,97100.0,58211.8125,18740.740234375,17150.0,1302.96
2025-02-27,21674.125,76000.0,40499.44921875,28358.44140625,106157.5390625,120418.046875,63946.84375,32240.24609375,17888.8125,23708.333984375,34232.87890625,17360.943359375,68400.0,57768.79296875,41557.02734375,47098.796875,8527.017578125,19500.0,25451.552734375,38300.0,25572.58203125,14949.4755859375,62420.62890625,41050.0,17326.296875,20525.0,96900.0,57381.53125,18789.41796875,17200.0,1307.8
2025-02-28,21591.08203125,75700.0,40499.44921875,28358.44140625,106828.2109375,119565.8359375,63946.84375,32930.40234375,17773.150390625,23333.333984375,33673.97265625,17211.279296875,67700.0,57473.046875,42137.56640625,46467.20703125,8484.59375,19400.0,25646.583984375,38250.0,25426.453125,14772.55859375,61955.796875,41200.0,17410.201171875,20600.0,96000.0,57381.53125,18789.41796875,17400.0,1305.36
2025-03-03,21591.08203125,75600.0,40499.44921875,28187.609375,108552.796875,119736.2734375,64511.0859375,32634.62109375,17734.59765625,23375.0,33441.09765625,17286.111328125,68000.0,57965.95703125,42766.484375,46647.66015625,8416.716796875,19450.0,25939.130859375,38850.0,25426.453125,14330.2666015625,61955.796875,42550.0,17619.962890625,21025.0,96900.0,58304.06640625,18692.0625,17700.0,1309.37
2025-03-04,21715.646484375,75800.0,40351.1015625,28426.77734375,107307.265625,119310.1640625,64981.27734375,33028.99609375,17696.044921875,23208.333984375,33068.4921875,17510.607421875,69100.0,58656.02734375,43056.7578125,46918.34375,8459.140625,19450.0,25695.341796875,39200.0,26790.32421875,14330.2666015625,61756.58203125,42050.0,17703.8671875,20975.0,96800.0,58580.82421875,18594.708984375,17700.0,1311.91
2025-03-05,21715.646484375,75100.0,40202.75,28153.443359375,105391.0625,118543.171875,64323.00390625,32536.02734375,17657.490234375,22958.333984375,33347.9453125,17622.8515625,68200.0,58754.609375,42331.08203125,46737.88671875,8476.109375,19450.0,25451.552734375,38800.0,26595.484375,14241.8076171875,61756.58203125,42700.0,17619.962890625,21125.0,96400.0,57842.796875,18497.353515625,17750.0,1304.71
2025-03-06,21923.25390625,75200.0,40351.1015625,28460.943359375,106444.96875,120673.7109375,64228.96484375,33521.96875,17773.150390625,23291.666015625,33115.0703125,18034.427734375,69200.0,61021.984375,42234.32421875,46376.9765625,8484.59375,19450.0,26231.677734375,39500.0,26985.162109375,14330.2666015625,62088.6015625,43600.0,17578.01171875,21175.0,96500.0,58027.3046875,18643.38671875,17850.0,1318.22
2025-03-07,22130.859375,75000.0,40697.25,28973.4453125,106540.78125,120503.265625,63758.765625,33028.99609375,18043.025390625,23375.0,32975.34375,18333.75390625,69000.0,61021.984375,41460.26953125,46196.5234375,8484.59375,19650.0,26231.677734375,39750.0,27033.87109375,14462.9541015625,63151.08203125,44950.0,17578.01171875,22650.0,97000.0,57842.796875,18740.740234375,18200.0,1326.05
2025-03-10,21964.775390625,80200.0,40944.5,29007.61328125,105870.109375,118713.6171875,63758.765625,32831.80859375,18274.345703125,23291.666015625,32416.439453125,18333.75390625,68900.0,61317.73046875,41605.40625,46376.9765625,8484.59375,19800.0,25987.888671875,40000.0,27082.58203125,14330.2666015625,64279.96875,45300.0,17578.01171875,23650.0,97700.0,57658.2890625,18886.771484375,18250.0,1330.28
2025-03-11,21964.775390625,80200.0,40944.5,29110.11328125,104528.7734375,117179.625,63382.609375,32930.40234375,18351.453125,23458.333984375,32276.712890625,18558.25,68900.0,62106.3828125,41895.67578125,46196.5234375,8476.109375,19800.0,26036.646484375,39900.0,27277.419921875,14374.49609375,64279.96875,45500.0,17452.15234375,23650.0,97700.0,57566.0390625,19178.8359375,18200.0,1332.54
2025-03-12,21840.2109375,80600.0,40450.0,29144.279296875,105391.0625,115816.078125,63852.8046875,32338.83984375,18235.79296875,23166.666015625,32882.19140625,18408.5859375,68700.0,61810.63671875,41508.6484375,46106.296875,8467.625,19850.0,26036.646484375,39750.0,27131.291015625,14286.037109375,66216.6640625,46950.0,17200.44140625,24050.0,97400.0,57381.53125,19081.48046875,18300.0,1334.41
2025-03-13,21674.125,78800.0,39757.703125,28905.111328125,104337.1484375,116327.40625,64228.96484375,32536.02734375,17850.2578125,23083.333984375,32882.19140625,18184.091796875,70400.0,60627.66015625,40347.56640625,46106.296875,8484.59375,19800.0,26280.435546875,39000.0,26595.484375,14197.578125,65025.36328125,47800.0,17032.630859375,25700.0,97300.0,57197.02734375,18740.740234375,18800.0,1326.27
2025-03-14,21591.08203125,79000.0,39955.50390625,28905.111328125,102516.7578125,111981.109375,63664.73046875,32831.80859375,17888.8125,22958.333984375,32556.166015625,18184.091796875,71100.0,60627.66015625,40057.296875,46557.43359375,9078.515625,19800.0,26280.435546875,38850.0,26595.484375,14241.8076171875,65521.73828125,47900.0,17074.58203125,26100.0,98600.0,57289.27734375,19081.48046875,18750.0,1326.15
2025-03-17,21757.16796875,81800.0,39906.05078125,29110.11328125,102516.7578125,110788.0078125,64134.92578125,32585.32421875,18043.025390625,23208.333984375,32323.2890625,18184.091796875,70500.0,61120.56640625,40105.67578125,46557.43359375,9545.16796875,19800.0,26329.193359375,38850.0,26741.61328125,14462.9541015625,66812.3203125,47800.0,17200.44140625,26050.0,99100.0,58119.55859375,19665.607421875,18700.0,1336.26
2025-03-18,21840.2109375,81800.0,39559.90234375,28700.111328125,102804.1875,110788.0078125,64981.27734375,32930.40234375,17927.365234375,23000.0,32975.34375,17884.763671875,69600.0,60923.40234375,40347.56640625,46106.296875,9842.12890625,19700.0,26134.162109375,38400.0,26692.904296875,14374.49609375,66315.9453125,47300.0,17116.53515625,25650.0,98400.0,57658.2890625,19276.189453125,18450.0,1330.97
2025-03-19,21757.16796875,80700.0,39362.10546875,28392.611328125,103379.046875,106186.046875,64699.1640625,34310.71875,17773.150390625,22708.333984375,33487.671875,17847.34765625,68500.0,58656.02734375,40154.0546875,45835.609375,9884.5517578125,19800.0,25890.373046875,38400.0,26546.775390625,14197.578125,66018.1171875,47350.0,17200.44140625,25950.0,97800.0,57473.78515625,18935.44921875,18450.0,1324.63
2025-03-20,21798.689453125,79500.0,39362.10546875,28426.77734375,101941.8984375,106526.9296875,64511.0859375,34014.9375,17811.705078125,22625.0,33115.0703125,18146.67578125,68400.0,59148.93359375,39960.5390625,45655.15625,9969.3984375,19850.0,25890.373046875,38900.0,26741.61328125,13445.6826171875,66315.9453125,47350.0,17116.53515625,25750.0,96200.0,57012.51953125,19081.48046875,18400.0,1323.93
2025-03-21,21674.125,78700.0,39015.953125,28460.943359375,100504.75,109083.578125,63664.73046875,34064.234375,17734.59765625,22625.0,32416.439453125,18184.091796875,67900.0,59444.6796875,39960.5390625,45384.47265625,9969.3984375,19850.0,25939.130859375,38650.0,26644.193359375,13047.619140625,65521.73828125,48250.0,17032.630859375,26500.0,96600.0,56551.25390625,18984.126953125,18450.0,1321.88
2025-03-24,21881.732421875,77300.0,38669.8046875,28563.443359375,99642.4609375,109935.7890625,63194.53125,33669.859375,17464.72265625,22625.0,31810.958984375,18258.921875,68500.0,59444.6796875,39912.16015625,45023.5625,10520.896484375,19750.0,26475.466796875,38600.0,27277.419921875,12826.47265625,66018.1171875,51300.0,16738.96484375,28350.0,96600.0,56643.5078125,19081.48046875,19150.0,1330.32
2025-03-25,21840.2109375,78100.0,39263.203125,28905.111328125,99834.078125,107805.2578125,63194.53125,34113.53125,17541.830078125,22666.666015625,31671.234375,18109.259765625,68500.0,59641.84375,39621.890625,44707.765625,10520.896484375,19800.0,26231.677734375,38650.0,27180.0,13091.8486328125,65720.2890625,51500.0,16822.869140625,28450.0,96700.0,56643.5078125,18984.126953125,19800.0,1331.92
2025-03-26,21715.646484375,78000.0,39114.85546875,28529.27734375,100121.5078125,104822.5,63476.6484375,34014.9375,17541.830078125,22958.333984375,31158.904296875,17959.595703125,68300.0,59937.5859375,39815.40625,44707.765625,10393.6279296875,19550.0,25841.615234375,38600.0,27277.419921875,12826.47265625,65323.1875,51500.0,16738.96484375,28500.0,96700.0,56459.0,18838.095703125,19950.0,1326.09
2025-03-27,21591.08203125,77400.0,38669.8046875,28426.77734375,100696.3671875,107549.59375,63194.53125,34458.609375,17464.72265625,22916.666015625,30739.7265625,17884.763671875,69400.0,59543.26171875,39621.890625,44707.765625,10775.4345703125,19600.0,25646.583984375,38250.0,27033.87109375,12649.556640625,65025.36328125,51200.0,16780.916015625,28550.0,96500.0,56366.74609375,18740.740234375,19650.0,1323.81
2025-03-28,21549.560546875,77600.0,38669.8046875,28255.94140625,98588.546875,105674.71875,62818.37109375,34310.71875,17156.294921875,22625.0,31158.904296875,17884.763671875,68500.0,58951.7734375,38509.1875,44482.19921875,10775.4345703125,19700.0,25695.341796875,38250.0,26839.033203125,12561.09765625,64330.43359375,51200.0,16613.109375,29000.0,96000.0,55628.71875,18740.740234375,19500.0,1317.46
2025-03-31,21591.08203125,74800.0,38323.65625,28324.275390625,95426.8125,103118.0703125,62818.37109375,31944.462890625,17040.634765625,22291.666015625,30972.603515625,18034.427734375,66800.0,58163.12109375,38267.296875,44121.2890625,10563.3193359375,19550.0,25354.037109375,38300.0,26790.32421875,12649.556640625,63536.23046875,51300.0,16655.060546875,29000.0,95000.0,55905.48046875,18497.353515625,19150.0,1306.86
2025-04-01,21632.603515625,75900.0,38570.90625,28597.609375,94085.4765625,102691.96875,63476.6484375,31402.1953125,17310.509765625,22500.0,31112.330078125,18408.5859375,66200.0,57768.79296875,38992.97265625,44527.3125,10563.3193359375,19550.0,25402.794921875,39700.0,27228.7109375,12649.556640625,64032.609375,53000.0,16780.916015625,29850.0,95200.0,56089.984375,18643.38671875,20000.0,1317.33
2025-04-02,21549.560546875,75600.0,38274.20703125,28665.9453125,93031.5625,103970.28125,63100.4921875,31451.4921875,17310.509765625,22708.333984375,30832.876953125,18221.505859375,66000.0,57965.95703125,38896.21484375,44482.19921875,10648.1650390625,19200.0,25792.857421875,39250.0,27180.0,12605.3271484375,64330.43359375,53000.0,16738.96484375,30200.0,95000.0,55813.2265625,18643.38671875,20150.0,1317.83
2025-04-03,20054.794921875,70400.0,35603.9140625,26684.26953125,86612.2890625,96726.453125,58774.67578125,29282.423828125,16115.3515625,21125.0,28690.412109375,16949.369140625,61400.0,53924.11328125,36187.02734375,41369.34765625,9926.9755859375,18700.0,23988.8203125,36550.0,25280.322265625,11764.97265625,59863.04296875,49300.0,15606.2529296875,28100.0,88400.0,52123.09375,17377.77734375,18750.0,1229.84
2025-04-04,19764.14453125,65500.0,35603.9140625,26445.1015625,80959.5,96300.34375,55201.17578125,27261.24609375,16038.2451171875,20500.0,30693.15234375,16799.705078125,58000.0,52051.0625,34542.16015625,39113.65625,10223.935546875,19200.0,23159.9375,37400.0,25036.775390625,11278.451171875,59565.21875,50300.0,15690.15625,29150.0,86300.0,53968.16015625,16988.359375,18800.0,1210.67
2025-04-08,18393.94140625,61000.0,33131.41796875,24600.095703125,75306.703125,89567.84375,51345.5546875,25387.9609375,14920.1943359375,19083.333984375,29063.013671875,15639.814453125,54000.0,48452.8359375,32171.62109375,38436.953125,9545.16796875,19000.0,21550.931640625,34800.0,23331.935546875,10526.5537109375,55395.65234375,47000.0,14599.3984375,27550.0,82600.0,50278.03125,15820.10546875,17500.0,1132.79
2025-04-09,18103.29296875,56800.0,32092.970703125,23096.755859375,70037.1484375,89738.2890625,47772.0546875,23613.267578125,14033.46484375,17750.0,29342.466796875,15452.7353515625,50300.0,45593.97265625,29946.216796875,39790.36328125,9290.630859375,19300.0,20088.19921875,33100.0,22990.96875,10349.6376953125,52119.56640625,48500.0,14221.8271484375,28500.0,79100.0,47971.69921875,15528.0419921875,18000.0,1094.3
2025-04-10,19348.931640625,60700.0,34318.21484375,24702.595703125,74923.4609375,95959.4609375,51063.4375,25240.0703125,14997.30078125,18958.333984375,31391.78125,16500.37890625,53800.0,48748.58203125,32026.486328125,42542.3046875,9926.9755859375,20650.0,21453.416015625,35400.0,24598.388671875,11057.3046875,55693.4765625,51800.0,15186.73046875,30450.0,84600.0,51292.81640625,16598.94140625,19250.0,1168.34
2025-04-11,20636.091796875,59700.0,36345.66015625,26240.1015625,80097.203125,100987.53125,54636.9375,25634.4453125,15961.1376953125,20250.0,31857.53515625,17548.0234375,57100.0,52149.64453125,34203.51171875,44211.515625,10308.78125,20000.0,22867.392578125,37850.0,25913.548828125,11676.513671875,59366.66796875,53500.0,15648.205078125,32550.0,85400.0,53045.62890625,16988.359375,19400.0,1222.46
2025-04-14,20594.5703125,60500.0,36592.91015625,26171.767578125,85654.1875,100987.53125,55671.37109375,25831.6328125,16192.458984375,21125.0,31531.5078125,17548.0234375,60000.0,55797.16015625,33719.73046875,44662.65234375,10308.78125,19150.0,23501.2421875,37800.0,25864.83984375,11543.826171875,58870.2890625,57200.0,15732.1103515625,34800.0,85500.0,52492.10546875,16842.328125,20300.0,1241.44
2025-04-15,20013.2734375,56500.0,36098.41015625,25795.93359375,85750.0,98856.9921875,54730.98046875,24056.94140625,15845.4775390625,21541.666015625,30879.453125,17211.279296875,58500.0,56290.0703125,32510.26953125,43940.83203125,10096.6669921875,18600.0,22721.119140625,38450.0,25329.033203125,11322.6796875,59565.21875,57500.0,15480.396484375,35250.0,83300.0,51938.58984375,16452.91015625,20300.0,1227.79
2025-04-16,20179.359375,53500.0,35603.9140625,25420.099609375,83929.609375,91954.046875,54636.9375,23169.595703125,15922.5849609375,21250.0,30413.69921875,17136.447265625,56400.0,55994.32421875,31929.73046875,42948.328125,10181.5126953125,18700.0,22428.572265625,38150.0,25134.193359375,11455.3671875,58870.2890625,56500.0,15270.634765625,33950.0,85400.0,51661.828125,16355.5556640625,20400.0,1210.3
2025-04-17,20179.359375,53500.0,35455.5625,25454.265625,83546.3671875,93232.3671875,54636.9375,23859.75390625,15961.1376953125,21250.0,31298.630859375,17211.279296875,57300.0,55994.32421875,32752.162109375,42406.96484375,10223.935546875,19350.0,22526.087890625,38300.0,25329.033203125,11588.0546875,57678.984375,56800.0,15102.8251953125,35500.0,88000.0,51661.828125,16112.1689453125,20400.0,1217.25
2025-04-18,20345.443359375,54000.0,35554.46484375,25590.931640625,84791.8984375,95107.2421875,54919.0546875,24155.53515625,16038.2451171875,21208.333984375,31578.08203125,17398.359375,58000.0,55402.8359375,32897.296875,42722.76171875,10902.703125,19350.0,22769.876953125,38550.0,25329.033203125,11676.513671875,57678.984375,55000.0,15354.5390625,33050.0,86500.0,52215.34765625,16501.587890625,20400.0,1219.12
2025-04-21,20013.2734375,55200.0,34862.1640625,25454.265625,83450.5546875,95192.46875,54636.9375,23366.783203125,15729.8173828125,20791.666015625,30786.302734375,17173.86328125,58100.0,54811.34765625,32703.783203125,42497.19140625,11199.6640625,19050.0,22331.056640625,40450.0,25085.484375,11986.1181640625,57778.26171875,55000.0,15396.4912109375,30750.0,84000.0,52307.6015625,16258.201171875,20400.0,1207.07
2025-04-22,20013.2734375,52000.0,34713.81640625,25351.763671875,84504.46875,94084.5859375,54072.69921875,21986.466796875,15652.7099609375,20875.0,30972.603515625,17286.111328125,58700.0,56487.234375,32026.486328125,42046.05078125,11199.6640625,19200.0,21697.205078125,40650.0,24500.96875,11853.4296875,58076.0859375,57500.0,15350.876953125,29500.0,83500.0,51661.828125,16160.8466796875,20600.0,1197.13
2025-04-23,20428.486328125,55000.0,34961.0625,25488.431640625,86995.53125,94084.5859375,54072.69921875,22824.515625,15691.263671875,21291.666015625,31019.1796875,17510.607421875,59600.0,57965.95703125,32365.134765625,43850.6015625,11029.97265625,18500.0,22184.783203125,40200.0,25426.453125,11941.888671875,57579.7109375,58500.0,15482.4560546875,29300.0,85700.0,52030.84375,16258.201171875,21950.0,1211.0
2025-04-24,20054.794921875,55500.0,35059.96484375,25556.765625,87762.0078125,95448.1328125,54072.69921875,23218.892578125,16385.2265625,21333.333984375,30739.7265625,17398.359375,59900.0,58853.19140625,32558.6484375,44391.97265625,10945.126953125,18600.0,22428.572265625,40200.0,25085.484375,11897.6591796875,57778.26171875,61200.0,15482.4560546875,31350.0,85700.0,51938.58984375,16209.5234375,22800.0,1223.35
2025-04-25,19847.1875,55800.0,34614.9140625,25385.9296875,87378.7734375,95789.015625,55013.09765625,23465.376953125,16385.2265625,21416.666015625,30087.671875,17622.8515625,62000.0,59641.84375,33139.1875,44662.65234375,10860.2802734375,18100.0,22233.541015625,39150.0,25280.322265625,11853.4296875,57083.33203125,62300.0,15219.2978515625,33500.0,91000.0,53783.65234375,16063.4921875,22800.0,1229.23
2025-04-28,19888.7109375,55700.0,34169.8671875,25180.931640625,87666.203125,93317.59375,54919.0546875,23169.595703125,16577.994140625,21375.0,30553.42578125,17735.099609375,62500.0,60036.16796875,32703.783203125,46196.5234375,10775.4345703125,18600.0,22477.330078125,39250.0,25329.033203125,11941.888671875,57083.33203125,58500.0,15219.2978515625,34000.0,89100.0,53045.62890625,16112.1689453125,23100.0,1226.8
2025-04-29,19971.751953125,55000.0,34169.8671875,25420.099609375,87187.1484375,93232.3671875,54825.015625,23366.783203125,16539.439453125,21250.0,30320.548828125,17622.8515625,62500.0,59937.5859375,32800.5390625,43399.46484375,10690.5888671875,18400.0,22379.814453125,39100.0,25621.291015625,12030.34765625,56884.78125,58400.0,15219.2978515625,34000.0,86000.0,53137.8828125,16112.1689453125,23650.0,1226.3
2025-05-05,19971.751953125,57500.0,34466.56640625,25522.599609375,89869.8359375,92550.6015625,55013.09765625,24500.615234375,16346.6728515625,21416.666015625,29947.9453125,17622.8515625,62500.0,60134.75,32558.6484375,43219.01171875,10775.4345703125,18450.0,22526.087890625,39500.0,25816.12890625,12030.34765625,56686.23046875,60900.0,15394.7373046875,35000.0,89600.0,52492.10546875,16160.8466796875,24900.0,1240.05
2025-05-06,19930.23046875,56000.0,34565.46484375,25693.43359375,89390.78125,93488.0390625,56047.53125,23958.34765625,16385.2265625,21208.333984375,29575.34375,17622.8515625,62000.0,59641.84375,32800.5390625,43173.8984375,10605.7431640625,18450.0,22574.845703125,38850.0,26157.09765625,12207.2646484375,56586.95703125,60900.0,15350.876953125,35250.0,89000.0,52492.10546875,16452.91015625,24900.0,1241.95
2025-05-07,19930.23046875,57100.0,34516.015625,25590.931640625,88241.0625,93488.0390625,56893.88671875,24500.615234375,16153.9052734375,21166.666015625,29994.521484375,17398.359375,60900.0,59247.515625,32413.513671875,43354.3515625,10690.5888671875,18550.0,22282.298828125,38850.0,26303.2265625,12295.72265625,56586.95703125,62000.0,15307.017578125,36700.0,88900.0,52768.87109375,16550.263671875,24900.0,1250.37
2025-05-08,20054.794921875,60000.0,35059.96484375,25659.265625,88336.875,97408.2265625,57740.2421875,26176.712890625,16385.2265625,21416.666015625,30786.302734375,17622.8515625,63000.0,59444.6796875,34542.16015625,43805.48828125,10945.126953125,18700.0,22526.087890625,39500.0,26692.904296875,12428.41015625,56686.23046875,62200.0,15438.5966796875,39250.0,89800.0,52953.375,16550.263671875,25000.0,1269.8
2025-05-09,20054.794921875,59500.0,34713.81640625,25590.931640625,87857.8203125,98856.9921875,57458.12109375,26275.306640625,16346.6728515625,21375.0,32136.986328125,17585.439453125,62800.0,59543.26171875,34010.0,44211.515625,10945.126953125,18700.0,22379.814453125,39750.0,26887.7421875,12428.41015625,56189.85546875,62200.0,15394.7373046875,38250.0,89500.0,53230.13671875,16550.263671875,25000.0,1267.3
2025-05-12,20262.400390625,61500.0,34862.1640625,25864.265625,87953.6328125,100817.0859375,58586.59765625,27557.029296875,16577.994140625,21166.666015625,32416.439453125,17809.931640625,62000.0,59937.5859375,34348.6484375,44617.5390625,11157.2412109375,19000.0,22623.603515625,40000.0,28641.291015625,13047.619140625,56189.85546875,62300.0,15789.4736328125,39700.0,90400.0,54060.4140625,16891.005859375,25500.0,1283.26
2025-05-13,20428.486328125,61800.0,35406.11328125,26923.4375,87762.0078125,101839.75,58304.48046875,28247.1875,16809.314453125,21500.0,32369.86328125,18333.75390625,62100.0,62599.2890625,34397.02734375,44437.0859375,11114.8173828125,18700.0,22818.634765625,40100.0,28641.291015625,12952.380859375,56388.40625,62000.0,15833.3330078125,39800.0,90500.0,53968.16015625,17231.74609375,25400.0,1293.43
2025-05-14,20594.5703125,62500.0,37037.9609375,27060.103515625,89869.8359375,107634.8125,58210.4375,27606.326171875,17117.7421875,21791.666015625,33254.796875,18333.75390625,62300.0,63092.19921875,34542.16015625,44662.65234375,11029.97265625,18850.0,23306.2109375,40000.0,29079.677734375,13142.857421875,58274.63671875,60400.0,16096.4912109375,39900.0,93000.0,53681.60546875,18400.0,24700.0,1309.73
2025-05-15,21217.390625,61000.0,36988.5078125,27162.603515625,89582.3984375,106526.9296875,58304.48046875,27704.919921875,17156.294921875,21791.666015625,34512.328125,18745.328125,62800.0,63387.94140625,34397.02734375,45384.47265625,11623.8935546875,19400.0,23306.2109375,40700.0,29128.388671875,13095.23828125,58274.63671875,58000.0,16447.369140625,39900.0,91000.0,54254.71875,18550.0,24150.0,1313.2
2025-05-16,21134.349609375,61000.0,36197.3125,26650.103515625,88049.4375,103118.0703125,58116.3984375,27310.544921875,16924.974609375,21500.0,34000.0,18446.001953125,62500.0,62895.03515625,34590.5390625,45564.92578125,11411.779296875,19000.0,23111.1796875,39800.0,28690.0,12952.380859375,57083.33203125,58000.0,16052.6318359375,40000.0,90000.0,53681.60546875,18050.0,24500.0,1301.39
2025-05-19,21092.828125,60700.0,35801.7109375,26718.4375,85750.0,100731.8671875,57081.96484375,26817.57421875,16963.529296875,21375.0,32700.0,18408.5859375,62000.0,62796.453125,33961.62109375,44843.109375,11326.9326171875,18800.0,22769.876953125,39000.0,28738.7109375,12809.5234375,56586.95703125,58800.0,15789.4736328125,42800.0,88000.0,53490.56640625,18200.0,24750.0,1296.29
2025-05-20,21258.912109375,60700.0,35801.7109375,26991.771484375,86133.2421875,101584.078125,56893.88671875,27310.544921875,17194.849609375,21375.0,32950.0,18595.666015625,62700.0,63782.26953125,33671.3515625,44933.3359375,11326.9326171875,18850.0,22916.1484375,39500.0,30151.291015625,12857.142578125,56686.23046875,62900.0,15964.912109375,45750.0,88300.0,53395.046875,18200.0,25800.0,1315.15
2025-05-21,21300.43359375,60900.0,35801.7109375,26957.60546875,85079.328125,100817.0859375,56705.8046875,26916.16796875,17271.95703125,21458.333984375,32550.0,18745.328125,63600.0,63387.94140625,34155.13671875,44752.8828125,11454.2021484375,18700.0,22769.876953125,41800.0,30102.58203125,12857.142578125,56686.23046875,67300.0,15964.912109375,46750.0,88300.0,52917.453125,18450.0,25750.0,1323.05
2025-05-22,21217.390625,59700.0,35603.9140625,26547.6015625,85079.328125,99538.7734375,57364.08203125,26472.494140625,17002.08203125,21375.0,31900.0,18446.001953125,64000.0,63387.94140625,33671.3515625,44797.99609375,11411.779296875,18650.0,22769.876953125,41100.0,29712.904296875,12666.6669921875,56487.6796875,68100.0,15921.052734375,46250.0,87200.0,52535.37890625,18300.0,25350.0,1313.84
2025-05-23,21600.0,58800.0,35455.5625,26513.435546875,84121.2265625,99794.4296875,59244.87109375,26620.38671875,17040.634765625,21333.333984375,31950.0,18446.001953125,63200.0,63289.359375,33235.9453125,44617.5390625,11454.2021484375,18650.0,22769.876953125,41800.0,29371.935546875,12619.0478515625,56388.40625,68800.0,15964.912109375,46500.0,87800.0,52821.93359375,18100.0,25650.0,1314.46
2025-05-26,21500.0,61700.0,35455.5625,26820.935546875,86229.046875,99964.875,59244.87109375,28444.375,17426.169921875,21291.666015625,32500.0,18558.25,63800.0,63585.10546875,33574.59375,44617.5390625,11539.0478515625,18650.0,23013.6640625,41550.0,29566.775390625,12714.2861328125,56586.95703125,73500.0,16008.771484375,47250.0,87800.0,53204.01171875,18150.0,25500.0,1332.51
2025-05-27,21450.0,61600.0,35900.61328125,27060.103515625,87953.6328125,101413.6328125,59903.1484375,28986.642578125,17426.169921875,21291.666015625,32200.0,18520.833984375,64000.0,63387.94140625,33622.97265625,44617.5390625,11708.740234375,18450.0,23111.1796875,41500.0,29810.32421875,12714.2861328125,56388.40625,74300.0,16359.6494140625,47250.0,88400.0,52917.453125,18100.0,25300.0,1339.81
2025-05-28,21400.0,61500.0,36098.41015625,27025.9375,86899.71875,100902.3125,60279.3046875,29233.126953125,17156.294921875,21333.333984375,31950.0,18408.5859375,63900.0,63486.5234375,34348.6484375,44617.5390625,11708.740234375,18600.0,23111.1796875,41050.0,29712.904296875,12714.2861328125,56388.40625,75700.0,16184.2109375,48500.0,88000.0,52726.4140625,18000.0,26700.0,1341.87
2025-05-29,21300.0,62200.0,36048.9609375,26581.76953125,85750.0,99794.4296875,60185.265625,28986.642578125,17002.08203125,21291.666015625,32000.0,18333.75390625,63400.0,63387.94140625,33768.109375,44437.0859375,11539.0478515625,18400.0,22916.1484375,41300.0,30005.162109375,12761.904296875,56289.12890625,76900.0,16052.6318359375,48500.0,87500.0,52630.8984375,18150.0,27650.0,1341.86
2025-05-30,21100.0,60600.0,35603.9140625,26171.767578125,86133.2421875,99283.1015625,61125.6640625,28296.484375,16732.20703125,21458.333984375,31800.0,18221.505859375,62000.0,61219.1484375,33381.08203125,43985.9453125,11496.625,18400.0,22867.392578125,40700.0,29664.193359375,12619.0478515625,55991.3046875,77600.0,15701.75390625,49200.0,87000.0,52439.859375,17950.0,27500.0,1332.6
2025-06-02,21100.0,60000.0,35307.21484375,26240.1015625,85366.7578125,98942.21875,61595.859375,28888.048828125,16655.1015625,21291.666015625,32000.0,18408.5859375,62100.0,60134.75,34445.40625,44346.859375,11623.8935546875,18500.0,23111.1796875,41800.0,30053.87109375,12476.1904296875,55792.75390625,77000.0,15833.3330078125,49000.0,89500.0,52153.30078125,18000.0,26700.0,1336.3
2025-06-03,21250.0,61100.0,35505.01171875,26342.6015625,86708.1015625,100050.09375,61877.98046875,29085.236328125,16847.8671875,21666.666015625,32000.0,18483.41796875,63300.0,61514.890625,34493.78515625,44662.65234375,11793.5859375,18300.0,23891.3046875,41600.0,30784.517578125,12619.0478515625,56388.40625,77600.0,15877.193359375,49050.0,89800.0,53012.97265625,18300.0,26500.0,1347.25
2025-06-04,21100.0,60800.0,35356.6640625,26308.435546875,86324.859375,99794.4296875,60937.58203125,28740.158203125,16847.8671875,21625.0,31750.0,18371.169921875,64100.0,60430.49609375,34880.8125,45204.01953125,11708.740234375,18250.0,23598.7578125,41000.0,30540.96875,12476.1904296875,56189.85546875,77100.0,15877.193359375,49050.0,91800.0,54350.23828125,18250.0,26950.0,1345.74
2025-06-05,21000.0,60900.0,35109.4140625,26342.6015625,86803.9140625,99538.7734375,59997.1875,28789.455078125,16693.654296875,21458.333984375,31800.0,18258.921875,65800.0,60824.8203125,34929.1875,44662.65234375,11623.8935546875,18100.0,23354.96875,41350.0,30297.419921875,12523.8095703125,55892.02734375,76800.0,15789.4736328125,49000.0,91300.0,53777.125,18100.0,27000.0,1342.09
2025-06-06,21000.0,60900.0,34862.1640625,26103.43359375,86037.4296875,98004.78125,59244.87109375,27951.404296875,16809.314453125,21708.333984375,31200.0,18071.84375,65000.0,59641.84375,36187.02734375,44256.62890625,11623.8935546875,18200.0,23013.6640625,41750.0,29518.064453125,12476.1904296875,55693.4765625,76000.0,15657.89453125,48500.0,90000.0,52821.93359375,17800.0,26500.0,1329.89
2025-06-09,20950.0,59700.0,34862.1640625,25966.765625,84408.65625,99027.4375,59526.9921875,27310.544921875,16539.439453125,21916.666015625,31250.0,18146.67578125,64100.0,59641.84375,35800.0,44076.17578125,11548.6728515625,18150.0,22769.876953125,41950.0,28982.259765625,12428.5712890625,55494.92578125,70700.0,15657.89453125,45150.0,88800.0,52821.93359375,17850.0,25550.0,1310.57
2025-06-10,20950.0,59300.0,34812.71484375,25864.265625,87474.578125,98601.328125,59150.83203125,27754.216796875,16577.994140625,21833.333984375,31450.0,18109.259765625,64800.0,60627.66015625,35500.0,44076.17578125,11637.16796875,18100.0,22769.876953125,42900.0,29274.517578125,12428.5712890625,55494.92578125,72600.0,15657.89453125,45300.0,89000.0,52821.93359375,17950.0,26500.0,1316.23
2025-06-11,20950.0,58500.0,34664.36328125,25966.765625,88815.921875,100476.203125,58868.71484375,27359.841796875,16500.88671875,21750.0,31450.0,18146.67578125,64800.0,61021.984375,34950.0,44211.515625,11769.9111328125,18050.0,22916.1484375,42850.0,29323.2265625,12619.0478515625,55296.375,72100.0,15614.03515625,45100.0,87600.0,52726.4140625,18000.0,26100.0,1315.2
2025-06-12,21050.0,59200.0,34911.61328125,26308.435546875,89007.5390625,100691.3515625,59056.796875,28148.59375,16770.76171875,22333.333984375,31650.0,18483.41796875,65800.0,62599.2890625,35250.0,44617.5390625,11769.9111328125,18150.0,23062.421875,45000.0,30151.291015625,12666.6669921875,55594.203125,70000.0,15789.4736328125,43400.0,88900.0,53395.046875,18200.0,25200.0,1322.99
2025-06-13,21050.0,59500.0,35158.86328125,27265.10546875,88815.921875,99314.3828125,60561.42578125,26817.57421875,16655.1015625,22000.0,31600.0,18595.666015625,65400.0,62303.546875,37700.0,44301.7421875,11415.9296875,17950.0,22574.845703125,44900.0,30394.83984375,12571.4287109375,55792.75390625,68400.0,15701.75390625,42750.0,88000.0,53012.97265625,18150.0,24550.0,1315.49
2025-06-16,21300.0,59500.0,35455.5625,27538.439453125,93893.8515625,102412.5703125,64793.203125,27606.326171875,16770.76171875,22291.666015625,31650.0,18782.744140625,66800.0,63387.94140625,40300.0,44707.765625,11592.919921875,17950.0,23257.453125,45500.0,31466.453125,12666.6669921875,56189.85546875,67400.0,16052.6318359375,42700.0,87800.0,53777.125,18800.0,24500.0,1338.11
2025-06-17,21200.0,59300.0,35505.01171875,27572.607421875,94564.5234375,102240.453125,65169.36328125,28493.671875,16886.421875,22375.0,32350.0,18707.912109375,67900.0,63486.5234375,39050.0,45068.67578125,11681.416015625,17950.0,23257.453125,46000.0,31563.87109375,12857.142578125,56785.5078125,69600.0,15964.912109375,43850.0,87700.0,53681.60546875,18800.0,24550.0,1347.69
2025-06-18,21300.0,59400.0,35257.765625,27435.939453125,93318.9921875,100691.3515625,66673.9921875,28592.265625,16924.974609375,22625.0,31950.0,18745.328125,67500.0,62796.453125,39000.0,44662.65234375,11637.16796875,17950.0,23013.6640625,47200.0,31953.548828125,12761.904296875,56289.12890625,71400.0,15833.3330078125,44000.0,87700.0,53490.56640625,18500.0,24650.0,1346.83
2025-06-19,21300.0,59000.0,35406.11328125,27811.775390625,93318.9921875,99830.7421875,67520.34375,29479.61328125,16963.529296875,22416.666015625,32400.0,18782.744140625,67500.0,63092.19921875,39550.0,44617.5390625,11504.4248046875,18100.0,23306.2109375,47150.0,33122.58203125,12761.904296875,56189.85546875,71700.0,15789.4736328125,44700.0,88500.0,53586.0859375,18500.0,24700.0,1352.04
2025-06-20,21450.0,58600.0,35603.9140625,28221.775390625,92744.1328125,99916.8046875,65357.4375,28789.455078125,17079.189453125,22500.0,31900.0,19306.56640625,67500.0,63190.77734375,39150.0,44662.65234375,11592.919921875,18150.0,23403.7265625,46600.0,33122.58203125,12714.2861328125,56686.23046875,70200.0,15877.193359375,43400.0,88700.0,54063.6796875,18450.0,24600.0,1349.35
2025-06-23,21350.0,60100.0,35455.5625,28255.94140625,92360.890625,99744.6796875,68272.6640625,29381.017578125,16924.974609375,22375.0,31600.0,19381.3984375,68000.0,64078.01171875,40200.0,44437.0859375,11504.4248046875,18100.0,23159.9375,46450.0,32927.7421875,12666.6669921875,56189.85546875,74000.0,15789.4736328125,46400.0,87500.0,53395.046875,18400.0,24750.0,1358.18
2025-06-24,21300.0,61500.0,35603.9140625,28392.611328125,92456.703125,100261.0546875,64981.27734375,29233.126953125,16924.974609375,22500.0,31800.0,19381.3984375,69200.0,63979.4296875,38050.0,44797.99609375,11504.4248046875,18100.0,23696.2734375,46500.0,33122.58203125,12619.0478515625,56189.85546875,77300.0,15921.052734375,47900.0,88100.0,53872.640625,18550.0,24900.0,1366.77
2025-06-25,21250.0,61800.0,35455.5625,28495.109375,93127.375,100777.4140625,63476.6484375,30366.958984375,16809.314453125,22666.666015625,31800.0,19156.90234375,70300.0,64078.01171875,37300.0,45384.47265625,11548.6728515625,18100.0,23891.3046875,46800.0,32927.7421875,12761.904296875,56189.85546875,77900.0,15964.912109375,47900.0,87100.0,54254.71875,18400.0,24650.0,1366.75
2025-06-26,21200.0,62100.0,35307.21484375,28631.77734375,92648.3203125,100691.3515625,64417.04296875,30071.17578125,16732.20703125,22800.0,31800.0,19381.3984375,72000.0,63585.10546875,37050.0,45564.92578125,11592.919921875,18150.0,23891.3046875,46800.0,33171.29296875,12714.2861328125,55991.3046875,76000.0,15877.193359375,47500.0,87100.0,53872.640625,18350.0,24500.0,1365.67
2025-06-27,21200.0,63000.0,35702.8125,28665.9453125,94756.1484375,100949.5390625,63946.84375,29923.28515625,16809.314453125,22850.0,31950.0,19231.734375,76800.0,64866.6640625,37300.0,45655.15625,11460.1767578125,18150.0,24037.578125,46350.0,33073.87109375,12761.904296875,56289.12890625,77000.0,15877.193359375,47750.0,87200.0,55209.90625,18500.0,24800.0,1371.44
2025-06-30,21300.0,64200.0,35900.61328125,28631.77734375,97438.828125,101724.0859375,63758.765625,29873.98828125,16809.314453125,22700.0,32250.0,19306.56640625,76800.0,64570.921875,37250.0,45079.671875,11415.9296875,18150.0,24086.3359375,46700.0,33317.421875,12809.5234375,56586.95703125,76700.0,16052.6318359375,47800.0,88100.0,55400.9453125,18500.0,24650.0,1376.07
2025-07-01,21300.0,64500.0,36197.3125,28631.77734375,96672.34375,102240.453125,62442.21484375,30712.037109375,17040.634765625,22650.0,32150.0,19456.228515625,75200.0,63585.10546875,36900.0,44648.05859375,11371.681640625,18000.0,23842.546875,46950.0,33512.2578125,12904.76171875,57778.26171875,76300.0,16052.6318359375,47800.0,90500.0,54923.3515625,18450.0,24800.0,1377.84
2025-07-02,21300.0,68200.0,35999.51171875,28631.77734375,97534.640625,102068.328125,62442.21484375,30810.630859375,17194.849609375,22900.0,32350.0,19493.64453125,75200.0,63880.8515625,36950.0,44504.1875,11460.1767578125,18150.0,24866.4609375,47550.0,34096.7734375,12952.380859375,57579.7109375,76000.0,16052.6318359375,47700.0,90200.0,55114.38671875,18600.0,25200.0,1384.59
2025-07-03,21400.0,66400.0,35900.61328125,29041.779296875,98684.359375,101551.9609375,62254.13671875,29183.830078125,17387.6171875,23100.0,32500.0,19418.814453125,74500.0,64472.33984375,37000.0,44360.31640625,11504.4248046875,18300.0,25110.248046875,46650.0,33950.64453125,13095.23828125,57480.43359375,76300.0,16096.4912109375,47250.0,89000.0,54923.3515625,18650.0,25050.0,1381.96
2025-07-04,21850.0,65500.0,36147.86328125,29178.4453125,97726.2578125,105424.7109375,62442.21484375,28888.048828125,17387.6171875,23250.0,32750.0,19456.228515625,74600.0,65359.57421875,37250.0,44504.1875,11504.4248046875,18500.0,25256.521484375,47050.0,34048.06640625,13095.23828125,57976.8125,76000.0,16140.3505859375,45950.0,89800.0,55209.90625,18750.0,25150.0,1386.97
2025-07-07,22250.0,66000.0,36790.7109375,30340.1171875,97917.875,106543.5,62536.25390625,29331.720703125,17965.91796875,23600.0,33500.0,19755.5546875,74800.0,65556.734375,37100.0,44504.1875,12300.884765625,18900.0,25646.583984375,47550.0,34389.03125,13476.1904296875,58175.36328125,76900.0,16403.5078125,46500.0,90000.0,55305.42578125,19300.0,25500.0,1402.06
2025-07-08,22250.0,67500.0,37087.41015625,30340.1171875,98301.1171875,107145.921875,63664.73046875,29578.20703125,18120.1328125,24700.0,33700.0,19755.5546875,75600.0,66246.8046875,37300.0,44935.80078125,12522.1240234375,18900.0,26377.951171875,47650.0,34389.03125,13333.3330078125,58572.46484375,79200.0,16491.228515625,46650.0,95000.0,56356.1328125,19600.0,25800.0,1415.46
2025-07-09,22450.0,68600.0,37779.70703125,30750.119140625,97822.0703125,105682.890625,63946.84375,29430.31640625,18659.880859375,24750.0,33150.0,19905.21875,75800.0,66739.71875,37450.0,45703.11328125,12389.380859375,19100.0,27840.68359375,47800.0,33999.35546875,14190.4765625,61054.34765625,81800.0,16798.24609375,47500.0,94000.0,57502.359375,20050.0,26800.0,1431.32
2025-07-10,22550.0,68600.0,37829.15625,30750.119140625,97247.203125,106629.5625,64323.00390625,29676.80078125,18775.541015625,25150.0,33300.0,19792.970703125,76900.0,67035.4609375,37900.0,46134.73046875,12699.115234375,19200.0,28230.74609375,47650.0,33901.9375,14142.857421875,60955.07421875,86000.0,16754.38671875,50800.0,96000.0,57024.765625,20150.0,28450.0,1445.64
2025-07-11,22700.0,68000.0,37878.60546875,30476.78515625,99355.03125,108953.203125,63852.8046875,29578.20703125,18852.6484375,26000.0,33000.0,19980.05078125,76500.0,66936.875,37700.0,46182.6875,12566.3720703125,19300.0,28913.353515625,47650.0,34048.06640625,14142.857421875,62245.65234375,87900.0,16973.68359375,54000.0,100000.0,57120.28515625,20150.0,28600.0,1457.76
2025-07-14,22700.0,68500.0,38224.7578125,30271.783203125,99546.6484375,109383.515625,64134.92578125,30219.068359375,18814.095703125,25750.0,32850.0,20054.8828125,75300.0,68021.2734375,37500.0,46038.81640625,12522.1240234375,19250.0,29010.869140625,47950.0,34194.1953125,14190.4765625,61947.828125,88800.0,17017.54296875,56500.0,99000.0,57597.87890625,21000.0,28650.0,1470.42
2025-07-15,22450.0,67000.0,37680.80859375,30169.283203125,98109.5,108436.84375,63664.73046875,29676.80078125,18621.328125,25500.0,33500.0,19905.21875,74500.0,68317.0234375,37300.0,46086.7734375,12477.8759765625,19300.0,29742.236328125,47700.0,33901.9375,14047.619140625,60955.07421875,87400.0,16973.68359375,55800.0,97500.0,57406.83984375,20750.0,28150.0,1460.65
2025-07-16,22450.0,67100.0,37977.5078125,30715.951171875,97726.2578125,108695.0234375,63382.609375,29430.31640625,18698.435546875,26100.0,33800.0,19980.05078125,75000.0,69007.09375,37250.0,46038.81640625,12610.619140625,19400.0,30814.908203125,47800.0,34340.32421875,14190.4765625,61352.17578125,88000.0,16929.82421875,58700.0,96000.0,57406.83984375,20850.0,28800.0,1467.19
2025-07-17,22450.0,67300.0,37878.60546875,30750.119140625,98780.1640625,109297.453125,63664.73046875,29627.50390625,18775.541015625,26000.0,33650.0,20017.466796875,76200.0,69500.0,37100.0,46422.47265625,12654.8671875,20000.0,31107.453125,47700.0,34242.90234375,14190.4765625,61749.27734375,94100.0,17050.0,61000.0,94300.0,57406.83984375,20900.0,29750.0,1490.01
2025-07-18,22650.0,67700.0,37928.05859375,30784.287109375,98301.1171875,108436.84375,64040.890625,29972.58203125,18814.095703125,25900.0,34600.0,20354.208984375,79100.0,69697.1640625,37300.0,46230.64453125,12566.3720703125,19800.0,31009.9375,50200.0,35314.515625,14380.9521484375,61451.44921875,96000.0,17100.0,59500.0,93300.0,57502.359375,21350.0,29450.0,1497.28
2025-07-21,22850.0,66800.0,37680.80859375,30886.78515625,97822.0703125,109164.0546875,63476.6484375,30169.771484375,18891.201171875,26200.0,35500.0,20167.12890625,77500.0,69007.09375,37100.0,45751.0703125,12920.353515625,19900.0,30571.119140625,49500.0,34535.1640625,14380.9521484375,60855.796875,92000.0,17350.0,56000.0,95100.0,57311.3203125,22300.0,29000.0,1485.05
2025-07-22,22900.0,68200.0,38472.00390625,31160.12109375,98013.6875,110945.515625,63852.8046875,30021.87890625,19623.71875,26450.0,35900.0,20316.79296875,77700.0,69401.4140625,37150.0,45846.984375,12920.353515625,20000.0,31204.96875,49500.0,34437.7421875,14571.4287109375,61749.27734375,95500.0,17400.0,58750.0,101700.0,57502.359375,22500.0,30000.0,1509.54
2025-07-23,23000.0,69200.0,38274.20703125,31194.287109375,101271.2265625,110648.609375,64887.23828125,30613.443359375,20433.341796875,26400.0,35250.0,20503.873046875,77300.0,69500.0,37250.0,46614.30078125,12964.6015625,19850.0,31448.7578125,48700.0,34096.7734375,14666.6669921875,61650.0,92200.0,17800.0,57500.0,108800.0,58935.140625,23350.0,29250.0,1512.31
2025-07-24,23200.0,69900.0,38422.5546875,31228.453125,100792.1796875,109955.8203125,64981.27734375,31205.0078125,21281.517578125,26000.0,35500.0,21252.189453125,76000.0,69500.0,38100.0,46997.95703125,13318.583984375,19950.0,31204.96875,49000.0,34145.484375,14857.142578125,61650.0,92000.0,18350.0,58000.0,114000.0,60845.51953125,23500.0,29800.0,1521.02
2025-07-25,23600.0,69800.0,38422.5546875,31160.12109375,100792.1796875,109559.9375,64605.125,30761.333984375,21782.712890625,26050.0,35250.0,21289.60546875,75800.0,70100.0,38100.0,47093.87109375,13318.583984375,20700.0,33155.28125,48800.0,34291.61328125,14857.142578125,61550.7265625,93700.0,18400.0,57050.0,121900.0,60367.92578125,24050.0,29500.0,1531.13
2025-07-28,23850.0,69700.0,38966.50390625,31160.12109375,101079.609375,110153.7578125,64793.203125,30958.5234375,21936.92578125,26350.0,36550.0,21514.099609375,77600.0,70200.0,37850.0,47285.69921875,14247.7880859375,21100.0,34910.55859375,49100.0,34681.29296875,15666.6669921875,62344.92578125,95600.0,18850.0,57800.0,127000.0,60463.4453125,25100.0,29350.0,1557.42
2025-07-29,22750.0,68100.0,36988.5078125,29930.115234375,97247.203125,104908.34375,63946.84375,29085.236328125,20433.341796875,25350.0,34300.0,20092.296875,72200.0,66600.0,36500.0,45415.37109375,13318.583984375,19900.0,32472.671875,48000.0,33025.1640625,14571.4287109375,60557.97265625,92100.0,18550.0,56600.0,118300.0,60367.92578125,23600.0,28000.0,1493.41
2025-07-30,23000.0,69000.0,37680.80859375,31570.12109375,99546.6484375,105007.3125,63852.8046875,29085.236328125,20549.001953125,25400.0,34200.0,20503.873046875,73000.0,67100.0,36300.0,45655.15625,14247.7880859375,19250.0,33057.765625,49300.0,33609.6796875,15142.857421875,60458.6953125,91500.0,19350.0,54750.0,118700.0,60081.3671875,25250.0,28100.0,1507.63
2025-07-31,23000.0,71700.0,37433.55859375,31365.12109375,98588.546875,102928.9375,63664.73046875,29676.80078125,20394.787109375,24950.0,34200.0,20541.2890625,72500.0,65300.0,36250.0,45703.11328125,15221.2392578125,19500.0,33350.3125,49950.0,33122.58203125,14952.380859375,59763.76953125,90000.0,19400.0,52750.0,121200.0,58457.546875,25800.0,28100.0,1502.52
2025-08-01,23000.0,69900.0,36790.7109375,30271.783203125,97343.015625,105898.0390625,63570.69140625,29282.423828125,20818.875,25150.0,34500.0,20316.79296875,72500.0,65200.0,35800.0,45990.859375,15398.23046875,19600.0,32375.15625,49400.0,33220.0,14952.380859375,59763.76953125,89900.0,19000.0,52000.0,119000.0,57311.3203125,25800.0,28450.0,1507.63
2025-08-04,23300.0,71000.0,37631.359375,31194.287109375,98875.9765625,105502.1640625,63946.84375,29479.61328125,21589.9453125,25300.0,34700.0,20803.197265625,73900.0,67000.0,36600.0,46134.73046875,16460.177734375,20250.0,33155.28125,50000.0,34437.7421875,15952.380859375,60657.24609375,92200.0,19350.0,55600.0,127300.0,57693.3984375,26400.0,29100.0,1528.19
2025-08-05,23450.0,68900.0,38323.65625,31775.123046875,99163.40625,104710.3984375,63758.765625,29528.91015625,21512.837890625,26400.0,35300.0,22225.0,74600.0,69300.0,36600.0,45559.2421875,16238.9384765625,19600.0,33789.1328125,51700.0,36045.1640625,16761.904296875,61054.34765625,96000.0,19300.0,58750.0,127300.0,57406.83984375,26500.0,30950.0,1547.15
2025-08-06,24200.0,69700.0,39065.40625,32458.4609375,101846.0859375,103819.671875,65169.36328125,29824.69140625,21782.712890625,27100.0,36100.0,22898.484375,76000.0,72400.0,37450.0,45846.984375,16592.919921875,20000.0,34422.98046875,54100.0,37214.1953125,17333.333984375,61848.55078125,97500.0,19500.0,59250.0,129000.0,58553.06640625,27100.0,30100.0,1573.71
2025-08-07,24400.0,70600.0,40004.953125,32697.62890625,101846.0859375,105106.28125,64981.27734375,30662.740234375,21975.48046875,28500.0,35800.0,23010.732421875,76200.0,72400.0,37100.0,45751.0703125,16681.416015625,19800.0,34276.70703125,54600.0,37409.03125,18523.80859375,61252.8984375,95000.0,19550.0,57500.0,127700.0,58170.9921875,28950.0,30500.0,1581.81
2025-08-08,24250.0,70600.0,39263.203125,32595.126953125,102995.8125,104512.4609375,66015.7109375,30169.771484375,21628.498046875,28000.0,35400.0,22861.068359375,76700.0,72000.0,38200.0,45894.94140625,16504.423828125,20100.0,34618.01171875,54000.0,36873.2265625,18428.572265625,61451.44921875,94800.0,20250.0,58500.0,121500.0,58075.47265625,29550.0,30000.0,1584.95
2025-08-11,24400.0,70700.0,39757.703125,32458.4609375,101846.0859375,105304.21875,66203.796875,32141.650390625,21512.837890625,28150.0,35800.0,23796.462890625,82000.0,72100.0,37950.0,46230.64453125,16902.654296875,20500.0,36568.32421875,53700.0,36775.80859375,18619.046875,62047.1015625,93500.0,20300.0,57750.0,124000.0,58744.10546875,29600.0,29350.0,1600.41
2025-08-12,24250.0,71500.0,41043.3984375,32800.125,103379.046875,106392.890625,66297.8359375,31993.759765625,22283.908203125,28500.0,38050.0,24245.455078125,83600.0,72200.0,38500.0,46326.55859375,16725.6640625,20400.0,35836.95703125,54000.0,36727.09765625,18285.71484375,62543.4765625,93000.0,19900.0,57750.0,127000.0,59030.66015625,29600.0,29450.0,1608.22
2025-08-13,24500.0,71000.0,40895.05078125,33893.46484375,102037.7109375,104017.609375,65827.6328125,32190.947265625,22322.4609375,28100.0,39200.0,25800.0,85900.0,70900.0,38000.0,45990.859375,17123.89453125,19950.0,35836.95703125,53900.0,36532.2578125,18238.095703125,62047.1015625,93000.0,19950.0,58000.0,127400.0,58362.02734375,28800.0,29450.0,1611.6
2025-08-14,26200.0,70500.0,41686.24609375,34303.46875,101462.8515625,102731.0,65545.5234375,31648.681640625,23864.599609375,28200.0,40200.0,27600.0,84800.0,71900.0,37900.0,45942.8984375,18053.09765625,20800.0,35885.71484375,55400.0,37409.03125,18857.142578125,64727.53515625,93900.0,20450.0,59100.0,136300.0,58935.140625,30800.0,30150.0,1640.69
2025-08-15,26550.0,70200.0,40548.90234375,33483.4609375,99259.21875,100355.71875,65545.5234375,30958.5234375,23903.154296875,28000.0,39000.0,28250.0,83100.0,70500.0,38500.0,45559.2421875,18451.328125,20650.0,35641.92578125,53900.0,36629.6796875,18571.427734375,63834.05859375,94000.0,20350.0,59100.0,145600.0,58266.51171875,31100.0,30300.0,1630.0
2025-08-18,27050.0,70000.0,40351.1015625,33141.796875,99067.59375,99464.984375,65827.6328125,31303.6015625,23517.619140625,28400.0,40100.0,27800.0,83900.0,70000.0,38800.0,45223.54296875,18850.0,20600.0,34910.55859375,52800.0,36970.64453125,19190.4765625,64032.609375,93900.0,20100.0,59100.0,142400.0,57979.953125,32000.0,29950.0,1636.37
2025-08-19,28450.0,70500.0,40400.55078125,33893.46484375,97917.875,99267.046875,65733.59375,31205.0078125,25059.7578125,28150.0,42800.0,28200.0,85000.0,68000.0,38350.0,45223.54296875,18500.0,20700.0,35836.95703125,53200.0,38188.38671875,20238.095703125,63734.78125,93900.0,20500.0,59100.0,146000.0,57788.9140625,34200.0,29950.0,1654.2
2025-08-20,28000.0,70500.0,40252.203125,34576.80078125,94851.953125,96693.8203125,64228.96484375,31747.275390625,24558.5625,27400.0,45750.0,27800.0,83900.0,69400.0,37000.0,44839.88671875,18300.0,21600.0,35203.10546875,54100.0,39454.83984375,19666.666015625,62543.4765625,99000.0,21900.0,62100.0,143800.0,57311.3203125,36550.0,30000.0,1664.36
2025-08-21,29450.0,69900.0,41834.59765625,35396.8046875,92648.3203125,100652.625,65169.36328125,31254.3046875,25638.060546875,27400.0,48400.0,28200.0,84300.0,71000.0,36900.0,44696.015625,18500.0,23100.0,36129.50390625,57800.0,40477.7421875,21000.0,63734.78125,99800.0,23400.0,62500.0,145800.0,57406.83984375,38650.0,30400.0,1688.0
2025-08-22,27850.0,66500.0,42774.14453125,34781.8046875,94660.3359375,97980.4296875,63946.84375,29085.236328125,24944.09765625,26000.0,47000.0,26900.0,81000.0,70300.0,35950.0,43928.703125,17250.0,22100.0,34861.80078125,55500.0,37993.55078125,20571.427734375,64131.8828125,98100.0,23600.0,62050.0,140000.0,56069.578125,35950.0,30000.0,1645.47
2025-08-25,26200.0,65000.0,40548.90234375,33551.79296875,92935.7578125,97782.4921875,64605.125,28000.703125,24134.474609375,25950.0,45000.0,26200.0,79500.0,68800.0,35850.0,43736.875,16300.0,20750.0,35739.44140625,53000.0,36580.96875,19142.857421875,63139.12890625,98400.0,21950.0,65500.0,142500.0,56069.578125,33500.0,30000.0,1614.03
2025-08-26,27350.0,69000.0,41340.09765625,34986.80078125,94851.953125,98970.1328125,65357.4375,28789.455078125,24905.544921875,27200.0,45500.0,27550.0,81100.0,73600.0,36350.0,44024.6171875,17400.0,21800.0,38226.0859375,55000.0,38334.515625,19952.380859375,64131.8828125,105200.0,22750.0,67750.0,144000.0,57024.765625,34300.0,31300.0,1667.63
2025-08-27,27650.0,67900.0,42329.09765625,34918.46875,94564.5234375,103918.640625,64793.203125,28740.158203125,25021.205078125,26750.0,43800.0,27400.0,82200.0,75000.0,36400.0,44120.53125,17650.0,21400.0,39250.0,55600.0,37944.83984375,19238.095703125,68599.2734375,104600.0,22350.0,66000.0,144100.0,57788.9140625,33300.0,30600.0,1673.0
2025-08-28,27550.0,68000.0,42032.3984375,35260.13671875,95522.625,103423.7890625,64900.0,28789.455078125,25059.7578125,27100.0,44850.0,27200.0,83100.0,77300.0,36150.0,44648.05859375,18400.0,21500.0,40956.5234375,54800.0,38578.06640625,19809.5234375,68500.0,104600.0,22150.0,65050.0,145000.0,58266.51171875,34000.0,30700.0,1680.86
2025-08-29,27800.0,67000.0,42378.546875,35055.13671875,94085.4765625,100553.65625,63800.0,28641.5625,25792.2734375,27500.0,45000.0,27750.0,83000.0,78000.0,36100.0,44648.05859375,18800.0,21400.0,41151.5546875,55600.0,38578.06640625,19904.76171875,68102.8984375,104500.0,22600.0,64150.0,144500.0,57597.87890625,35000.0,30400.0,1682.21
2025-09-03,27500.0,67800.0,43021.39453125,34576.80078125,93510.6171875,102137.1796875,63800.0,28888.048828125,25522.400390625,28150.0,44700.0,28450.0,83000.0,75800.0,36550.0,44456.23046875,19050.0,21150.0,40322.671875,56300.0,38578.06640625,20047.619140625,66514.4921875,102700.0,22650.0,62500.0,142000.0,58744.10546875,34500.0,30150.0,1681.3
2025-09-04,27650.0,67700.0,42922.49609375,34850.13671875,95139.3828125,103918.640625,64200.0,29085.236328125,25560.953125,29850.0,45650.0,28250.0,84800.0,77500.0,36650.0,45175.5859375,18850.0,21650.0,41249.0703125,56400.0,38578.06640625,20476.19140625,68400.7265625,102300.0,22950.0,62500.0,140000.0,59030.66015625,34900.0,30300.0,1696.29
2025-09-05,27150.0,67700.0,41488.44921875,34371.80078125,93798.046875,102335.1171875,63800.0,29381.017578125,24905.544921875,28800.0,44450.0,27400.0,83000.0,75000.0,36600.0,45367.4140625,18000.0,21000.0,39493.7890625,56000.0,38480.64453125,19619.046875,67010.8671875,100000.0,22250.0,62500.0,142000.0,58170.9921875,33500.0,30300.0,1666.97
2025-09-08,26550.0,66900.0,40202.75,33825.1328125,92169.2734375,100850.5625,62600.0,28395.078125,23826.046875,28900.0,42800.0,26700.0,81000.0,74000.0,35500.0,44887.84375,17250.0,19950.0,39201.2421875,54000.0,37019.35546875,18428.572265625,64826.8125,100000.0,21000.0,62500.0,141900.0,57884.43359375,31200.0,30300.0,1624.53
2025-09-09,26550.0,67900.0,40202.75,33893.46484375,91594.4140625,101048.5078125,62100.0,28197.890625,24327.2421875,28850.0,42300.0,26650.0,81000.0,76000.0,35450.0,44408.2734375,17600.0,19650.0,40956.5234375,54200.0,37506.453125,18523.80859375,64429.7109375,101400.0,21050.0,64600.0,145000.0,57597.87890625,32400.0,30300.0,1637.32
2025-09-10,26550.0,67500.0,40252.203125,34508.46484375,91881.84375,100157.7734375,61900.0,27902.107421875,24365.794921875,28850.0,41950.0,26950.0,81000.0,75500.0,35400.0,44360.31640625,17800.0,19950.0,41395.34375,53900.0,37993.55078125,18285.71484375,65323.1875,101800.0,20900.0,65450.0,144900.0,57120.28515625,32450.0,30600.0,1643.26
2025-09-11,26200.0,67600.0,40202.75,34576.80078125,92935.7578125,100949.5390625,62000.0,28345.78125,24288.6875,29150.0,44000.0,26700.0,82000.0,78800.0,35350.0,44504.1875,17800.0,20100.0,41395.34375,55400.0,37701.29296875,18714.28515625,65223.9140625,105900.0,21000.0,68000.0,145400.0,58457.546875,32250.0,31100.0,1657.75
2025-09-12,26300.0,66900.0,40499.44921875,34440.1328125,93414.8046875,100553.65625,62500.0,28937.345703125,24288.6875,30000.0,44100.0,26600.0,86000.0,79000.0,35600.0,44743.97265625,17550.0,19650.0,40859.0078125,55400.0,37603.87109375,18571.427734375,65323.1875,105500.0,21250.0,68900.0,146000.0,60367.92578125,31600.0,30750.0,1667.26
2025-09-15,26400.0,68800.0,41735.69921875,35260.13671875,95331.0078125,100850.5625,63200.0,29430.31640625,24095.921875,30350.0,44550.0,26850.0,88500.0,79500.0,35750.0,44791.9296875,17800.0,19850.0,41151.5546875,56000.0,37993.55078125,18857.142578125,65323.1875,104500.0,21450.0,68900.0,145600.0,60272.40625,31550.0,30650.0,1684.9
2025-09-16,26400.0,69000.0,41587.34765625,35875.13671875,95810.0546875,102434.0859375,62700.0,29035.939453125,24134.474609375,29950.0,44900.0,27500.0,86800.0,80300.0,35950.0,45846.984375,18200.0,20000.0,40566.4609375,56100.0,38334.515625,18714.28515625,65124.63671875,102700.0,21050.0,67500.0,142000.0,61800.70703125,31700.0,30600.0,1680.9
2025-09-17,26150.0,69700.0,40548.90234375,35123.46875,95618.4375,104413.4921875,64000.0,28493.671875,23826.046875,29200.0,45300.0,27000.0,84200.0,78000.0,36100.0,45367.4140625,18050.0,20100.0,39591.3046875,56200.0,37701.29296875,18380.953125,64330.43359375,102900.0,20650.0,71550.0,142000.0,62182.78515625,31000.0,30200.0,1670.97
2025-09-18,25550.0,69200.0,40351.1015625,34986.80078125,94660.3359375,101939.234375,63000.0,28395.078125,23671.83203125,29150.0,45400.0,26800.0,84000.0,78500.0,35600.0,44887.84375,17850.0,20000.0,39786.3359375,57000.0,37798.7109375,17952.380859375,63436.95703125,103500.0,20550.0,72500.0,139800.0,60750.0,30800.0,30200.0,1665.18
2025-09-19,25350.0,68900.0,39362.10546875,34986.80078125,92648.3203125,101939.234375,62500.0,28197.890625,23286.298828125,29250.0,46500.0,26650.0,83900.0,78600.0,35350.0,44120.53125,17750.0,19600.0,39347.515625,55200.0,37409.03125,17714.28515625,62543.4765625,101700.0,20300.0,76600.0,137200.0,59221.69921875,30400.0,29450.0,1658.62
2025-09-22,25150.0,67700.0,40548.90234375,33688.46484375,91977.65625,98673.2265625,61800.0,27902.107421875,22361.015625,28400.0,46500.0,26150.0,81900.0,76500.0,34850.0,43832.7890625,17400.0,19300.0,38323.6015625,54800.0,36532.2578125,18095.23828125,61550.7265625,99500.0,19750.0,74400.0,135500.0,58648.5859375,29500.0,28800.0,1634.45
2025-09-23,25350.0,66700.0,40400.55078125,34166.80078125,91977.65625,96990.7265625,61600.0,27704.919921875,22129.693359375,28650.0,46550.0,26350.0,81900.0,77800.0,34750.0,43928.703125,17000.0,19300.0,38421.1171875,55400.0,36532.2578125,18285.71484375,61749.27734375,98700.0,19850.0,74600.0,133000.0,58839.625,29900.0,28300.0,1635.26
2025-09-24,26000.0,67300.0,40746.69921875,34508.46484375,92935.7578125,98475.28125,61600.0,28197.890625,23671.83203125,29050.0,47450.0,26800.0,82900.0,79200.0,35000.0,44216.4453125,17350.0,19500.0,39250.0,57000.0,37798.7109375,18714.28515625,62245.65234375,98000.0,20500.0,74500.0,133700.0,59221.69921875,31600.0,29000.0,1657.46
2025-09-25,25650.0,67400.0,40450.0,34371.80078125,92456.703125,96990.7265625,61900.0,28395.078125,23903.154296875,28800.0,47950.0,26550.0,82200.0,79000.0,35050.0,43976.66015625,17350.0,19450.0,39000.0,56900.0,37896.12890625,18476.19140625,62543.4765625,99500.0,20100.0,79000.0,135900.0,58744.10546875,30950.0,29400.0,1666.09
2025-09-26,25650.0,67700.0,40103.8515625,34645.1328125,91402.796875,96495.8828125,61500.0,28099.296875,23247.744140625,28550.0,48050.0,26250.0,82200.0,77900.0,34800.0,43784.83203125,17200.0,19500.0,38000.0,56500.0,37701.29296875,17904.76171875,62543.4765625,99000.0,19800.0,82000.0,132500.0,58362.02734375,30400.0,29400.0,1660.7
2025-09-29,25600.0,67200.0,39856.6015625,34850.13671875,90061.453125,94516.4765625,61500.0,27852.810546875,23826.046875,28600.0,47800.0,26150.0,81800.0,77000.0,34750.0,43640.9609375,16800.0,19500.0,37550.0,56600.0,37750.0,17952.380859375,62146.375,101900.0,19750.0,86400.0,129700.0,57597.87890625,31100.0,30000.0,1666.48
2025-09-30,25500.0,66900.0,39559.90234375,34713.46484375,87953.6328125,92042.2265625,60400.0,27310.544921875,23903.154296875,28150.0,49500.0,26200.0,81000.0,77700.0,34200.0,43353.21875,16900.0,19300.0,38550.0,56900.0,37850.0,17952.380859375,61550.7265625,103000.0,19900.0,87450.0,129600.0,57311.3203125,31100.0,32100.0,1661.7
2025-10-01,25800.0,66900.0,39609.3515625,35191.80078125,88336.875,92438.1015625,60600.0,27458.435546875,23826.046875,28300.0,51000.0,26400.0,81300.0,77700.0,34150.0,43449.1328125,16950.0,19400.0,38600.0,59800.0,38550.0,18380.953125,61947.828125,101200.0,20100.0,85000.0,128000.0,59317.21875,30900.0,33150.0,1665.05
2025-10-02,25750.0,66200.0,39658.8046875,35191.80078125,87953.6328125,91151.4921875,60300.0,26916.16796875,23787.494140625,28100.0,51600.0,26800.0,81500.0,77100.0,34000.0,43545.046875,17000.0,19300.0,37850.0,58700.0,38850.0,17904.76171875,61650.0,98600.0,19700.0,85500.0,128700.0,58457.546875,30150.0,31750.0,1652.71
2025-10-03,25650.0,66400.0,39362.10546875,34713.46484375,87666.203125,92438.1015625,60100.0,26324.603515625,23286.298828125,27650.0,52500.0,26550.0,80000.0,77000.0,33450.0,43688.91796875,16700.0,19000.0,37650.0,57000.0,38350.0,17809.5234375,61700.0,100000.0,19750.0,88250.0,129300.0,58553.06640625,29500.0,32750.0,1645.82
2025-10-06,26800.0,66900.0,40301.65234375,35806.8046875,88911.734375,94516.4765625,60800.0,27162.65234375,24288.6875,29200.0,51800.0,27350.0,83000.0,77600.0,34150.0,44264.40234375,17400.0,19700.0,40250.0,59800.0,39400.0,18904.76171875,64000.0,102700.0,20550.0,89850.0,134300.0,59603.7734375,31550.0,35000.0,1695.5
2025-10-07,26450.0,66200.0,40054.40234375,35260.13671875,89103.3515625,94516.4765625,60900.0,26965.46484375,24134.474609375,29000.0,52600.0,26850.0,82500.0,78000.0,33900.0,44120.53125,17250.0,19200.0,40800.0,58500.0,39000.0,18428.572265625,63700.0,103100.0,20200.0,90000.0,133400.0,58648.5859375,31050.0,35000.0,1685.3
2025-10-08,26750.0,67000.0,40004.953125,36148.47265625,90444.6953125,93526.7734375,60900.0,27064.05859375,24250.134765625,29200.0,52000.0,26850.0,82600.0,80800.0,33950.0,44072.57421875,17300.0,19200.0,41200.0,59900.0,38600.0,18523.80859375,64600.0,107500.0,20050.0,89050.0,133400.0,60558.96484375,31100.0,36300.0,1697.83
2025-10-09,26950.0,66300.0,40351.1015625,37583.4765625,89582.3984375,93229.8671875,60900.0,27606.326171875,24404.349609375,28950.0,51200.0,27350.0,83100.0,81500.0,34100.0,43736.875,17900.0,19100.0,40650.0,60000.0,38950.0,19047.619140625,63800.0,115000.0,20400.0,89750.0,133100.0,60081.3671875,32100.0,38000.0,1716.47
2025-10-10,26950.0,66100.0,40746.69921875,37720.1484375,90348.8828125,95110.296875,60900.0,27655.623046875,24558.5625,29600.0,51600.0,27450.0,84100.0,82000.0,34050.0,43976.66015625,18000.0,19450.0,40700.0,60400.0,39350.0,18666.666015625,64200.0,123000.0,20350.0,96000.0,133300.0,59603.7734375,32100.0,40350.0,1747.55
2025-10-13,26750.0,66100.0,40450.0,38266.8125,91881.84375,93031.921875,60600.0,28099.296875,25175.41796875,29000.0,52500.0,27350.0,85000.0,83000.0,34050.0,44072.57421875,18100.0,19450.0,41350.0,61000.0,41300.0,18523.80859375,63100.0,124200.0,20150.0,102700.0,142600.0,61132.078125,31700.0,43000.0,1765.12
2025-10-14,26300.0,64800.0,39600.0,37610.62109375,92169.2734375,91448.40625,60000.0,27458.435546875,25175.41796875,28350.0,51500.0,27050.0,82500.0,84200.0,33600.0,43545.046875,18000.0,19400.0,41000.0,60600.0,40800.0,18285.71484375,63100.0,127000.0,20000.0,105950.0,152500.0,60654.48046875,32500.0,42750.0,1761.06
2025-10-15,26300.0,64500.0,39350.0,37887.16796875,91019.5546875,88677.2421875,59000.0,27064.05859375,25522.400390625,28250.0,51600.0,27250.0,82500.0,83300.0,33700.0,43401.17578125,18200.0,19000.0,41450.0,60000.0,40800.0,18761.904296875,62500.0,124000.0,20250.0,104750.0,163100.0,60750.0,33700.0,41900.0,1757.95
2025-10-16,26300.0,65500.0,39750.0,37195.796875,91019.5546875,88875.1796875,58700.0,26817.57421875,25753.720703125,28250.0,51300.0,27200.0,88200.0,84500.0,33700.0,43353.21875,18150.0,19000.0,41350.0,59500.0,41250.0,18809.5234375,62900.0,122000.0,20000.0,106550.0,173500.0,61200.0,33200.0,43400.0,1766.85
2025-10-17,25750.0,65900.0,39050.0,36089.6015625,89294.96875,87192.6875,58600.0,26718.98046875,25059.7578125,28000.0,49500.0,27100.0,88000.0,84500.0,33550.0,43401.17578125,18100.0,18450.0,40800.0,59000.0,40650.0,18333.333984375,61900.0,116000.0,19700.0,102000.0,175000.0,58800.0,31950.0,41000.0,1731.19
2025-10-20,24800.0,62500.0,36500.0,33808.07421875,83354.75,86104.015625,57000.0,24894.990234375,23324.8515625,26050.0,47500.0,25250.0,81900.0,80900.0,32700.0,42202.24609375,16850.0,17400.0,37950.0,54900.0,37850.0,17095.23828125,59400.0,108000.0,18350.0,97450.0,174500.0,55000.0,29750.0,38150.0,1636.43
2025-10-21,25000.0,64000.0,37050.0,34534.015625,85462.5703125,92042.2265625,56000.0,25042.880859375,24944.09765625,26800.0,49000.0,25300.0,78000.0,83000.0,33350.0,42633.859375,17000.0,18550.0,38600.0,55600.0,37650.0,17333.333984375,59300.0,110900.0,18650.0,101700.0,180000.0,56500.0,30350.0,38800.0,1663.43
2025-10-22,25100.0,65000.0,37200.0,34914.26953125,87187.1484375,96001.03125,59000.0,26127.416015625,25059.7578125,26700.0,49900.0,25450.0,79000.0,84500.0,34250.0,42969.55859375,16650.0,18250.0,38450.0,55400.0,38000.0,17285.71484375,59600.0,113000.0,18650.0,101500.0,180200.0,56300.0,30450.0,39000.0,1678.5
2025-10-23,24950.0,65400.0,36900.0,34361.171875,87187.1484375,94021.625,59800.0,25733.0390625,25445.29296875,26500.0,51300.0,25200.0,78200.0,85700.0,34250.0,43593.00390625,16700.0,18150.0,37500.0,55600.0,37250.0,16952.380859375,59800.0,115000.0,18500.0,107500.0,184000.0,56600.0,30000.0,39400.0,1687.06
2025-10-24,25000.0,65800.0,36900.0,34430.30859375,88528.4921875,96693.8203125,59600.0,26176.712890625,25213.97265625,26400.0,52200.0,24400.0,79300.0,85700.0,34300.0,43305.26171875,16300.0,18000.0,36000.0,54500.0,36100.0,17047.619140625,59500.0,114500.0,18500.0,109500.0,180000.0,58100.0,29200.0,38800.0,1683.18
2025-10-27,25000.0,65500.0,36500.0,33600.6640625,89007.5390625,96990.7265625,59300.0,27014.76171875,23980.259765625,26250.0,51900.0,23800.0,78500.0,81000.0,34150.0,43593.00390625,16150.0,17550.0,34800.0,54600.0,35050.0,16714.28515625,59200.0,106500.0,18450.0,107000.0,175300.0,57000.0,28300.0,36100.0,1652.54
2025-10-28,25400.0,66500.0,37100.0,33877.2109375,90061.453125,101147.4765625,60000.0,27162.65234375,24828.4375,26800.0,52800.0,24000.0,79000.0,84200.0,34050.0,43593.00390625,16350.0,17750.0,35850.0,56800.0,36000.0,17095.23828125,60000.0,107000.0,19200.0,110050.0,187500.0,57400.0,29450.0,36800.0,1680.5
2025-10-29,25400.0,66700.0,37800.0,34326.60546875,90444.6953125,100652.625,60200.0,27704.919921875,25753.720703125,27250.0,53900.0,24350.0,79200.0,84100.0,34500.0,43880.74609375,16800.0,17950.0,35600.0,57200.0,36400.0,17285.71484375,60700.0,103800.0,19000.0,106000.0,195100.0,57500.0,29850.0,35950.0,1685.83
2025-10-30,25100.0,66900.0,37900.0,34015.48828125,89678.2109375,101642.328125,59700.0,27951.404296875,25753.720703125,26900.0,52000.0,23950.0,79300.0,83900.0,34550.0,43832.7890625,16900.0,17900.0,34850.0,56900.0,35700.0,17150.0,60600.0,104000.0,18750.0,102050.0,195500.0,57100.0,29200.0,34600.0,1669.57
2025-10-31,25500.0,66000.0,37400.0,33877.2109375,91977.65625,102829.96875,61600.0,28641.5625,24674.22265625,26700.0,50700.0,23600.0,79600.0,82600.0,34550.0,43976.66015625,16450.0,17700.0,34300.0,55500.0,35100.0,16650.0,59600.0,99200.0,18550.0,95500.0,187000.0,57600.0,28700.0,33300.0,1639.65
2025-11-03,25450.0,66000.0,37100.0,33531.52734375,91498.6015625,103918.640625,61500.0,27951.404296875,23556.171875,26050.0,50700.0,23100.0,77000.0,81000.0,34300.0,44408.2734375,15950.0,17750.0,32500.0,52300.0,33600.0,16650.0,59300.0,98500.0,18350.0,97700.0,183500.0,57300.0,27600.0,31350.0,1617.0
2025-11-04,26000.0,67000.0,37900.0,34534.015625,90636.3125,102236.1484375,60500.0,28345.78125,23980.259765625,26750.0,51700.0,24000.0,80000.0,81800.0,34200.0,44360.31640625,16300.0,17800.0,34750.0,53900.0,35000.0,17250.0,60100.0,100200.0,18950.0,100500.0,185800.0,57300.0,29500.0,33500.0,1651.98
2025-11-05,25600.0,67200.0,38650.0,35467.3671875,91019.5546875,99860.8671875,63000.0,28641.5625,23941.70703125,26300.0,51500.0,23900.0,80200.0,80200.0,35200.0,44312.359375,16200.0,17500.0,34900.0,53500.0,34100.0,16900.0,60800.0,99600.0,18750.0,103250.0,184500.0,58000.0,29250.0,32500.0,1654.89
2025-11-06,25300.0,68700.0,38500.0,35329.09375,91019.5546875,99168.0703125,62100.0,28296.484375,23209.19140625,26100.0,51500.0,23700.0,78800.0,80300.0,34750.0,44264.40234375,15850.0,17450.0,34300.0,51900.0,33600.0,16900.0,60300.0,98900.0,18550.0,103900.0,180900.0,58000.0,28500.0,32000.0,1642.64
2025-11-07,24900.0,68000.0,37500.0,33877.2109375,89199.1640625,99959.8359375,62900.0,27409.138671875,23132.083984375,26050.0,49300.0,23300.0,76800.0,76500.0,34000.0,44216.4453125,15300.0,17200.0,32950.0,48350.0,33000.0,16500.0,59300.0,92000.0,18300.0,99850.0,178000.0,57600.0,27500.0,31350.0,1599.1
2025-11-10,24800.0,66000.0,37400.0,33185.83984375,87666.203125,95209.265625,61200.0,27557.029296875,22823.65625,26450.0,48300.0,23100.0,76000.0,76800.0,33900.0,44120.53125,15300.0,16850.0,33600.0,48500.0,33400.0,16500.0,58800.0,86900.0,18250.0,99500.0,176500.0,57000.0,27500.0,29800.0,1580.54
2025-11-11,24850.0,67000.0,38000.0,33531.52734375,87953.6328125,95110.296875,61100.0,27507.732421875,22823.65625,26600.0,47500.0,23200.0,78200.0,78000.0,33750.0,44887.84375,15800.0,16600.0,34850.0,49650.0,33650.0,16900.0,58900.0,90000.0,18200.0,100500.0,174900.0,58900.0,27500.0,31050.0,1593.61
2025-11-12,25200.0,66900.0,38250.0,34015.48828125,89582.3984375,99563.953125,61900.0,28050.0,23132.083984375,27000.0,48650.0,23700.0,79200.0,80500.0,34050.0,45031.71484375,16300.0,17150.0,35500.0,50600.0,35000.0,17300.0,59500.0,94000.0,18650.0,105600.0,176100.0,59800.0,28000.0,32800.0,1631.86
2025-11-13,25100.0,67900.0,38300.0,33773.5078125,95810.0546875,97881.4609375,62900.0,28500.0,23093.53125,26550.0,48900.0,23500.0,79000.0,80100.0,34500.0,45463.328125,16350.0,17150.0,34950.0,48700.0,35100.0,16950.0,59800.0,93300.0,18550.0,105600.0,176300.0,61800.0,27750.0,31950.0,1631.44
2025-11-14,24950.0,67500.0,38350.0,33566.09375,95235.1953125,98970.1328125,62800.0,28400.0,23016.423828125,26900.0,49900.0,23500.0,78000.0,81400.0,34500.0,45175.5859375,16350.0,17000.0,34950.0,48050.0,35100.0,16950.0,60000.0,93900.0,18500.0,105500.0,176400.0,62800.0,27800.0,32100.0,1635.46
2025-11-17,25150.0,68900.0,38400.0,33773.5078125,94851.953125,99959.8359375,63000.0,29100.0,23170.63671875,27300.0,50200.0,23800.0,79700.0,82400.0,34700.0,45319.45703125,16600.0,17450.0,35400.0,48900.0,35150.0,17150.0,60200.0,95000.0,18700.0,108500.0,179000.0,62100.0,28100.0,32200.0,1654.42
2025-11-18,25100.0,67700.0,38400.0,34153.76171875,94660.3359375,98970.1328125,62400.0,28250.0,23479.06640625,27500.0,49550.0,23700.0,79000.0,83000.0,34550.0,45271.5,16500.0,17350.0,35550.0,49500.0,35350.0,17600.0,59900.0,97000.0,18700.0,110000.0,179100.0,60700.0,28800.0,32350.0,1659.92
2025-11-19,24900.0,66100.0,38100.0,34119.19140625,92552.515625,96990.7265625,62200.0,28000.0,24134.474609375,27600.0,49500.0,23500.0,78800.0,82400.0,34700.0,45079.671875,16450.0,17200.0,34650.0,49500.0,34800.0,17150.0,59400.0,96900.0,18700.0,110250.0,178000.0,60900.0,28100.0,31600.0,1649.0
2025-11-20,24800.0,66100.0,37950.0,33946.34765625,93127.375,97980.4296875,62100.0,28000.0,24520.009765625,27250.0,49300.0,23350.0,78500.0,81000.0,34400.0,45127.62890625,16650.0,17000.0,34800.0,49500.0,34600.0,17250.0,59400.0,97800.0,18700.0,114000.0,190400.0,60700.0,28550.0,32000.0,1655.99
2025-11-21,24700.0,67000.0,37600.0,33946.34765625,92744.1328125,99761.890625,61900.0,27800.0,24057.3671875,27400.0,48550.0,23200.0,77500.0,80000.0,33950.0,44791.9296875,16650.0,17150.0,34300.0,51300.0,34250.0,17250.0,59000.0,99300.0,18550.0,114850.0,194600.0,59900.0,28550.0,32200.0,1654.93
2025-11-24,24600.0,66700.0,37650.0,33738.9375,91977.65625,99168.0703125,61000.0,27700.0,23980.259765625,27100.0,48550.0,23150.0,77800.0,79300.0,33850.0,44264.40234375,16550.0,17400.0,34400.0,50000.0,33950.0,17250.0,58800.0,102700.0,18500.0,119750.0,204800.0,63000.0,29000.0,34450.0,1667.98
2025-11-25,24200.0,65500.0,37000.0,33289.546875,90061.453125,98673.2265625,60800.0,27100.0,24520.009765625,26900.0,49000.0,22850.0,77000.0,78500.0,33500.0,44408.2734375,16400.0,17100.0,32850.0,50000.0,33450.0,16950.0,58200.0,102600.0,18300.0,121500.0,219100.0,61900.0,28200.0,33400.0,1660.36
2025-11-26,24200.0,66400.0,37350.0,33808.07421875,91786.03125,97980.4296875,62000.0,27500.0,24905.544921875,27100.0,49600.0,23250.0,78600.0,80200.0,33850.0,44600.1015625,16700.0,17250.0,34000.0,49950.0,33850.0,17400.0,58100.0,102100.0,18450.0,122500.0,207800.0,62800.0,29000.0,33850.0,1680.36
2025-11-27,24350.0,66400.0,37550.0,33773.5078125,91019.5546875,98475.28125,63000.0,27900.0,24674.22265625,26900.0,49300.0,23500.0,78500.0,80000.0,34000.0,44504.1875,16750.0,17350.0,33200.0,49300.0,33750.0,17350.0,57900.0,102500.0,18650.0,124000.0,202000.0,62000.0,29100.0,33650.0,1684.32
2025-11-28,24250.0,66600.0,37100.0,33877.2109375,90348.8828125,96100.0,63400.0,27300.0,24674.22265625,26550.0,48600.0,23250.0,77400.0,79900.0,33900.0,44504.1875,16800.0,17300.0,32800.0,48600.0,33750.0,17300.0,57400.0,102900.0,18500.0,130200.0,203500.0,64000.0,29250.0,34250.0,1690.99
2025-12-01,24000.0,65600.0,36950.0,33462.390625,91019.5546875,96600.0,65400.0,26700.0,24288.6875,26500.0,47900.0,23200.0,78800.0,80000.0,34450.0,46997.95703125,17000.0,17200.0,32000.0,49000.0,33200.0,17000.0,57500.0,105700.0,18350.0,134950.0,203900.0,64900.0,29300.0,34900.0,1701.67
2025-12-02,23950.0,66300.0,36850.0,33911.78125,92744.1328125,96600.0,66100.0,27750.0,24674.22265625,26500.0,47500.0,23550.0,78600.0,80000.0,34850.0,50259.0390625,17000.0,17250.0,32300.0,49400.0,34200.0,17100.0,57600.0,106800.0,18450.0,137500.0,217900.0,65000.0,28900.0,34900.0,1717.06
2025-12-03,24450.0,65900.0,38400.0,35951.328125,92935.7578125,96600.0,64500.0,27700.0,24866.990234375,26800.0,48600.0,24550.0,80600.0,84700.0,34600.0,49779.46875,17350.0,17750.0,32350.0,49700.0,34900.0,17350.0,58900.0,106800.0,18800.0,134700.0,214000.0,64600.0,30250.0,34500.0,1731.77
2025-12-04,24900.0,66300.0,38200.0,35951.328125,92935.7578125,97500.0,65000.0,27850.0,25406.73828125,27300.0,49500.0,25700.0,79900.0,85800.0,34950.0,48820.328125,17300.0,17700.0,32800.0,50200.0,35400.0,17600.0,58900.0,105200.0,18900.0,133500.0,206000.0,63400.0,30250.0,34400.0,1737.24
2025-12-05,24350.0,66000.0,37800.0,35605.640625,91019.5546875,96200.0,64000.0,27400.0,25406.73828125,27000.0,48100.0,25150.0,78200.0,85100.0,34400.0,47765.26953125,16750.0,17700.0,32250.0,49200.0,34700.0,17400.0,58300.0,107000.0,18650.0,142800.0,207500.0,63400.0,29850.0,33800.0,1741.32
2025-12-08,24200.0,66000.0,37500.0,35329.09375,90061.453125,95500.0,65400.0,26950.0,25252.525390625,26750.0,46300.0,25300.0,77900.0,84900.0,36050.0,51026.3515625,16600.0,17550.0,29400.0,48700.0,34200.0,17200.0,57900.0,110000.0,18350.0,152700.0,206400.0,63500.0,29700.0,32950.0,1753.74
2025-12-09,24100.0,65900.0,37450.0,34637.72265625,90923.7421875,96900.0,64000.0,26900.0,24288.6875,26400.0,44000.0,24700.0,77000.0,84000.0,35000.0,51122.265625,16500.0,17400.0,28750.0,48550.0,33800.0,16900.0,58000.0,107500.0,18150.0,160000.0,200000.0,62500.0,28750.0,32000.0,1747.17
2025-12-10,24100.0,65900.0,37700.0,34914.26953125,91019.5546875,95600.0,63500.0,26750.0,24789.8828125,26650.0,44200.0,25150.0,77000.0,83000.0,34600.0,49395.8125,16450.0,17450.0,29250.0,48600.0,33700.0,16900.0,58200.0,103500.0,18200.0,148800.0,196600.0,63100.0,29000.0,30000.0,1718.98
2025-12-11,23950.0,65200.0,37600.0,34637.72265625,90636.3125,96000.0,62600.0,26650.0,24481.455078125,26550.0,44500.0,24850.0,76100.0,82300.0,34400.0,50163.125,16350.0,17450.0,29050.0,47700.0,33400.0,16800.0,57600.0,101100.0,18100.0,146000.0,188000.0,61500.0,28150.0,29500.0,1698.9
2025-12-12,23500.0,65300.0,37000.0,34222.8984375,88145.25,93700.0,61300.0,25300.0,23286.298828125,26000.0,44200.0,24000.0,73500.0,78500.0,33700.0,47957.09765625,16000.0,17300.0,28100.0,46000.0,32000.0,16350.0,56800.0,94100.0,17300.0,144000.0,185000.0,60200.0,26550.0,27450.0,1646.89
2025-12-15,23550.0,65300.0,37000.0,34361.171875,89103.3515625,93800.0,62100.0,25600.0,23132.083984375,26250.0,42800.0,23750.0,73500.0,77700.0,33900.0,48436.66796875,15900.0,17200.0,28400.0,46800.0,32000.0,16350.0,56800.0,92500.0,17150.0,142900.0,186000.0,62000.0,27500.0,28900.0,1646.01
2025-12-16,24000.0,64800.0,37400.0,35259.95703125,82875.6953125,94900.0,64300.0,26500.0,24751.330078125,26700.0,44450.0,24450.0,74500.0,82000.0,34400.0,49587.640625,15900.0,17550.0,30250.0,47050.0,33000.0,16800.0,56900.0,95000.0,17550.0,142900.0,191500.0,64200.0,28250.0,29600.0,1679.18
2025-12-17,24000.0,62900.0,38000.0,34700.0,77127.09375,95900.0,62900.0,26300.0,24751.330078125,26400.0,44000.0,24400.0,74000.0,81900.0,34650.0,48053.01171875,15700.0,17450.0,29650.0,47200.0,32600.0,16500.0,56700.0,94900.0,17600.0,142900.0,185100.0,62900.0,28000.0,29700.0,1673.66
2025-12-18,23850.0,61300.0,38000.0,34350.0,71761.734375,94400.0,63300.0,26550.0,25600.0,26400.0,43800.0,24650.0,74000.0,81600.0,34800.0,48148.92578125,16100.0,17450.0,29850.0,48000.0,33000.0,16700.0,56800.0,94900.0,17500.0,142700.0,193900.0,63900.0,28300.0,30350.0,1676.98
2025-12-19,23900.0,61300.0,37700.0,34450.0,67258.65625,93900.0,64000.0,26450.0,25950.0,26700.0,43500.0,24700.0,75800.0,82900.0,34850.0,47669.35546875,16150.0,17500.0,30800.0,49000.0,33600.0,16850.0,57500.0,101500.0,17600.0,148500.0,199900.0,64000.0,28450.0,31700.0,1704.31
2025-12-22,24300.0,61900.0,38400.0,35150.0,71474.3046875,93700.0,65300.0,26600.0,27000.0,26900.0,44000.0,25250.0,76000.0,85000.0,35300.0,47573.44140625,16300.0,17750.0,31450.0,52400.0,35200.0,17300.0,57800.0,107400.0,17750.0,158800.0,206000.0,63200.0,29000.0,33000.0,1751.03
2025-12-23,24200.0,61200.0,38000.0,35000.0,68600.0,94000.0,65300.0,26250.0,27500.0,26750.0,41800.0,25100.0,76100.0,87500.0,35600.0,47477.52734375,16300.0,17500.0,30800.0,56000.0,34800.0,17350.0,57200.0,114900.0,17750.0,169900.0,206500.0,62600.0,28700.0,34250.0,1772.15
2025-12-24,24300.0,60400.0,38400.0,35300.0,65000.0,93600.0,66100.0,26000.0,27850.0,26550.0,42800.0,25300.0,76200.0,88000.0,35150.0,46806.12890625,16900.0,17500.0,31350.0,58700.0,34950.0,17400.0,57000.0,122800.0,17900.0,169800.0,199000.0,61500.0,29300.0,34650.0,1782.82
2025-12-25,24000.0,60500.0,38800.0,35000.0,64600.0,93000.0,69200.0,25650.0,27550.0,26250.0,42000.0,25000.0,76300.0,86000.0,35050.0,46230.64453125,16500.0,17350.0,30500.0,55900.0,34000.0,17000.0,57100.0,114300.0,17800.0,158000.0,212000.0,61300.0,28750.0,32250.0,1742.85
2025-12-26,23900.0,59600.0,38800.0,35200.0,60900.0,92500.0,70500.0,25500.0,27600.0,26900.0,41500.0,24850.0,75300.0,87000.0,35550.0,46758.171875,16350.0,17300.0,30750.0,57500.0,33900.0,16950.0,57100.0,110000.0,17600.0,155000.0,207900.0,61500.0,28150.0,32000.0,1729.8
2025-12-29,24000.0,60500.0,38800.0,35300.0,61000.0,94300.0,75100.0,26000.0,27600.0,26700.0,41800.0,24850.0,75500.0,87100.0,36500.0,46806.12890625,16200.0,17300.0,30500.0,59900.0,34050.0,16900.0,57100.0,117700.0,17600.0,159700.0,208200.0,62100.0,28000.0,33200.0,1754.84
2025-12-30,24100.0,61500.0,39400.0,35650.0,65200.0,96500.0,74900.0,26600.0,27950.0,26500.0,41900.0,25000.0,76900.0,88500.0,35750.0,47573.44140625,16350.0,17200.0,30600.0,60000.0,34350.0,17150.0,57300.0,117500.0,17700.0,163000.0,205400.0,61800.0,28700.0,32800.0,1766.9
2025-12-31,24000.0,61800.0,38900.0,35750.0,68500.0,95800.0,72400.0,26200.0,29700.0,26400.0,41800.0,25300.0,77000.0,88400.0,35300.0,46997.95703125,16350.0,17450.0,30250.0,58000.0,34900.0,17100.0,57500.0,124000.0,17750.0,169600.0,209000.0,61200.0,28650.0,33650.0,1784.49
2026-01-05,24000.0,61100.0,38450.0,35500.0,65500.0,95000.0,77400.0,25750.0,28950.0,25950.0,40500.0,25350.0,76800.0,87400.0,36300.0,46134.73046875,16100.0,17200.0,29150.0,57900.0,34950.0,16600.0,57100.0,132600.0,17700.0,173100.0,207500.0,60300.0,27900.0,35600.0,1788.4
2026-01-06,24000.0,63800.0,38900.0,36200.0,63000.0,94000.0,82800.0,27550.0,29050.0,25950.0,41700.0,26650.0,77000.0,88800.0,38750.0,45607.19921875,16200.0,17300.0,29650.0,56700.0,36000.0,17050.0,57300.0,141800.0,17750.0,173100.0,212200.0,60800.0,28850.0,38050.0,1816.27
2026-01-07,24650.0,68200.0,40950.0,37450.0,64100.0,97500.0,88500.0,29450.0,29100.0,26600.0,42100.0,26700.0,78400.0,89800.0,41450.0,46518.38671875,16500.0,17350.0,30100.0,53400.0,36400.0,17450.0,59600.0,149500.0,18050.0,179000.0,209600.0,60900.0,29250.0,38550.0,1861.58
2026-01-08,24550.0,68200.0,43050.0,38200.0,62800.0,96500.0,91600.0,30050.0,28800.0,26400.0,42000.0,26600.0,78300.0,87500.0,41500.0,46326.55859375,16600.0,17400.0,30550.0,53500.0,36000.0,17650.0,63700.0,139100.0,18000.0,176600.0,203000.0,62200.0,29250.0,35900.0,1855.56
2026-01-09,24550.0,71000.0,46050.0,40750.0,62700.0,97400.0,97100.0,31600.0,27900.0,26200.0,41200.0,27300.0,76500.0,86000.0,43000.0,46950.0,16500.0,17350.0,30350.0,51800.0,36650.0,17600.0,68000.0,140000.0,17950.0,176000.0,198700.0,61000.0,28250.0,35000.0,1867.9
