Date,ACB.VN,BCM.VN,BID.VN,CTG.VN,DGC.VN,FPT.VN,GAS.VN,GVR.VN,HDB.VN,HPG.VN,LPB.VN,MBB.VN,MSN.VN,MWG.VN,PLX.VN,SAB.VN,SHB.VN,SSB.VN,SSI.VN,STB.VN,TCB.VN,TPB.VN,VCB.VN,VHM.VN,VIB.VN,VIC.VN,VJC.VN,VNM.VN,VPB.VN,VRE.VN
2020-01-02,6790.17529296875,,27046.81640625,10186.7255859375,,23034.029296875,64245.18359375,,5654.357421875,8633.341796875,,6228.26220703125,,,,92107.578125,2432.240966796875,,9322.220703125,,10893.130859375,6606.77880859375,40011.56640625,,,51111.1171875,,,,
2020-01-03,6790.17529296875,,26931.478515625,10091.9658203125,,22640.95703125,64381.0078125,,5603.5087890625,8687.30078125,,6242.951171875,,,,92354.296875,2359.63671875,,9246.224609375,,10824.4765625,6668.814453125,39614.9765625,,,51244.44921875,,,,
2020-01-06,6642.5625,,26412.455078125,10115.65625,,22405.115234375,66418.3828125,,5491.642578125,8633.341796875,,6154.8154296875,,,,92025.3359375,2323.334716796875,,9220.8916015625,,10549.8603515625,6560.25244140625,38557.40234375,,,50888.89453125,,,,
2020-01-07,6642.5625,,26931.478515625,10281.486328125,,22837.4921875,65942.9921875,,5430.6240234375,8525.4248046875,,6169.5048828125,,,,92107.578125,2323.334716796875,,9246.224609375,,10618.513671875,6575.76171875,38689.59765625,,,50977.78125,,,,
2020-01-08,6524.47216796875,,27162.154296875,10257.7958984375,,22326.5,65875.078125,,5430.6240234375,8435.494140625,,6081.369140625,,,,91778.625,2323.334716796875,,8992.90234375,,10412.5517578125,6482.70849609375,38337.07421875,,,50800.00390625,,,,
2020-01-09,6613.0400390625,,28632.716796875,10636.8369140625,,22640.95703125,64652.6484375,,5593.33935546875,8633.341796875,,6184.19384765625,,,,93341.15625,2359.63671875,,9094.2314453125,,10549.8603515625,6544.7431640625,39086.19140625,,,50977.78125,,,,
2020-01-10,6701.607421875,,29584.2578125,11158.0185546875,,22601.650390625,65128.03515625,,5715.3759765625,8705.2861328125,,6287.01953125,,,,96013.9296875,2577.449462890625,,9271.556640625,,10595.62890625,6668.814453125,39438.71484375,,,51022.2265625,,,,
2020-01-13,6760.65283203125,,28892.228515625,10992.1884765625,,22444.421875,64720.5703125,,5674.69677734375,8723.2724609375,,6257.640625,,,,96178.3984375,2613.75146484375,,9271.556640625,,10504.08984375,6684.3232421875,39394.6484375,,,51066.671875,,,,
2020-01-14,6937.78759765625,,28892.228515625,11134.328125,,22405.115234375,64448.9140625,,5695.03662109375,8993.064453125,,6316.39794921875,,,,95808.328125,2613.75146484375,,9322.220703125,,10481.2060546875,6730.85009765625,39394.6484375,,,51111.1171875,,,,
2020-01-15,6878.7421875,,29411.25,11181.708984375,,22405.115234375,63837.70703125,,5644.18798828125,9047.0224609375,,6301.70849609375,,,,96219.5234375,2686.35546875,,9322.220703125,,10481.2060546875,6746.35888671875,39350.58203125,,,51111.1171875,,,,
2020-01-16,7055.87744140625,,31141.322265625,11797.650390625,,22798.185546875,63362.31640625,,5827.24267578125,9100.9814453125,,6463.291015625,,,,95931.6875,2722.65771484375,,9676.87109375,,10664.2841796875,6792.8857421875,39438.71484375,,,51111.1171875,,,,
2020-01-17,7026.35498046875,,30852.9765625,11821.33984375,,22640.95703125,63294.3984375,,5806.90283203125,8993.064453125,,6463.291015625,,,,96425.1171875,2650.053466796875,,9752.8671875,,10710.052734375,6684.3232421875,41641.9921875,,,51066.671875,,,,
2020-01-20,7173.9677734375,,30737.638671875,11892.4111328125,,22562.34375,63430.22265625,,5745.884765625,9172.92578125,,6463.291015625,,,,97041.9140625,2613.75146484375,,9752.8671875,,10687.16796875,6668.814453125,41421.66796875,,,51066.671875,,,,
2020-01-21,7233.01220703125,,31141.322265625,11987.169921875,,21815.5078125,64448.9140625,,5888.2607421875,9298.8291015625,,6624.873046875,,,,95808.328125,2686.35546875,,9752.8671875,,11007.5546875,6668.814453125,41421.66796875,,,51066.671875,,,,
2020-01-22,7233.01220703125,,32006.359375,12129.310546875,,22208.578125,64448.9140625,,5898.4306640625,9460.7041015625,,6580.80517578125,,,,95602.7265625,2795.26220703125,,9778.19921875,,11076.208984375,6668.814453125,41157.2734375,,,51066.671875,,,,
2020-01-30,6967.31005859375,,30391.625,11537.0595703125,,21501.044921875,62479.453125,,5684.86669921875,9100.9814453125,,6242.951171875,,,,89640.40625,2722.65771484375,,9372.884765625,,10481.2060546875,6637.796875,39174.3203125,,,51066.671875,,,,
2020-01-31,6790.17529296875,,29699.595703125,11560.7490234375,,20439.751953125,58744.26953125,,5491.642578125,8669.314453125,,6110.74755859375,,,,87173.25,2722.65771484375,,8967.5712890625,,9886.203125,6482.70849609375,39086.19140625,,,51022.2265625,,,,
2020-02-03,6672.08544921875,,30852.9765625,11916.099609375,,20243.216796875,56503.15625,,5491.642578125,8831.189453125,,5978.5439453125,,,,85898.5390625,2867.8662109375,,8638.25390625,,9817.548828125,6436.181640625,39086.19140625,,,51022.2265625,,,,
2020-02-04,6849.22021484375,,31372.0,12745.2529296875,,20361.140625,55688.2109375,,5603.5087890625,8849.17578125,,6213.57275390625,,,,83472.484375,2984.468505859375,,8612.9208984375,,9954.857421875,6513.72607421875,39570.91015625,,,51022.2265625,,,,
2020-02-05,6790.17529296875,,30852.9765625,12579.421875,,20439.751953125,55416.55859375,,5776.39404296875,8795.216796875,,6213.57275390625,,,,79771.7421875,3247.803955078125,,8587.5888671875,,9954.857421875,6544.7431640625,39174.3203125,,,50888.89453125,,,,
2020-02-06,7085.400390625,,30679.970703125,13147.9833984375,,21068.66796875,58336.796875,,6081.4853515625,9065.0087890625,,6404.53369140625,,,,78126.9609375,3335.58251953125,,8967.5712890625,,10229.4736328125,6637.796875,39394.6484375,,,50844.44921875,,,,
2020-02-07,7026.35498046875,,29814.93359375,12745.2529296875,,20950.748046875,58404.703125,,6091.65478515625,8759.2451171875,,6287.01953125,,,,80182.921875,3116.13623046875,,8967.5712890625,,10137.9345703125,6451.68994140625,39659.04296875,,,50844.44921875,,,,
2020-02-10,6967.31005859375,,28315.53515625,12603.111328125,,20675.595703125,58948.0078125,,6000.1279296875,8759.2451171875,,6169.5048828125,,,,80182.921875,2984.468505859375,,8891.57421875,,10000.6259765625,6482.70849609375,39174.3203125,,,50533.3359375,,,,
2020-02-11,6996.83251953125,,29295.91015625,13147.9833984375,,21068.66796875,58133.05859375,,5898.4306640625,8489.453125,,6228.26220703125,,,,79771.7421875,3160.025634765625,,8840.91015625,,10137.9345703125,6513.72607421875,39306.515625,,,50400.00390625,,,,
2020-02-12,7557.759765625,,29295.91015625,12887.392578125,,21265.205078125,58404.703125,,5939.10986328125,8561.3974609375,,6360.46533203125,,,,78538.1640625,3203.914794921875,,9018.2353515625,,10366.7822265625,6529.23486328125,39394.6484375,,,49777.78125,,,,
2020-02-13,7528.2373046875,,29065.234375,12911.0830078125,,21343.822265625,59423.390625,,5939.10986328125,8525.4248046875,,6287.01953125,,,,78538.1640625,3160.025634765625,,8916.90625,,10343.8974609375,6529.23486328125,39350.58203125,,,49955.55859375,,,,
2020-02-14,7793.939453125,,28834.55859375,12697.8720703125,,21422.43359375,60102.51953125,,5817.07275390625,8525.4248046875,,6389.84423828125,,,,78044.71875,3203.914794921875,,9018.2353515625,,10664.2841796875,6761.86767578125,39350.58203125,,,48888.89453125,,,,
2020-02-17,7793.939453125,,29699.595703125,12579.421875,,21304.51171875,59287.5703125,,5847.58203125,8543.4111328125,,6448.6015625,,,,76482.1796875,3247.803955078125,,8942.2392578125,,10893.130859375,6761.86767578125,39394.6484375,,,48000.00390625,,,,
2020-02-18,7852.9853515625,,29987.939453125,12650.4921875,,22012.04296875,58404.703125,,5827.24267578125,8381.5361328125,,6389.84423828125,,,,73192.625,3203.914794921875,,8891.57421875,,10847.361328125,6761.86767578125,39394.6484375,,,46444.44921875,,,,
2020-02-19,7764.41748046875,,29584.2578125,12792.6318359375,,21894.119140625,57929.31640625,,5796.7333984375,8363.5498046875,,6345.7763671875,,,,73192.625,3072.246826171875,,8916.90625,,10824.4765625,6606.77880859375,39438.71484375,,,46666.671875,,,,
2020-02-20,7793.939453125,,29584.2578125,12745.2529296875,,21933.4296875,57929.31640625,,5776.39404296875,8543.4111328125,,6360.46533203125,,,,74015.0234375,3028.357666015625,,8916.90625,,10755.822265625,6637.796875,39438.71484375,,,48888.89453125,,,,
2020-02-21,7587.28271484375,,28546.212890625,12247.7607421875,,21501.044921875,57997.23046875,,5776.39404296875,8471.466796875,,6228.26220703125,,,,74261.734375,3028.357666015625,,8840.91015625,,10572.7451171875,6606.77880859375,39218.38671875,,,48844.44921875,,,,
2020-02-24,7085.400390625,,26700.80078125,11560.7490234375,,20636.29296875,56978.546875,,5542.49072265625,8165.70263671875,,5905.09765625,,,,73192.625,3116.13623046875,,8232.939453125,,9840.4326171875,6281.0927734375,38425.20703125,,,47688.89453125,,,,
2020-02-25,7410.1474609375,,28142.529296875,12366.2109375,,21225.900390625,56367.3359375,,5695.03662109375,8309.591796875,,6110.74755859375,,,,73192.625,3203.914794921875,,8308.935546875,,10160.8203125,6498.216796875,37984.55078125,,,47555.55859375,,,,
2020-02-26,7262.53515625,,27104.484375,12224.0712890625,,21618.96875,54262.046875,,5634.01806640625,8183.68896484375,,6022.61181640625,,,,72781.421875,3511.139404296875,,8156.943359375,,10229.4736328125,6436.181640625,37455.765625,,,47066.671875,,,,
2020-02-27,7528.2373046875,,27162.154296875,12413.591796875,,22012.04296875,53650.8359375,,5695.03662109375,8255.6328125,,6140.1259765625,,,,71218.890625,3862.25341796875,,8359.599609375,,10412.5517578125,6653.3056640625,37015.10546875,,,46933.3359375,,,,
2020-02-28,7439.67041015625,,26239.44921875,12200.380859375,,21658.27734375,51477.63671875,,5654.357421875,8039.7998046875,,5993.23291015625,,,,66613.515625,4213.3671875,,8055.615234375,,10183.7041015625,6637.796875,36310.05859375,,,46844.44921875,,,,
2020-03-02,7439.67041015625,,26037.60546875,12081.9306640625,,21894.119140625,53650.8359375,,5634.01806640625,8021.8134765625,,6081.369140625,,,,69903.078125,4608.37060546875,,8004.94970703125,,10298.1279296875,6622.2880859375,36045.6640625,,,46844.44921875,,,,
2020-03-03,7557.759765625,,27046.81640625,12532.0419921875,,21972.736328125,54329.9609375,,5634.01806640625,8021.8134765625,,6140.1259765625,,,,69903.078125,4959.484375,,8080.9462890625,,10298.1279296875,6637.796875,36221.92578125,,,46888.89453125,,,,
2020-03-04,7616.80517578125,,26614.296875,12532.0419921875,,21815.5078125,53039.625,,5725.54541015625,8039.7998046875,,6096.05859375,,,,69491.8828125,5266.70947265625,,8232.939453125,,10321.0126953125,6792.8857421875,36001.59765625,,,46888.89453125,,,,
2020-03-05,7557.759765625,,26902.642578125,12389.9013671875,,21461.740234375,53039.625,,5695.03662109375,8039.7998046875,,6066.6796875,,,,69491.8828125,5661.7119140625,,8511.59375,,10206.5888671875,6823.9033203125,36618.515625,,,46933.3359375,,,,
2020-03-06,7469.1923828125,,27017.98046875,12224.0712890625,,21225.900390625,52632.1484375,,5695.03662109375,8057.78564453125,,6066.6796875,,,,66860.234375,5442.26611328125,,8460.9287109375,,10092.1650390625,6823.9033203125,37235.43359375,,,46666.671875,,,,
2020-03-09,6878.7421875,,25143.736328125,11371.228515625,,19771.53125,48964.87890625,,5298.41748046875,7500.2158203125,,5655.37939453125,,,,63858.515625,4915.59521484375,,7878.2890625,,9405.623046875,6358.63720703125,34635.56640625,,,43422.2265625,,,,
2020-03-10,7144.44482421875,,24451.705078125,11608.1298828125,,20321.830078125,46520.02734375,,5247.5693359375,7787.994140625,,5626.00048828125,,,,63858.515625,4432.8134765625,,7878.2890625,,9474.2783203125,6513.72607421875,35208.41796875,,,43422.2265625,,,,
2020-03-11,6908.2646484375,,22750.46484375,10992.1884765625,,19968.06640625,43328.14453125,,4983.15673828125,7392.298828125,,5346.904296875,,,,62501.5625,4871.7060546875,,7346.3154296875,,8833.5048828125,6513.72607421875,33930.515625,,,43111.11328125,,,,
2020-03-12,6524.47216796875,,21164.56640625,10328.8662109375,,18906.76953125,40339.9921875,,4637.38720703125,6924.65966796875,,4979.671875,,,,59458.73046875,4915.59521484375,,6865.0048828125,,8215.6181640625,6296.60205078125,31595.037109375,,,40800.00390625,,,,
2020-03-13,6494.9501953125,,20184.19140625,10399.9365234375,,18926.427734375,38710.09765625,,4678.0654296875,6852.71533203125,,5023.73974609375,,,,59212.015625,4827.81689453125,,6738.34423828125,,8352.92578125,6094.98681640625,31286.578125,,,41111.11328125,,,,
2020-03-16,6170.203125,,18915.470703125,9712.9248046875,,18710.236328125,40272.0859375,,4413.6533203125,6870.701171875,,4832.77880859375,,,,61679.18359375,4827.81689453125,,6738.34423828125,,7986.77001953125,6343.12841796875,29568.01953125,,,41111.11328125,,,,
2020-03-17,6229.2470703125,,19492.16015625,9949.8251953125,,19064.001953125,40611.64453125,,4311.9560546875,6906.67333984375,,4906.22509765625,,,,58019.55078125,4959.484375,,7194.322265625,,8215.6181640625,6513.72607421875,29744.28125,,,39333.3359375,,,,
2020-03-18,6258.77001953125,,19924.6796875,9926.1357421875,,19024.69140625,39389.22265625,,4332.29541015625,7086.53466796875,,4847.46826171875,,,,55922.45703125,5222.8203125,,6941.0009765625,,8215.6181640625,6606.77880859375,30537.462890625,,,39555.55859375,,,,
2020-03-19,6229.2470703125,,19261.484375,9523.404296875,,18749.541015625,37555.5859375,,4250.93798828125,6888.6875,,4729.95361328125,,,,52221.70703125,5178.9306640625,,6941.0009765625,,7895.2314453125,6606.77880859375,29083.296875,,,39422.2265625,,,,
2020-03-20,6317.81494140625,,19088.478515625,9381.263671875,,18749.541015625,39321.30859375,,4250.93798828125,6690.83984375,,4700.57470703125,,,,51810.51171875,5266.70947265625,,7016.99755859375,,7941.0009765625,6792.8857421875,27100.345703125,,,36666.671875,,,,
2020-03-23,5697.84228515625,,17762.087890625,8741.6318359375,,17452.404296875,36604.8125,,3956.01611328125,6223.20068359375,,4377.41064453125,,,,48192.0,5178.9306640625,,6535.6875,,7391.767578125,6606.77880859375,25205.5234375,,,34133.3359375,,,,
2020-03-24,5786.41015625,,18223.44140625,8670.5615234375,,17491.712890625,38166.796875,,3864.489013671875,6151.25634765625,,4348.03173828125,,,,47492.96875,5222.8203125,,6333.02978515625,,7368.88232421875,6808.39453125,25558.05078125,,,31777.78125,,,,
2020-03-25,6052.1123046875,,19146.146484375,9262.8134765625,,18081.3203125,40815.3828125,,4047.5439453125,6403.06201171875,,4597.75,,,,49343.34765625,5573.93359375,,6763.67626953125,,7597.72998046875,6792.8857421875,27320.673828125,,,34000.00390625,,,,
2020-03-26,5815.9326171875,,19203.81640625,8907.462890625,,17373.787109375,39864.60546875,,3986.525634765625,6097.2978515625,,4421.478515625,,,,51399.31640625,5486.1552734375,,6561.01904296875,,7368.88232421875,6358.63720703125,27849.4609375,,,36355.55859375,,,,
2020-03-27,5815.9326171875,,19030.80859375,9002.22265625,,16941.412109375,39525.046875,,3711.943359375,5827.505859375,,4289.27490234375,,,,53290.8125,5442.26611328125,,6257.0341796875,,7323.11279296875,6126.00390625,28246.05078125,,,38577.78125,,,,
2020-03-30,5373.0947265625,,17819.755859375,8386.28125,,15880.115234375,37080.1953125,,3508.54931640625,5881.46435546875,,3995.48876953125,,,,49795.66015625,5222.8203125,,5826.3876953125,,6819.64892578125,5707.2646484375,26880.017578125,,,36177.78125,,,,
2020-03-31,5255.0048828125,,17790.923828125,8149.380859375,,16155.2666015625,37216.0234375,,3620.416015625,6061.32568359375,,3980.799560546875,,,,50576.9296875,5354.48779296875,,5877.0517578125,,6865.41845703125,5319.54296875,27320.673828125,,,37066.671875,,,,
2020-04-01,5491.185546875,,18511.787109375,8670.5615234375,,16626.953125,38098.88671875,,3854.319091796875,6205.21435546875,,4186.44970703125,,,,50618.05078125,5661.7119140625,,6282.3662109375,,7094.26611328125,5024.8740234375,28642.642578125,,,38222.2265625,,,,
2020-04-03,5638.79736328125,,19780.5078125,8907.462890625,,17531.01953125,40204.171875,,3976.35595703125,6349.103515625,,4333.34228515625,,,,51399.31640625,5837.26953125,,6713.01220703125,,7254.458984375,5195.4716796875,28862.970703125,,,40444.44921875,,,,
2020-04-06,6081.63525390625,,21164.56640625,9523.404296875,,18670.927734375,42784.84375,,4169.580078125,6780.7705078125,,4627.12890625,,,,54277.67578125,6407.82958984375,,7168.990234375,,7757.9228515625,5412.595703125,29964.609375,,,43244.44921875,,,,
2020-04-07,5993.06787109375,,21337.572265625,9404.9541015625,,18592.314453125,42716.9296875,,4220.4287109375,6834.72900390625,,4685.8857421875,,,,56333.65234375,6539.4970703125,,7168.990234375,,7757.9228515625,5428.10498046875,30052.740234375,,,43244.44921875,,,,
2020-04-08,5963.544921875,,21885.4296875,9333.8837890625,,18415.431640625,42581.10546875,,4200.08935546875,6726.8125,,4612.439453125,,,,56744.84765625,6802.8330078125,,7270.31884765625,,7643.49951171875,5304.03369140625,29744.28125,,,41777.78125,,,,
2020-04-09,5904.49951171875,,21741.2578125,9381.263671875,,18415.431640625,45501.33984375,,4200.08935546875,6672.85400390625,,4641.81787109375,,,,57567.23046875,7197.8359375,,7757.708984375,,7735.03857421875,5397.08740234375,31286.578125,,,42666.671875,,,,
2020-04-10,5845.45556640625,,21279.904296875,9215.43359375,,18238.55078125,45569.25390625,,4067.883056640625,6762.78466796875,,4568.37158203125,,,,57978.4296875,7680.61767578125,,7816.47900390625,,7666.3837890625,5335.0517578125,31110.31640625,,,42222.2265625,,,,
2020-04-13,5904.49951171875,,21424.076171875,9286.5029296875,,18277.85546875,46180.46875,,4108.56201171875,6960.6318359375,,4627.12890625,,,,57978.4296875,7812.28515625,,7728.3232421875,,7872.3466796875,5397.08740234375,31198.4453125,,,42666.671875,,,,
2020-04-14,5904.49951171875,,21049.228515625,9096.982421875,,19457.076171875,45501.33984375,,4067.883056640625,7176.46533203125,,4671.1962890625,,,,58965.296875,7812.28515625,,7757.708984375,,7849.4619140625,5381.57861328125,30801.857421875,,,42488.89453125,,,,
2020-04-15,5963.544921875,,21510.58203125,9404.9541015625,,19692.91796875,45229.69140625,,4200.08935546875,7230.423828125,,4803.400390625,,,,62912.75390625,7900.06396484375,,7845.86474609375,,8032.5400390625,5676.2470703125,31242.513671875,,,42666.671875,,,,
2020-04-16,6022.59033203125,,21510.58203125,9381.263671875,,19771.53125,45772.9921875,,4261.10791015625,7284.38232421875,,4847.46826171875,,,,64804.2578125,7856.17431640625,,7845.86474609375,,8032.5400390625,5629.72021484375,31374.7109375,,,42622.2265625,,,,
2020-04-17,6199.724609375,,21568.25,9523.404296875,,20125.294921875,45976.7265625,,4372.97412109375,7446.25732421875,,4994.361328125,,,,68011.578125,7900.06396484375,,7992.791015625,,8124.0791015625,5738.2822265625,31462.83984375,,,42711.11328125,,,,
2020-04-20,6111.15771484375,,21395.2421875,9404.9541015625,,20164.603515625,46723.76953125,,4342.46533203125,7626.11865234375,,4891.53564453125,,,,72740.3125,7636.72802734375,,8051.56103515625,,8101.19384765625,5676.2470703125,31683.16796875,,,42755.55859375,,,,
2020-04-21,5845.45556640625,,20011.18359375,8907.462890625,,19378.45703125,43803.53125,,4088.22265625,7266.39599609375,,4597.75,,,,69903.078125,6890.611328125,,7552.01220703125,,7712.1533203125,5335.0517578125,31506.90625,,,41333.3359375,,,,
2020-04-22,6022.59033203125,,20876.220703125,9120.6728515625,,20085.986328125,43124.40234375,,4230.59814453125,7482.2294921875,,4729.95361328125,,,,71959.0390625,7110.05712890625,,7816.47900390625,,7735.03857421875,5490.140625,30537.462890625,,,41111.11328125,,,,
2020-04-23,5993.06787109375,,20876.220703125,9096.982421875,,20046.68359375,44211.0078125,,4189.919921875,7770.0078125,,4744.64306640625,,,,74261.734375,7197.8359375,,7816.47900390625,,7757.9228515625,5490.140625,30493.396484375,,,41333.3359375,,,,
2020-04-24,5993.06787109375,,20760.8828125,9096.982421875,,20046.68359375,44211.0078125,,4189.919921875,7949.869140625,,4715.26416015625,,,,74015.0234375,7197.8359375,,7787.09423828125,,7826.5771484375,5490.140625,30361.19921875,,,41333.3359375,,,,
2020-04-27,5934.0224609375,,20241.859375,8931.15234375,,19928.759765625,43599.79296875,,4169.580078125,7895.91064453125,,4612.439453125,,,,74015.0234375,7066.16845703125,,7698.93798828125,,7803.6923828125,5428.10498046875,29435.82421875,,,40888.890625,,,,
2020-04-28,5993.06787109375,,20270.6953125,9025.9130859375,,19928.759765625,42649.01953125,,4179.75,7698.0634765625,,4641.81787109375,,,,69903.078125,7022.27880859375,,7610.7822265625,,7826.5771484375,5428.10498046875,29523.953125,,,40888.890625,,,,
2020-04-29,6052.1123046875,,20530.205078125,9476.0244140625,,19968.06640625,43056.4921875,,4200.08935546875,7734.03564453125,,4685.8857421875,,,,67024.71875,6978.3896484375,,7640.16796875,,7872.3466796875,5397.08740234375,29964.609375,,,40844.44921875,,,,
2020-05-04,5993.06787109375,,20357.197265625,9499.71484375,,19850.14453125,43328.14453125,,4383.14404296875,7554.17431640625,,4656.50732421875,,,,63735.1484375,6846.72216796875,,7463.8564453125,,7963.88525390625,5397.08740234375,29700.216796875,,,40800.00390625,,,,
2020-05-05,5993.06787109375,,20357.197265625,9404.9541015625,,20007.375,44482.65234375,,4403.4833984375,7698.0634765625,,4641.81787109375,,,,62378.20703125,6671.1650390625,,7434.47119140625,,7963.88525390625,5459.12255859375,29435.82421875,,,41200.00390625,,,,
2020-05-06,6140.68017578125,,20760.8828125,9570.7841796875,,20793.515625,46587.94140625,,4352.63525390625,7985.84130859375,,4685.8857421875,,,,64968.73046875,6802.8330078125,,7610.7822265625,,8032.5400390625,5567.6845703125,29788.34765625,,,42222.2265625,,,,
2020-05-07,6258.77001953125,,21654.75390625,9665.544921875,,21029.361328125,46655.8515625,,4332.29541015625,8489.453125,,4788.7109375,,,,69491.8828125,7066.16845703125,,7757.708984375,,8101.19384765625,5614.21142578125,30713.724609375,,,42666.671875,,,,
2020-05-08,6317.81494140625,,21914.263671875,9902.4453125,,21107.9765625,47267.0625,,4556.029296875,8417.5087890625,,4876.8466796875,,,,70725.4609375,7461.1708984375,,7934.02001953125,,8650.4267578125,5614.21142578125,32388.21875,,,43333.3359375,,,,
2020-05-11,6406.38232421875,,22202.609375,10068.275390625,,21225.900390625,49576.09375,,4586.5380859375,8615.35546875,,4935.60400390625,,,,71177.78125,7680.61767578125,,8316.029296875,,9245.4296875,5815.8271484375,32828.875,,,43333.3359375,,,,
2020-05-12,6435.9052734375,,22231.4453125,10257.7958984375,,21383.125,49711.9140625,,4617.04736328125,8507.439453125,,5053.1181640625,,,,71342.25,7592.8388671875,,8345.4140625,,9428.5078125,6219.05712890625,33313.59765625,,,43111.11328125,,,,
2020-05-13,6406.38232421875,,22836.970703125,10257.7958984375,,22307.828125,49168.61328125,,4820.44140625,8669.314453125,,5141.25390625,,,,70725.4609375,7592.8388671875,,8257.2578125,,9428.5078125,6653.3056640625,33313.59765625,,,42222.2265625,,,,
2020-05-14,6317.81494140625,,22894.638671875,10115.65625,,22014.0078125,48557.40234375,,4678.0654296875,8615.35546875,,5082.49658203125,,,,70807.703125,7548.9501953125,,8374.7998046875,,9382.7392578125,6777.37646484375,33489.85546875,,,42666.671875,,,,
2020-05-15,6406.38232421875,,22260.27734375,9902.4453125,,21697.583984375,48149.9296875,,4647.55615234375,8453.48046875,,4979.671875,,,,70807.703125,6802.8330078125,,8198.4873046875,,9268.3154296875,6777.37646484375,33489.85546875,,,43111.11328125,,,,
2020-05-18,6435.9052734375,,22433.287109375,10115.65625,,21855.796875,49915.6484375,,4718.744140625,9029.037109375,,5009.05029296875,,,,71136.6484375,6539.4970703125,,8316.029296875,,9451.392578125,6668.814453125,34591.5,,,42888.89453125,,,,
2020-05-19,6553.99462890625,,22548.625,10565.767578125,,22262.625,50798.51171875,,4789.93212890625,9406.7451171875,,5111.87548828125,,,,70725.4609375,6363.9404296875,,8404.1845703125,,9748.8935546875,6823.9033203125,34811.82421875,,,42888.89453125,,,,
2020-05-20,6553.99462890625,,22577.458984375,10565.767578125,,22104.4140625,50391.0390625,,4769.59326171875,9514.662109375,,5082.49658203125,,,,70931.0546875,5749.4912109375,,8404.1845703125,,9634.470703125,6808.39453125,35076.21875,,,42933.3359375,,,,
2020-05-21,6613.0400390625,,22894.638671875,10873.7373046875,,22285.2265625,50934.33984375,,5095.0234375,9532.6484375,,5170.6328125,,,,72370.2421875,5266.70947265625,,8433.5693359375,,10069.28125,6761.86767578125,35781.26953125,,,43555.55859375,,,,
2020-05-22,6613.0400390625,,22663.962890625,10802.66796875,,21900.998046875,50187.296875,,4861.12060546875,9802.4404296875,,5067.80712890625,,,,71547.8515625,5793.38037109375,,8404.1845703125,,9634.470703125,6513.72607421875,35693.13671875,,,42844.44921875,,,,
2020-05-25,6672.08544921875,,22865.8046875,10921.1181640625,,21900.998046875,50051.4765625,,4901.79931640625,9820.4267578125,,5082.49658203125,,,,71959.0390625,6188.38330078125,,8551.111328125,,9634.470703125,6513.72607421875,35737.203125,,,43155.55859375,,,,
2020-05-26,6878.7421875,,24221.029296875,10968.498046875,,22059.2109375,50866.42578125,,4952.6474609375,10216.12109375,,5170.6328125,,,,72082.3984375,6144.49365234375,,9021.275390625,,9680.240234375,6544.7431640625,36354.12109375,,,43066.671875,,,,
2020-05-27,6731.1298828125,,22952.30859375,10613.146484375,,21697.583984375,50934.33984375,,4820.44140625,9784.4541015625,,5082.49658203125,,,,72041.28125,5968.93701171875,,8756.8076171875,,9565.8173828125,6482.70849609375,36530.38671875,,,43066.671875,,,,
2020-05-28,6760.65283203125,,23471.330078125,10684.216796875,,21697.583984375,50187.296875,,4820.44140625,9784.4541015625,,5082.49658203125,,,,72041.28125,6188.38330078125,,8727.4228515625,,9565.8173828125,6405.16357421875,37235.43359375,,,43111.11328125,,,,
2020-05-29,6760.65283203125,,23125.314453125,10660.52734375,,21674.982421875,50526.86328125,,4922.138671875,9856.3984375,,5053.1181640625,,,,72534.7109375,6144.49365234375,,8698.037109375,,9474.2783203125,6405.16357421875,37543.89453125,,,43111.11328125,,,,
2020-06-01,7410.1474609375,,23903.849609375,11134.328125,,21833.1953125,51138.078125,,5074.6845703125,9946.3291015625,,5244.0791015625,,,,73069.265625,6188.38330078125,,8933.119140625,,9748.8935546875,6606.77880859375,38116.75,,,43200.00390625,,,,
2020-06-02,7321.580078125,,23384.826171875,11110.6376953125,,21697.583984375,51885.109375,,5420.45458984375,9730.49609375,,5258.76806640625,,,,75248.59375,6144.49365234375,,8844.962890625,,9680.240234375,6513.72607421875,38160.8125,,,42977.78125,,,,
2020-06-03,7528.2373046875,,23644.337890625,11371.228515625,,21991.404296875,52971.7109375,,5796.7333984375,9694.5234375,,5302.83642578125,,,,74015.0234375,6671.1650390625,,8933.119140625,,9771.779296875,6808.39453125,38733.6640625,,,43022.2265625,,,,
2020-06-04,7469.1923828125,,24105.689453125,11679.2001953125,,21878.396484375,52971.7109375,,5654.357421875,9568.62109375,,5288.14697265625,,,,73603.8203125,6978.3896484375,,9226.9716796875,,9703.125,6823.9033203125,39218.38671875,,,42666.671875,,,,
2020-06-05,7439.67041015625,,24278.69921875,11584.439453125,,22014.0078125,52292.5859375,,5593.33935546875,9730.49609375,,5258.76806640625,,,,73603.8203125,7022.27880859375,,9226.9716796875,,9817.548828125,6808.39453125,39218.38671875,,,42222.2265625,,,,
2020-06-08,7498.71484375,,25374.412109375,11797.650390625,,22307.828125,53650.8359375,,5573.0,9964.3154296875,,5317.525390625,,,,74837.40625,7197.8359375,,9432.6689453125,,9931.9716796875,6761.86767578125,39394.6484375,,,42666.671875,,,,
2020-06-09,7528.2373046875,,24999.5625,11465.9892578125,,22127.015625,53243.36328125,,5705.2060546875,9748.482421875,,5317.525390625,,,,73480.46875,7066.16845703125,,9315.126953125,,9863.318359375,6715.34130859375,39438.71484375,,,42755.55859375,,,,
2020-06-10,7557.759765625,,25086.06640625,11679.2001953125,,22059.2109375,52971.7109375,,5695.03662109375,9712.509765625,,5464.41845703125,,,,73192.625,7110.05712890625,,9403.283203125,,10000.6259765625,6823.9033203125,39482.78125,,,42488.89453125,,,,
2020-06-11,7233.01220703125,,23355.9921875,10873.7373046875,,20793.515625,49304.4375,,5532.32080078125,9172.92578125,,5141.25390625,,,,72781.421875,6802.8330078125,,8756.8076171875,,9565.8173828125,6389.65478515625,38777.73046875,,,41333.3359375,,,,
2020-06-12,7233.01220703125,,24509.375,11039.5673828125,,21245.548828125,50662.6875,,5471.302734375,9532.6484375,,5185.322265625,,,,70725.4609375,7022.27880859375,,9109.4306640625,,9680.240234375,6513.72607421875,37720.15625,,,40800.00390625,,,,
2020-06-15,6878.7421875,,23009.9765625,10565.767578125,,20793.515625,48964.87890625,,5552.66064453125,9136.953125,,4994.361328125,,,,68258.2890625,6934.50048828125,,8492.33984375,,9199.6611328125,6296.60205078125,36133.79296875,,,39555.55859375,,,,
2020-06-16,7026.35498046875,,23471.330078125,11015.87890625,,21064.736328125,49644.0,,5552.66064453125,9424.7314453125,,5111.87548828125,,,,68299.4140625,7066.16845703125,,8933.119140625,,9428.5078125,6513.72607421875,36882.91015625,,,41511.11328125,,,,
2020-06-17,6996.83251953125,,23240.65234375,10897.427734375,,20951.73046875,49508.17578125,,5461.1328125,9442.7177734375,,5082.49658203125,,,,68299.4140625,6363.9404296875,,8815.578125,,9291.2001953125,6374.146484375,37103.234375,,,40844.44921875,,,,
2020-06-18,7026.35498046875,,23355.9921875,10850.046875,,21064.736328125,49032.7890625,,5400.11474609375,9640.5654296875,,5082.49658203125,,,,68381.6484375,6144.49365234375,,8815.578125,,9245.4296875,6405.16357421875,37455.765625,,,40444.44921875,,,,
2020-06-19,7203.48974609375,,23903.849609375,11063.2578125,,21245.548828125,49304.4375,,5450.96337890625,9838.4130859375,,5141.25390625,,,,68381.6484375,6451.71875,,8991.8896484375,,9382.7392578125,6513.72607421875,37632.0234375,,,43244.44921875,,,,
2020-06-22,7114.9228515625,,23817.345703125,11110.6376953125,,21245.548828125,49644.0,,5389.9453125,9820.4267578125,,5141.25390625,,,,68258.2890625,6363.9404296875,,8933.119140625,,9497.162109375,6498.216796875,37676.08984375,,,43066.671875,,,,
2020-06-23,7085.400390625,,23471.330078125,11015.87890625,,21494.16796875,50187.296875,,5389.9453125,9712.509765625,,5141.25390625,,,,67435.90625,6232.2724609375,,9462.0537109375,,9451.392578125,6606.77880859375,37896.41796875,,,41866.671875,,,,
2020-06-24,7026.35498046875,,23240.65234375,10802.66796875,,21335.955078125,49304.4375,,5339.0966796875,9712.509765625,,5155.943359375,,,,65791.1171875,6100.60498046875,,9256.3564453125,,9382.7392578125,6591.27001953125,37323.56640625,,,42088.89453125,,,,
2020-06-25,6996.83251953125,,23067.646484375,10755.287109375,,21155.14453125,49168.61328125,,5227.2294921875,9820.4267578125,,5097.18603515625,,,,65791.1171875,6276.162109375,,9285.7421875,,9245.4296875,6513.72607421875,36882.91015625,,,41511.11328125,,,,
2020-06-26,6967.31005859375,,23009.9765625,10684.216796875,,21177.74609375,49032.7890625,,5156.04150390625,9784.4541015625,,5097.18603515625,,,,67764.859375,6144.49365234375,,9109.4306640625,,9314.0849609375,6560.25244140625,36706.64453125,,,40666.671875,,,,
2020-06-29,6760.65283203125,,22202.609375,10376.24609375,,20816.12109375,47334.9765625,,5023.83544921875,9586.6064453125,,4950.29296875,,,,65996.71875,5749.4912109375,,8698.037109375,,8993.6982421875,6467.19921875,35913.46875,,,39555.55859375,,,,
2020-06-30,6731.1298828125,,21856.595703125,10210.416015625,,20635.306640625,46859.58984375,,5044.17529296875,9640.5654296875,,4876.8466796875,,,,64557.54296875,5705.6015625,,8698.037109375,,8947.9287109375,6389.65478515625,35384.6796875,,,39555.55859375,,,,
2020-07-01,6849.22021484375,,22606.294921875,10565.767578125,,20883.92578125,48217.8359375,,4993.32666015625,9856.3984375,,4964.982421875,,,,67024.71875,5793.38037109375,,8991.8896484375,,9062.3525390625,6467.19921875,36442.25390625,,,40444.44921875,,,,
2020-07-02,6819.69775390625,,22490.95703125,10565.767578125,,20861.326171875,47878.27734375,,5023.83544921875,9928.3427734375,,4950.29296875,,,,68628.3671875,5705.6015625,,8903.7333984375,,9039.4677734375,6451.68994140625,36398.1875,,,39955.55859375,,,,
2020-07-03,6790.17529296875,,22548.625,10565.767578125,,20906.525390625,47742.453125,,5288.24853515625,9892.37109375,,4950.29296875,,,,71959.0390625,5617.8232421875,,8903.7333984375,,9062.3525390625,6389.65478515625,36574.453125,,,40088.890625,,,,
2020-07-06,6967.31005859375,,23125.314453125,10921.1181640625,,21155.14453125,49168.61328125,,5288.24853515625,9928.3427734375,,4994.361328125,,,,74220.6171875,5661.7119140625,,9168.201171875,,9268.3154296875,6482.70849609375,36530.38671875,,,40622.2265625,,,,
2020-07-07,6996.83251953125,,23413.662109375,11110.6376953125,,21448.962890625,49168.61328125,,5288.24853515625,10198.134765625,,5023.73974609375,,,,76112.109375,5749.4912109375,,9138.81640625,,9268.3154296875,6498.216796875,36750.7109375,,,40444.44921875,,,,
2020-07-08,7055.87744140625,,23384.826171875,11205.3984375,,21561.97265625,49508.17578125,,5298.41748046875,10090.21875,,5038.4287109375,,,,79360.5546875,5749.4912109375,,9226.9716796875,,9199.6611328125,6637.796875,36574.453125,,,40355.55859375,,,,
2020-07-09,7173.9677734375,,23990.3515625,11418.609375,,21855.796875,51070.1640625,,5532.32080078125,10126.1904296875,,5126.564453125,,,,84294.8828125,5837.26953125,,9315.126953125,,9588.701171875,6808.39453125,36838.84375,,,40444.44921875,,,,
2020-07-10,7085.400390625,,23932.68359375,11276.46875,,21607.177734375,50458.953125,,5420.45458984375,9982.3017578125,,5067.80712890625,,,,84706.078125,5749.4912109375,,9373.8984375,,9359.853515625,6730.85009765625,36442.25390625,,,40622.2265625,,,,
2020-07-13,7055.87744140625,,23817.345703125,11347.5390625,,21991.404296875,50866.42578125,,5420.45458984375,9946.3291015625,,5053.1181640625,,,,82238.90625,5705.6015625,,9373.8984375,,9291.2001953125,6761.86767578125,36530.38671875,,,40577.78125,,,,
2020-07-14,7085.400390625,,23788.51171875,11394.9189453125,,21946.201171875,49032.7890625,,5430.6240234375,10036.259765625,,5038.4287109375,,,,80182.921875,5705.6015625,,9814.6767578125,,9199.6611328125,6730.85009765625,36574.453125,,,40577.78125,,,,
2020-07-15,7085.400390625,,23846.1796875,11418.609375,,21968.8046875,48964.87890625,,5461.1328125,10090.21875,,5082.49658203125,,,,78743.75,5617.8232421875,,9726.5205078125,,9428.5078125,6715.34130859375,36794.77734375,,,40222.2265625,,,,
2020-07-16,7085.400390625,,23846.1796875,11418.609375,,21968.8046875,49032.7890625,,5532.32080078125,10288.0654296875,,5141.25390625,,,,79360.5546875,5661.7119140625,,9755.9072265625,,9611.5859375,6854.92138671875,36794.77734375,,,41333.3359375,,,,
2020-07-17,7321.580078125,,23990.3515625,11418.609375,,21742.7890625,48829.05078125,,5481.47265625,10270.080078125,,5141.25390625,,,,78949.3515625,5705.6015625,,9814.6767578125,,9428.5078125,6823.9033203125,36486.3203125,,,40666.671875,,,,
2020-07-20,7233.01220703125,,23529.0,11276.46875,,21426.3671875,48149.9296875,,5440.79345703125,10072.232421875,,5053.1181640625,,,,78538.1640625,5661.7119140625,,9080.044921875,,9382.7392578125,6777.37646484375,36221.92578125,,,40088.890625,,,,
2020-07-21,7262.53515625,,23529.0,11300.158203125,,21607.177734375,48217.8359375,,5400.11474609375,10108.2041015625,,5082.49658203125,,,,78250.3203125,5661.7119140625,,8962.5048828125,,9382.7392578125,6668.814453125,36354.12109375,,,40088.890625,,,,
2020-07-22,7203.48974609375,,23067.646484375,11063.2578125,,21426.3671875,47674.54296875,,5349.2666015625,10108.2041015625,,5038.4287109375,,,,78168.078125,5573.93359375,,8844.962890625,,9268.3154296875,6668.814453125,36354.12109375,,,39911.11328125,,,,
2020-07-23,7144.44482421875,,22981.14453125,11063.2578125,,21584.57421875,48285.75390625,,5410.28466796875,10144.1767578125,,5009.05029296875,,,,77222.3359375,5354.48779296875,,8756.8076171875,,9291.2001953125,6637.796875,36354.12109375,,,40000.00390625,,,,
2020-07-24,6849.22021484375,,22029.6015625,10542.0771484375,,20748.31640625,46384.203125,,5145.87255859375,9658.5517578125,,4847.46826171875,,,,74467.328125,4959.484375,,8404.1845703125,,8925.0439453125,6420.6728515625,35693.13671875,,,39111.11328125,,,,
2020-07-27,6435.9052734375,,20501.37109375,9807.6845703125,,19753.841796875,43463.96875,,4789.93212890625,9334.80078125,,4509.6142578125,,,,71136.6484375,4476.70263671875,,7816.47900390625,,8307.1572265625,6048.4599609375,33930.515625,,,37777.78125,,,,
2020-07-28,6760.65283203125,,21827.759765625,10281.486328125,,20657.908203125,46044.640625,,4881.45947265625,9838.4130859375,,4788.7109375,,,,74015.0234375,4915.59521484375,,8345.4140625,,8581.7734375,6467.19921875,34591.5,,,37866.671875,,,,
2020-07-29,6553.99462890625,,21308.73828125,9878.7548828125,,20138.068359375,43124.40234375,,4840.78125,9388.759765625,,4597.75,,,,70314.265625,5222.8203125,,7963.40576171875,,8307.1572265625,6296.60205078125,34150.83984375,,,37111.11328125,,,,
2020-07-30,6672.08544921875,,21452.91015625,10115.65625,,20409.2890625,44482.65234375,,4901.79931640625,9539.8427734375,,4656.50732421875,,,,69944.1875,5222.8203125,,8080.9462890625,,8513.119140625,6358.63720703125,34106.77734375,,,37822.2265625,,,,
2020-07-31,6642.5625,,21135.732421875,10044.5859375,,20115.46875,44482.65234375,,4871.2900390625,9367.17578125,,4627.12890625,,,,69080.6796875,5178.9306640625,,7963.40576171875,,8307.1572265625,6389.65478515625,33666.12109375,,,38888.890625,,,,
2020-08-03,6849.22021484375,,21452.91015625,10305.1767578125,,20748.31640625,45637.16796875,,4962.8173828125,9885.1767578125,,4759.33203125,,,,69491.8828125,5310.5986328125,,8286.642578125,,8513.119140625,6405.16357421875,34723.6953125,,,38933.3359375,,,,
2020-08-04,6996.83251953125,,21856.595703125,10447.31640625,,21042.13671875,46248.37890625,,5013.666015625,9928.3427734375,,4818.08984375,,,,70396.5078125,5530.04443359375,,8433.5693359375,,8627.54296875,6482.70849609375,36089.7265625,,,39111.11328125,,,,
2020-08-05,7085.400390625,,22346.783203125,10731.59765625,,21245.548828125,46587.94140625,,5186.55126953125,10403.1767578125,,4862.1572265625,,,,72370.2421875,5661.7119140625,,8521.7255859375,,8902.1591796875,6513.72607421875,36442.25390625,,,38666.671875,,,,
2020-08-06,7026.35498046875,,22058.4375,10613.146484375,,21155.14453125,47199.15234375,,5288.24853515625,10381.59375,,4803.400390625,,,,75043.0,5617.8232421875,,8433.5693359375,,8787.736328125,6513.72607421875,36486.3203125,,,38888.890625,,,,
2020-08-07,6996.83251953125,,21971.93359375,10778.9775390625,,21290.75390625,47674.54296875,,5298.41748046875,10446.34375,,4788.7109375,,,,75659.7890625,5486.1552734375,,8374.7998046875,,8764.8505859375,6482.70849609375,36530.38671875,,,38888.890625,,,,
2020-08-10,7026.35498046875,,21971.93359375,10802.66796875,,21335.955078125,47878.27734375,,5389.9453125,10489.5107421875,,4832.77880859375,,,,73973.890625,5573.93359375,,8462.955078125,,8879.275390625,6513.72607421875,36089.7265625,,,39200.00390625,,,,
2020-08-11,7498.71484375,,22202.609375,10992.1884765625,,21245.548828125,47538.71484375,,5430.6240234375,10467.9267578125,,4847.46826171875,,,,73398.21875,5530.04443359375,,8639.2666015625,,8902.1591796875,6544.7431640625,36177.86328125,,,38888.890625,,,,
2020-08-12,7498.71484375,,22606.294921875,11086.9482421875,,21471.56640625,48353.6640625,,5461.1328125,10489.5107421875,,4950.29296875,,,,73562.703125,5530.04443359375,,8609.880859375,,8993.6982421875,6544.7431640625,36177.86328125,,,38844.44921875,,,,
2020-08-13,7528.2373046875,,22865.8046875,11252.7783203125,,21674.982421875,49304.4375,,5511.9814453125,10575.84375,,4979.671875,,,,75248.59375,5573.93359375,,8727.4228515625,,9062.3525390625,6622.2880859375,36574.453125,,,39111.11328125,,,,
2020-08-14,7469.1923828125,,22490.95703125,11134.328125,,21607.177734375,49100.703125,,5573.0,10403.1767578125,,5038.4287109375,,,,76070.984375,5486.1552734375,,8580.49609375,,9062.3525390625,6529.23486328125,36133.79296875,,,38844.44921875,,,,
2020-08-17,7616.80517578125,,22317.947265625,11134.328125,,21245.548828125,48896.96484375,,5613.6787109375,10489.5107421875,,5023.73974609375,,,,75577.5546875,5486.1552734375,,8521.7255859375,,9199.6611328125,6529.23486328125,36265.9921875,,,38977.78125,,,,
2020-08-18,7557.759765625,,22144.939453125,10992.1884765625,,21177.74609375,48829.05078125,,5573.0,10424.7607421875,,4994.361328125,,,,74261.734375,5442.26611328125,,8462.955078125,,9176.7763671875,6544.7431640625,36265.9921875,,,38444.44921875,,,,
2020-08-19,7557.759765625,,22260.27734375,11039.5673828125,,21177.74609375,48964.87890625,,5522.1513671875,10467.9267578125,,5009.05029296875,,,,74261.734375,5968.93701171875,,8551.111328125,,9245.4296875,6560.25244140625,36574.453125,,,38444.44921875,,,,
2020-08-20,7982.88427734375,,22058.4375,11039.5673828125,,21268.154296875,48217.8359375,,5461.1328125,10403.1767578125,,5009.05029296875,,,,73850.546875,5881.15869140625,,8433.5693359375,,9153.890625,6637.796875,36574.453125,,,38222.2265625,,,,
2020-08-21,8136.40185546875,,22462.12109375,11513.369140625,,21426.3671875,48896.96484375,,5532.32080078125,10511.09375,,5082.49658203125,,,,73850.546875,5881.15869140625,,8639.2666015625,,9314.0849609375,6823.9033203125,36530.38671875,,,38266.671875,,,,
2020-08-24,8059.642578125,,22865.8046875,11560.7490234375,,21900.998046875,49576.09375,,5735.71484375,10705.34375,,5229.3896484375,,,,75248.59375,6012.826171875,,8815.578125,,9588.701171875,6947.97412109375,36971.0390625,,,39555.55859375,,,,
2020-08-25,8098.0224609375,,22779.30078125,11702.8896484375,,22081.8125,50119.38671875,,5735.71484375,10597.427734375,,5302.83642578125,,,,76687.78125,5968.93701171875,,8815.578125,,9748.8935546875,6963.4833984375,36971.0390625,,,40444.44921875,,,,
2020-08-26,8136.40185546875,,22692.796875,11702.8896484375,,21878.396484375,49915.6484375,,5745.884765625,10446.34375,,5258.76806640625,,,,75742.03125,5881.15869140625,,8844.962890625,,9657.35546875,6916.95703125,36794.77734375,,,40444.44921875,,,,
2020-08-27,8251.5390625,,22548.625,11726.5791015625,,22533.84375,49576.09375,,5725.54541015625,10489.5107421875,,5258.76806640625,,,,75248.59375,5968.93701171875,,8874.3486328125,,9680.240234375,6916.95703125,36794.77734375,,,40444.44921875,,,,
2020-08-28,8213.16015625,,23384.826171875,11892.4111328125,,22556.447265625,50391.0390625,,5735.71484375,10489.5107421875,,5258.76806640625,,,,74837.40625,6144.49365234375,,8874.3486328125,,9886.203125,6916.95703125,36750.7109375,,,39955.55859375,,,,
2020-08-31,8136.40185546875,,23615.501953125,12176.6904296875,,22375.6328125,50323.125,,5766.224609375,10597.427734375,,5273.45751953125,,,,78743.75,6100.60498046875,,8756.8076171875,,9748.8935546875,6978.99169921875,36574.453125,,,40000.00390625,,,,
2020-09-01,8098.0224609375,,23875.013671875,12389.9013671875,,22556.447265625,51205.984375,,5796.7333984375,10705.34375,,5317.525390625,,,,78126.9609375,6188.38330078125,,8874.3486328125,,9931.9716796875,7258.1513671875,36574.453125,,,41200.00390625,,,,
2020-09-03,8136.40185546875,,24336.3671875,12295.1416015625,,22782.462890625,51477.63671875,,6061.14599609375,10791.677734375,,5346.904296875,,,,79689.4921875,6188.38330078125,,8962.5048828125,,10069.28125,7304.677734375,37984.55078125,,,42000.00390625,,,,
2020-09-04,8098.0224609375,,24278.69921875,12318.83203125,,22601.650390625,50662.6875,,6040.806640625,10770.09375,,5302.83642578125,,,,79031.5859375,6144.49365234375,,9050.66015625,,10000.6259765625,7180.607421875,37411.6953125,,,41777.78125,,,,
2020-09-07,7982.88427734375,,23413.662109375,11845.0302734375,,21923.599609375,48896.96484375,,5939.10986328125,10575.84375,,5200.01123046875,,,,79031.5859375,6056.71533203125,,9021.275390625,,9703.125,7072.04541015625,36838.84375,,,40666.671875,,,,
2020-09-08,7906.1259765625,,23557.833984375,12105.62109375,,22375.6328125,48896.96484375,,5979.7880859375,10640.59375,,5229.3896484375,,,,78620.390625,6056.71533203125,,9285.7421875,,9840.4326171875,7118.57177734375,36354.12109375,,,40222.2265625,,,,
2020-09-09,8021.26416015625,,23529.0,11987.169921875,,22240.0234375,48693.2265625,,5918.77001953125,10575.84375,,5214.70068359375,,,,78126.9609375,6100.60498046875,,9315.126953125,,9703.125,7134.0810546875,36221.92578125,,,40222.2265625,,,,
2020-09-10,8021.26416015625,,23355.9921875,11987.169921875,,22240.0234375,48896.96484375,,5959.44873046875,10597.427734375,,5229.3896484375,,,,77715.7734375,6100.60498046875,,9315.126953125,,9817.548828125,7211.625,36177.86328125,,,40222.2265625,,,,
2020-09-11,7982.88427734375,,23327.158203125,12129.310546875,,22217.421875,48761.13671875,,6173.0126953125,10554.2607421875,,5244.0791015625,,,,77304.578125,6407.82958984375,,9256.3564453125,,9748.8935546875,7180.607421875,36265.9921875,,,40488.890625,,,,
2020-09-14,8136.40185546875,,23355.9921875,12129.310546875,,22285.2265625,48489.48828125,,6152.67333984375,10619.0107421875,,5332.21484375,,,,77386.8125,6363.9404296875,,9256.3564453125,,9840.4326171875,7149.58984375,36574.453125,,,41377.78125,,,,
2020-09-15,8174.78076171875,,23500.1640625,12034.55078125,,22601.650390625,49100.703125,,6081.4853515625,10662.177734375,,5317.525390625,,,,77386.8125,6363.9404296875,,9285.7421875,,9771.779296875,7118.57177734375,36354.12109375,,,42222.2265625,,,,
2020-09-16,8136.40185546875,,23384.826171875,11939.7900390625,,22827.66796875,48896.96484375,,6071.31591796875,10662.177734375,,5317.525390625,,,,77386.8125,6276.162109375,,9344.513671875,,9794.6640625,7118.57177734375,36530.38671875,,,42444.44921875,,,,
2020-09-17,8251.5390625,,23355.9921875,11987.169921875,,22601.650390625,48693.2265625,,6020.466796875,10964.3447265625,,5317.525390625,,,,77386.8125,6320.05126953125,,9403.283203125,,9748.8935546875,7118.57177734375,36354.12109375,,,41777.78125,,,,
2020-09-18,8328.296875,,23644.337890625,12224.0712890625,,23144.08984375,49236.5234375,,6050.97607421875,11093.8447265625,,5508.486328125,,,,77633.5234375,6363.9404296875,,9579.5947265625,,9977.7421875,7366.7138671875,36530.38671875,,,41777.78125,,,,
2020-09-21,8443.4345703125,,23529.0,12200.380859375,,23144.08984375,49440.265625,,6244.20068359375,11093.8447265625,,5596.6220703125,,,,78126.9609375,6583.38671875,,9697.1357421875,,10206.5888671875,7351.20458984375,36574.453125,,,42666.671875,,,,
2020-09-22,8558.5732421875,,23471.330078125,12224.0712890625,,23189.291015625,48829.05078125,,6284.87939453125,11029.0947265625,,5640.68994140625,,,,77715.7734375,6758.943359375,,9726.5205078125,,10229.4736328125,7413.24072265625,37015.10546875,,,42044.44921875,,,,
2020-09-23,8635.3310546875,,23875.013671875,12437.28125,,23098.884765625,49372.3515625,,6315.388671875,11137.0107421875,,5640.68994140625,,,,78126.9609375,6802.8330078125,,9814.6767578125,,10206.5888671875,7351.20458984375,37632.0234375,,,42000.00390625,,,,
2020-09-24,8520.193359375,,23586.66796875,12318.83203125,,22827.66796875,49915.6484375,,6315.388671875,11072.2607421875,,5758.20458984375,,,,76893.3828125,6758.943359375,,9726.5205078125,,10275.2431640625,7382.22265625,37940.484375,,,41333.3359375,,,,
2020-09-25,8520.193359375,,23529.0,12413.591796875,,22963.275390625,49644.0,,6335.72802734375,11115.427734375,,5758.20458984375,,,,76893.3828125,6758.943359375,,9667.7509765625,,10252.3583984375,7289.169921875,37896.41796875,,,41244.44921875,,,,
2020-09-28,8673.7109375,,23817.345703125,12863.7021484375,,23098.884765625,49032.7890625,,6396.74609375,11396.01171875,,5875.71875,,,,77304.578125,6846.72216796875,,9932.2177734375,,10458.3212890625,7351.20458984375,37896.41796875,,,41244.44921875,,,,
2020-09-29,8596.951171875,,23442.49609375,12603.111328125,,22692.056640625,48557.40234375,,6356.0673828125,11374.427734375,,5772.8935546875,,,,76070.984375,6671.1650390625,,9844.0625,,10321.0126953125,7227.1337890625,37279.5,,,40666.671875,,,,
2020-09-30,8635.3310546875,,23529.0,12579.421875,,22601.650390625,48421.578125,,6366.2373046875,11396.01171875,,5802.27197265625,,,,75371.953125,6758.943359375,,9961.603515625,,10343.8974609375,7273.66064453125,37059.171875,,,40666.671875,,,,
2020-10-01,8635.3310546875,,23615.501953125,12603.111328125,,22963.275390625,49168.61328125,,6557.427734375,11655.01171875,,5831.65087890625,,,,75865.390625,6758.943359375,,10461.15234375,,10435.435546875,7661.38232421875,37367.62890625,,,41111.11328125,,,,
2020-10-02,8827.2275390625,,23442.49609375,12768.943359375,,22737.26171875,48829.05078125,,6530.986328125,11525.51171875,,5831.65087890625,,,,75865.390625,6758.943359375,,10431.767578125,,10321.0126953125,7707.908203125,37015.10546875,,,41777.78125,,,,
2020-10-05,9057.5029296875,,23298.32421875,13029.533203125,,22827.66796875,49236.5234375,,6557.427734375,11806.0947265625,,5980.0126953125,,,,75865.390625,6846.72216796875,,10725.6201171875,,10321.0126953125,7800.962890625,36794.77734375,,,41466.671875,,,,
2020-10-06,9211.0205078125,,23327.158203125,12887.392578125,,22827.66796875,49236.5234375,,6530.986328125,12194.595703125,,6030.69091796875,,,,76605.5390625,6758.943359375,,10666.849609375,,10252.3583984375,7785.453125,36971.0390625,,,40800.00390625,,,,
2020-10-07,8980.7451171875,,23327.158203125,12792.6318359375,,22782.462890625,50323.125,,6530.986328125,12000.345703125,,5946.22802734375,,,,78126.9609375,6758.943359375,,10490.5380859375,,9977.7421875,7676.8916015625,37455.765625,,,41111.11328125,,,,
2020-10-08,8903.9853515625,,23298.32421875,12863.7021484375,,23098.884765625,50662.6875,,6478.10400390625,12129.845703125,,5963.1201171875,,,,77304.578125,6758.943359375,,10490.5380859375,,9771.779296875,7630.36474609375,37367.62890625,,,41022.2265625,,,,
2020-10-09,9019.123046875,,23269.48828125,13100.603515625,,22963.275390625,50458.953125,,6478.10400390625,12302.5126953125,,5929.3349609375,,,,79360.5546875,6846.72216796875,,10578.6943359375,,9771.779296875,7723.41796875,37367.62890625,,,41600.00390625,,,,
2020-10-12,8942.365234375,,23615.501953125,13787.615234375,,23008.48046875,50934.33984375,,6438.44189453125,12194.595703125,,5929.3349609375,,,,77345.703125,6802.8330078125,,10490.5380859375,,9703.125,7692.3994140625,37852.35546875,,,41733.3359375,,,,
2020-10-13,8980.7451171875,,23788.51171875,14474.626953125,,22918.072265625,50934.33984375,,6345.89794921875,12086.6787109375,,5912.4423828125,,,,75659.7890625,6758.943359375,,10314.2265625,,9794.6640625,7707.908203125,38116.75,,,41822.2265625,,,,
2020-10-14,9211.0205078125,,24740.05078125,14214.0361328125,,23053.685546875,51070.1640625,,6412.00048828125,12237.7626953125,,5963.1201171875,,,,78126.9609375,6846.72216796875,,10637.46484375,,10458.3212890625,7754.43603515625,38865.86328125,,,42222.2265625,,,,
2020-10-15,9402.9169921875,,24365.201171875,14237.7265625,,23144.08984375,50934.33984375,,6504.54541015625,12539.9296875,,5946.22802734375,,,,78126.9609375,7153.94677734375,,10666.849609375,,10458.3212890625,7692.3994140625,39042.12109375,,,43333.3359375,,,,
2020-10-16,9479.6748046875,,24336.3671875,14758.9072265625,,24048.154296875,51205.984375,,6557.427734375,12561.5126953125,,6030.69091796875,,,,77510.171875,7110.05712890625,,10666.849609375,,10366.7822265625,7738.92626953125,38865.86328125,,,43377.78125,,,,
2020-10-19,9709.9501953125,,24163.361328125,15232.7080078125,,24093.359375,50255.21484375,,6544.20703125,12475.1787109375,,6165.83251953125,,,,77181.2109375,7022.27880859375,,10784.390625,,10526.974609375,7909.5244140625,38557.40234375,,,43422.2265625,,,,
2020-10-20,9709.9501953125,,24221.029296875,15209.0185546875,,24048.154296875,49304.4375,,6689.6337890625,12669.4296875,,6317.86669921875,,,,76317.7109375,6934.50048828125,,10696.234375,,10938.900390625,7956.05126953125,38645.53125,,,43466.671875,,,,
2020-10-21,9671.5712890625,,24422.87109375,14711.52734375,,23867.341796875,49100.703125,,6689.6337890625,12561.5126953125,,6267.1884765625,,,,76358.8203125,6934.50048828125,,10402.3828125,,10870.24609375,7754.43603515625,37984.55078125,,,43244.44921875,,,,
2020-10-22,9825.0888671875,,24768.88671875,15161.638671875,,24409.783203125,50051.4765625,,6676.41357421875,12777.345703125,,6351.65185546875,,,,76070.984375,6890.611328125,,10578.6943359375,,10961.78515625,7816.4716796875,38160.8125,,,44488.89453125,,,,
2020-10-23,9825.0888671875,,24682.380859375,15066.8779296875,,24364.580078125,49915.6484375,,6729.2958984375,13338.513671875,,6368.544921875,,,,76399.9453125,7066.16845703125,,10519.9228515625,,10984.669921875,7645.87353515625,38557.40234375,,,46222.2265625,,,,
2020-10-26,9518.0546875,,23644.337890625,14450.9365234375,,23867.341796875,48896.96484375,,6610.31005859375,13295.3466796875,,6216.51025390625,,,,76070.984375,6978.3896484375,,10343.611328125,,10687.16796875,7444.2578125,37896.41796875,,,46711.1171875,,,,
2020-10-27,9364.537109375,,23471.330078125,14569.38671875,,23550.919921875,48896.96484375,,6491.32421875,13554.3466796875,,6047.58349609375,,,,76112.109375,6890.611328125,,10108.529296875,,10664.2841796875,7366.7138671875,37896.41796875,,,46977.78125,,,,
2020-10-28,9134.26171875,,22663.962890625,14166.65625,,22918.072265625,48829.05078125,,6081.4853515625,13122.6796875,,5929.3349609375,,,,75865.390625,6583.38671875,,9814.6767578125,,10252.3583984375,6854.92138671875,37103.234375,,,44533.3359375,,,,
2020-10-29,9172.640625,,22289.11328125,13787.615234375,,23008.48046875,48217.8359375,,6240.1328125,13209.013671875,,6013.7978515625,,,,75865.390625,6627.275390625,,10049.7587890625,,9977.7421875,7056.53662109375,36838.84375,,,44755.55859375,,,,
2020-10-30,9249.3994140625,,22202.609375,13740.234375,,23279.703125,47810.36328125,,6398.7802734375,13187.4296875,,6013.7978515625,,,,75783.1484375,6758.943359375,,10049.7587890625,,9771.779296875,7072.04541015625,36574.453125,,,47333.3359375,,,,
2020-11-02,9402.9169921875,,22433.287109375,14403.556640625,,23370.107421875,47334.9765625,,6451.66259765625,13209.013671875,,6081.369140625,,,,76276.5859375,6846.72216796875,,10079.14453125,,9794.6640625,7165.09814453125,37808.2890625,,,47333.3359375,,,,
2020-11-03,9594.8125,,22721.6328125,14308.7958984375,,23867.341796875,47674.54296875,,6438.44189453125,13252.1796875,,6165.83251953125,,,,76276.5859375,6934.50048828125,,10196.685546875,,10069.28125,7227.1337890625,37455.765625,,,46400.00390625,,,,
2020-11-04,9786.708984375,,22923.474609375,14498.3173828125,,23957.748046875,48829.05078125,,6663.1923828125,13230.5966796875,,6233.40283203125,,,,76276.5859375,7022.27880859375,,10284.8408203125,,10137.9345703125,7335.6962890625,37455.765625,,,46000.00390625,,,,
2020-11-05,9556.43359375,,22519.7890625,14332.486328125,,23505.71875,48557.40234375,,6663.1923828125,13057.9296875,,6182.724609375,,,,75865.390625,6934.50048828125,,10137.9140625,,9977.7421875,7258.1513671875,37455.765625,,,46444.44921875,,,,
2020-11-06,9633.1923828125,,22519.7890625,14332.486328125,,23686.529296875,48082.015625,,6636.75146484375,13122.6796875,,6081.369140625,,,,75700.9140625,7066.16845703125,,10079.14453125,,9886.203125,7273.66064453125,37455.765625,,,46711.1171875,,,,
2020-11-09,9748.3291015625,,22635.126953125,14664.1474609375,,24138.5625,48489.48828125,,6729.2958984375,13597.513671875,5841.90771484375,6165.83251953125,,,,75536.4296875,7461.1708984375,,10284.8408203125,,10092.1650390625,7599.3466796875,37676.08984375,,,47155.55859375,,,,
2020-11-10,9709.9501953125,,22721.6328125,14498.3173828125,,23957.748046875,49032.7890625,,6742.51611328125,13511.1806640625,5629.0439453125,6115.15478515625,,,,74837.40625,7461.1708984375,,10402.3828125,,10115.0498046875,7444.2578125,37499.828125,,7443.91455078125,46933.3359375,,,,
2020-11-11,9748.3291015625,,22721.6328125,14450.9365234375,,23957.748046875,49711.9140625,,6821.83984375,13511.1806640625,5558.08984375,6165.83251953125,,,,74755.1640625,7461.1708984375,,10284.8408203125,,10069.28125,7490.78466796875,37411.6953125,,7421.2197265625,47022.2265625,,,,
2020-11-12,10132.1220703125,,22836.970703125,14687.837890625,,24183.765625,49847.73828125,,6848.28125,13575.9306640625,5487.1357421875,6317.86669921875,,,,75413.078125,7680.61767578125,,10284.8408203125,,10206.5888671875,7506.2939453125,38072.6796875,,7455.2607421875,47466.671875,,,,
2020-11-13,10170.5009765625,,23240.65234375,15137.94921875,,24319.375,49915.6484375,,6835.06103515625,13791.763671875,5747.30126953125,6520.57861328125,,,,76070.984375,7592.8388671875,,10461.15234375,,10526.974609375,7537.3115234375,38293.0078125,,7477.95654296875,47733.3359375,,,,
2020-11-16,10055.3642578125,,23009.9765625,15114.2587890625,,24093.359375,49236.5234375,,6663.1923828125,13921.263671875,5605.39306640625,6436.115234375,,,,74755.1640625,7461.1708984375,,10402.3828125,,10481.2060546875,7506.2939453125,37808.2890625,,7455.2607421875,45333.3359375,,,,
2020-11-17,10439.15625,,23240.65234375,15398.5400390625,,24409.783203125,51273.8984375,,6795.39892578125,14396.09765625,5629.0439453125,6605.04248046875,,,,74919.6484375,7592.8388671875,,10725.6201171875,,10687.16796875,7568.3291015625,38601.46875,,7466.60791015625,47111.1171875,,,,
2020-11-18,10439.15625,,23096.482421875,15516.9892578125,,24409.783203125,54329.9609375,,6782.17822265625,14935.681640625,5652.69580078125,6638.82763671875,,,,75495.3203125,7592.8388671875,,10813.7763671875,,10687.16796875,7676.8916015625,38601.46875,,7477.95654296875,46622.2265625,,,,
2020-11-19,10439.15625,,23298.32421875,15777.580078125,,24907.021484375,55756.125,,6729.2958984375,15194.681640625,5652.69580078125,6588.14990234375,,,,79648.3828125,7505.06103515625,,10843.1611328125,,10710.052734375,7661.38232421875,39747.17578125,,7707.17431640625,46222.2265625,,,,
2020-11-20,10477.5361328125,,23759.67578125,15730.2001953125,,24952.220703125,55552.3828125,,6821.83984375,15410.515625,5770.953125,6520.57861328125,,,,78949.3515625,7505.06103515625,,10696.234375,,10710.052734375,7645.87353515625,40760.68359375,,7679.93994140625,46133.3359375,,,,
2020-11-23,10477.5361328125,,23702.0078125,15588.0595703125,,25268.64453125,56706.890625,,6808.61962890625,16187.5166015625,5723.650390625,6486.7939453125,,,,78332.5625,7461.1708984375,,10990.087890625,,10801.591796875,7614.85546875,40364.08984375,,7611.85546875,46133.3359375,,,,
2020-11-24,10477.5361328125,,23471.330078125,15516.9892578125,,25133.037109375,56027.76953125,,6755.7373046875,16187.5166015625,5723.650390625,6537.4716796875,,,,77798.0078125,7417.2822265625,,11137.013671875,,10824.4765625,7847.48876953125,40716.6171875,,7611.85546875,46222.2265625,,,,
2020-11-25,10477.5361328125,,23817.345703125,15635.439453125,,24952.220703125,56163.59765625,,6716.0751953125,15367.3486328125,5818.255859375,6571.25732421875,,,,79031.5859375,7505.06103515625,,11283.9404296875,,10801.591796875,7800.962890625,41201.33984375,,7625.4716796875,46933.3359375,,,,
2020-11-26,10515.9150390625,,24567.04296875,16132.9306640625,,25178.23828125,56571.0703125,,6742.51611328125,15151.515625,5794.6044921875,6588.14990234375,,,,80182.921875,7505.06103515625,,11254.5546875,,10801.591796875,7692.3994140625,41421.66796875,,7625.4716796875,47155.55859375,,,,
2020-11-27,10439.15625,,24480.5390625,16132.9306640625,,25404.25390625,56706.890625,,7198.630859375,15647.9326171875,5794.6044921875,6757.07666015625,,,,79566.140625,7461.1708984375,,11372.095703125,,10847.361328125,7909.5244140625,41641.9921875,,7625.4716796875,46755.55859375,,,,
2020-11-30,10439.15625,,24048.021484375,15872.33984375,,25042.626953125,56706.890625,,7383.21142578125,15324.181640625,5889.21044921875,6875.3251953125,,,,78743.75,7461.1708984375,,11313.3251953125,,11030.439453125,8451.13671875,40981.0078125,,7516.53662109375,46177.78125,,,,
2020-12-01,10477.5361328125,,24048.021484375,16061.8603515625,,24952.220703125,56706.890625,,7483.8916015625,15367.3486328125,5960.1650390625,7044.25244140625,,,,79566.140625,7592.8388671875,,11401.4814453125,,11213.5166015625,8470.0859375,40540.35546875,,8033.97998046875,46666.671875,,,,
2020-12-02,,,23932.68359375,15990.791015625,,25133.037109375,57046.4609375,,7399.99169921875,15237.8486328125,6007.46728515625,7213.17919921875,,,,80923.09375,7636.72802734375,,11577.79296875,,11488.1337890625,8299.5478515625,41201.33984375,,8592.2734375,46666.671875,,,,
2020-12-03,,,23990.3515625,16014.4814453125,,25133.037109375,57386.0234375,,7316.09130859375,15906.9326171875,6165.93212890625,7094.93017578125,,,,80182.921875,7592.8388671875,,11871.6455078125,,11442.3642578125,8223.7529296875,41201.33984375,,8823.76171875,47022.2265625,,,,
2020-12-04,,,24019.1875,16440.900390625,,25178.23828125,58065.14453125,,7282.53125,15950.099609375,6061.8662109375,7078.0380859375,,,,83061.2890625,7461.1708984375,,11783.490234375,,11350.8251953125,8299.5478515625,40143.765625,,8878.2294921875,47022.2265625,,,,
2020-12-07,,,24797.71875,16440.900390625,,25178.23828125,58608.4453125,,7332.87109375,16489.68359375,6087.88232421875,7061.14501953125,,,,85117.265625,7505.06103515625,,12077.341796875,,11465.2490234375,8337.4453125,41025.078125,,8742.0595703125,47022.2265625,,,,
2020-12-08,,,24624.712890625,16346.142578125,,25404.25390625,58472.62109375,,7450.33154296875,16576.015625,6061.8662109375,7213.17919921875,,,,84706.078125,7680.61767578125,,12870.744140625,,11442.3642578125,8356.39453125,41025.078125,,8878.2294921875,46666.671875,,,,
2020-12-09,10957.2763671875,,25259.07421875,16346.142578125,,25991.8984375,58472.62109375,,7601.35205078125,16619.18359375,6165.93212890625,7230.072265625,,,,82444.4921875,7636.72802734375,,13340.908203125,,11785.634765625,8507.9833984375,42523.3046875,,8769.29296875,47111.1171875,,,,
2020-12-10,10727.0,,25345.576171875,16109.240234375,,25539.86328125,57318.109375,,7467.11181640625,16230.6826171875,6087.88232421875,7111.8232421875,,,,81457.6328125,7505.06103515625,,13399.6787109375,,11579.6728515625,8413.2392578125,42831.765625,,8633.1240234375,46622.2265625,,,,
2020-12-11,10822.9482421875,,26412.455078125,16464.591796875,,25765.880859375,58472.62109375,,7467.11181640625,16748.68359375,6139.91552734375,7263.857421875,,,,84171.5234375,7592.8388671875,,13840.4580078125,,11739.8662109375,8451.13671875,42831.765625,,8742.0595703125,47466.671875,,,,
2020-12-14,10822.9482421875,,26816.140625,16772.5625,,25856.287109375,59083.83203125,,7500.671875,16942.93359375,6165.93212890625,7382.10595703125,,,,83883.6953125,7548.9501953125,,14780.7861328125,,11991.59765625,8507.9833984375,44021.5390625,,8673.9755859375,48400.00390625,,,,
2020-12-15,10746.189453125,,26585.462890625,16583.04296875,,25630.26953125,57997.23046875,,7467.11181640625,16662.349609375,6087.88232421875,7263.857421875,,,,81827.7109375,7461.1708984375,,14986.482421875,,11968.712890625,8413.2392578125,43096.16015625,,8701.208984375,47555.55859375,,,,
2020-12-16,10842.1376953125,,27335.16015625,16772.5625,,25811.083984375,58268.88671875,,7517.45166015625,16748.68359375,6269.99853515625,7517.24755859375,,,,81868.828125,7505.06103515625,,14722.015625,,12792.5625,8602.7275390625,44021.5390625,,8823.76171875,47555.55859375,,,,
2020-12-17,10861.3271484375,,26758.46875,16156.62109375,,25539.86328125,57114.37109375,,7634.912109375,16252.2666015625,6217.96533203125,7466.56982421875,,,,81416.515625,7505.06103515625,,14722.015625,,12975.640625,8905.9072265625,42302.9765625,,8932.6962890625,46533.3359375,,,,
2020-12-18,10899.70703125,,27104.484375,16393.521484375,,25720.677734375,57657.66796875,,7953.73291015625,16662.349609375,6269.99853515625,7804.42333984375,,,,82979.0546875,7592.8388671875,,15750.5,,13364.681640625,9436.4716796875,43580.87890625,,9041.6318359375,46533.3359375,,,,
2020-12-21,11110.7939453125,,27363.99609375,16511.970703125,,25991.8984375,58608.4453125,,8373.232421875,16640.767578125,6426.09814453125,7855.1015625,,,,82238.90625,7856.17431640625,,16837.755859375,,13456.2197265625,10080.7294921875,43580.87890625,,9191.4189453125,47288.89453125,,,,
2020-12-22,11034.0341796875,,27017.98046875,16488.28125,,26263.119140625,57929.31640625,,8255.7724609375,16986.099609375,6712.28076171875,7838.208984375,,,,82033.3125,7987.84228515625,,17396.07421875,,13364.681640625,10459.703125,43140.2265625,,9109.716796875,46977.78125,,,,
2020-12-23,10784.5693359375,,26873.80859375,16346.142578125,,25991.8984375,57521.83984375,,8054.4130859375,17266.68359375,6556.18115234375,7736.85302734375,,,,81005.3203125,7900.06396484375,,16925.91015625,,13135.833984375,10042.8310546875,42963.9609375,,8919.080078125,46977.78125,,,,
2020-12-24,10477.5361328125,,26239.44921875,16085.55078125,,25765.880859375,56978.546875,,7785.93212890625,17245.099609375,6400.08154296875,7703.0673828125,,,,81416.515625,7592.8388671875,,16661.443359375,,12792.5625,9853.34375,42875.83203125,,8742.0595703125,46977.78125,,,,
2020-12-25,10727.0,,26873.80859375,16440.900390625,,26037.1015625,57182.2890625,,8054.4130859375,17590.43359375,6452.11474609375,7804.42333984375,,,,81416.515625,7636.72802734375,,17807.466796875,,13524.875,10289.1650390625,43008.03125,,8932.6962890625,47066.671875,,,,
2020-12-28,10669.431640625,,27363.99609375,16251.3818359375,,26172.7109375,59015.921875,,8004.07275390625,17935.767578125,6452.11474609375,7787.53076171875,,,,81046.4453125,7636.72802734375,,18806.56640625,,13593.529296875,10194.4208984375,43184.2890625,,8919.080078125,47066.671875,,,,
2020-12-29,10631.052734375,,27883.017578125,16180.3115234375,,26489.1328125,59151.75,,7936.95263671875,17957.3515625,6426.09814453125,7753.74560546875,,,,82197.78125,7548.9501953125,,18630.25390625,,13616.4140625,10042.8310546875,43713.078125,,8959.9306640625,47333.3359375,,,,
2020-12-30,10669.431640625,,27710.009765625,16275.072265625,,26263.119140625,59015.921875,,7920.17236328125,17655.18359375,6426.09814453125,7736.85302734375,,,,82238.90625,7461.1708984375,,18512.712890625,,13685.068359375,10061.7802734375,43140.2265625,,8987.1630859375,48222.2265625,,,,
2020-12-31,10784.5693359375,,27623.505859375,16369.8330078125,,26715.150390625,58812.1796875,,7970.5126953125,17892.6015625,6452.11474609375,7770.63818359375,,,,80182.921875,7461.1708984375,,19453.041015625,,14417.37890625,10156.5234375,43140.2265625,,8823.76171875,48088.89453125,,,,
2021-01-04,10995.6552734375,,27825.34765625,16819.94140625,,27212.38671875,60306.25390625,,8087.97314453125,18259.517578125,6582.19775390625,8091.599609375,,,,81992.1875,7548.9501953125,,19864.435546875,,15103.9208984375,10535.498046875,43624.94921875,,8987.1630859375,48000.00390625,,,,
2021-01-05,11264.3095703125,,27623.505859375,16772.5625,,28342.46875,61121.2109375,,8306.1123046875,18281.1015625,7024.4794921875,8497.0234375,,,,81827.7109375,7768.39599609375,,19835.05078125,,15126.8056640625,10516.5498046875,43757.14453125,,9613.5419921875,48755.55859375,,,,
2021-01-06,11475.3955078125,,28142.529296875,17933.375,,28206.857421875,61392.85546875,,8608.1533203125,18475.3515625,7284.6455078125,8547.7021484375,,,,81622.1171875,7812.28515625,,19981.978515625,,15195.4599609375,10611.2939453125,46268.8828125,,9627.1591796875,48977.78125,,,,
2021-01-07,11475.3955078125,,28200.197265625,18407.177734375,,28252.0625,62954.84375,,8994.09375,18475.3515625,7232.6123046875,8750.4150390625,,,,81334.28125,8426.734375,,20217.05859375,,15836.232421875,10743.9345703125,47150.1953125,,9531.8408203125,48933.3359375,,,,
2021-01-08,11590.533203125,,27969.521484375,18336.107421875,,28613.689453125,62954.84375,,9094.7744140625,18453.767578125,7310.66259765625,8986.9111328125,,,,81498.7578125,8382.8447265625,,20070.1328125,,16339.6962890625,10800.7802734375,46180.75,,9463.755859375,49688.89453125,,,,
2021-01-11,11648.103515625,,27825.34765625,18336.107421875,,29246.53515625,63362.31640625,,9010.8740234375,18583.26953125,7232.6123046875,8902.4482421875,,,,83184.65625,8251.177734375,,19717.509765625,,16133.734375,10687.0888671875,46048.5546875,,9382.0556640625,50577.78125,,,,
2021-01-12,11552.154296875,,28113.6953125,18241.345703125,,29743.7734375,63566.05078125,,8977.314453125,19381.853515625,7128.5458984375,8834.876953125,,,,84500.484375,8251.177734375,,20040.748046875,,16065.080078125,10611.2939453125,46533.27734375,,9382.0556640625,50844.44921875,,,,
2021-01-13,11456.2060546875,,27940.685546875,18312.416015625,,30060.193359375,63158.5703125,,9010.8740234375,19295.51953125,7232.6123046875,8784.19921875,,,,85158.390625,8382.8447265625,,19688.125,,16087.9638671875,10459.703125,46180.75,,9450.138671875,49377.78125,,,,
2021-01-14,11456.2060546875,,28171.36328125,18549.318359375,,30014.9921875,62547.36328125,,8994.09375,19187.6015625,7492.7783203125,8919.341796875,,,,84294.8828125,8382.8447265625,,20775.37890625,,16362.58203125,10478.65234375,45784.16015625,,9586.3076171875,49066.671875,,,,
2021-01-15,11609.7236328125,,28171.36328125,18715.146484375,,30105.3984375,62207.80078125,,9363.2548828125,19209.185546875,7778.9609375,9037.5908203125,,,,82444.4921875,8426.734375,,21715.70703125,,16866.044921875,10876.576171875,45475.703125,,9708.8603515625,49422.2265625,,,,
2021-01-18,11494.5859375,,28056.0234375,18288.7265625,,29969.787109375,61528.68359375,,9145.1142578125,19252.353515625,7674.89453125,8851.7705078125,,,,82403.3828125,8163.39990234375,,21333.69921875,,16568.54296875,10914.4736328125,45519.765625,,9613.5419921875,49022.2265625,,,,
2021-01-19,10707.8095703125,,26095.275390625,17009.462890625,,28026.046875,57725.58203125,,8507.47265625,17957.3515625,7180.57958984375,8243.6337890625,,,,79360.5546875,7417.2822265625,,19864.435546875,,15515.845703125,10592.3447265625,43624.94921875,,8987.1630859375,45644.44921875,,,,
2021-01-20,10861.3271484375,,26239.44921875,16891.01171875,,28613.689453125,58744.26953125,,8557.8134765625,18000.517578125,7180.57958984375,8243.6337890625,,,,80059.5703125,7768.39599609375,,19570.583984375,,15790.462890625,10573.3974609375,43669.015625,,8973.546875,45911.11328125,,,,
2021-01-21,11110.7939453125,,26816.140625,17530.64453125,,29653.365234375,59423.390625,,8658.4931640625,19079.685546875,7388.7119140625,8716.62890625,,,,79771.7421875,7812.28515625,,20305.21484375,,16568.54296875,10800.7802734375,45387.5703125,,9286.736328125,46711.1171875,,,,
2021-01-22,10995.6552734375,,26095.275390625,17814.92578125,,30241.0078125,58812.1796875,,8759.173828125,18842.26953125,7466.76171875,8649.0576171875,,,,79771.7421875,7636.72802734375,,19835.05078125,,16614.314453125,10497.6005859375,45387.5703125,,9300.353515625,46666.671875,,,,
2021-01-25,10784.5693359375,,25720.42578125,17435.884765625,,30286.2109375,57521.83984375,,8608.1533203125,18863.8515625,7440.7451171875,8513.9169921875,,,,79771.7421875,7329.50341796875,,19805.6640625,,16385.466796875,10346.01171875,45167.2421875,,9300.353515625,46577.78125,,,,
2021-01-26,10669.431640625,,24538.208984375,16346.142578125,,29834.1796875,56571.0703125,,8222.2119140625,18259.517578125,7206.59619140625,8649.0576171875,,,,78126.9609375,7197.8359375,,18806.56640625,,16019.3095703125,10118.626953125,44462.19140625,,9014.3974609375,45111.11328125,,,,
2021-01-27,10554.2939453125,,23817.345703125,15445.9189453125,,28478.080078125,53650.8359375,,7819.4921875,17396.18359375,7024.4794921875,8108.4921875,,,,76811.140625,6846.72216796875,,17513.615234375,,15332.767578125,9512.2666015625,42919.89453125,,9109.716796875,44444.44921875,,,,
2021-01-28,9825.0888671875,,22173.775390625,14379.8662109375,,26489.1328125,49915.6484375,,7282.53125,16187.5166015625,6556.18115234375,7551.03271484375,,,,71465.609375,6188.38330078125,,16308.8193359375,,14280.0712890625,8849.060546875,39923.4375,,8483.337890625,41333.3359375,,,,
2021-01-29,10285.638671875,,23009.9765625,14450.9365234375,,28342.46875,51817.203125,,7483.8916015625,16899.767578125,6582.19775390625,7922.67236328125,,,,66490.15625,6407.82958984375,,16925.91015625,,14646.2255859375,9455.419921875,40981.0078125,,8605.8916015625,44177.78125,,,,
2021-02-01,10228.0703125,,22548.625,15161.638671875,,28704.09765625,51070.1640625,,7450.33154296875,16554.43359375,6243.98193359375,7432.7841796875,,,,71136.6484375,5925.0478515625,,15750.5,,14737.7646484375,9228.0361328125,40143.765625,,8456.103515625,44000.00390625,,,,
2021-02-02,10496.724609375,,22692.796875,16061.8603515625,,29834.1796875,51953.02734375,,7785.93212890625,17482.517578125,6452.11474609375,7888.88671875,,,,73603.8203125,6451.71875,,16338.205078125,,15561.6162109375,9588.0615234375,42523.3046875,,8701.208984375,47066.671875,,,,
2021-02-03,10784.5693359375,,23846.1796875,16535.662109375,,31642.3125,54329.9609375,,8054.4130859375,18130.017578125,6894.396484375,8192.955078125,,,,73603.8203125,6802.8330078125,,17454.845703125,,16019.3095703125,10156.5234375,43580.87890625,,9232.2685546875,47777.78125,,,,
2021-02-04,10822.9482421875,,23932.68359375,16440.900390625,,32772.39453125,55009.0859375,,7903.392578125,18043.685546875,6946.43017578125,8125.384765625,,,,74878.5234375,6758.943359375,,17454.845703125,,16019.3095703125,10042.8310546875,43580.87890625,,9205.03515625,46666.671875,,,,
2021-02-05,10938.0859375,,24105.689453125,16962.08203125,,32953.203125,55144.91015625,,8087.97314453125,18345.8515625,7284.6455078125,8361.8818359375,,,,74796.28125,7066.16845703125,,18512.712890625,,16614.314453125,10118.626953125,44065.6015625,,9640.775390625,47777.78125,,,,
2021-02-08,10554.2939453125,,23125.314453125,16132.9306640625,,32229.953125,53650.8359375,,7869.83251953125,17655.18359375,7362.6953125,8074.70654296875,,,,71547.8515625,6627.275390625,,17983.779296875,,16019.3095703125,9929.138671875,41465.734375,,9477.3740234375,44888.89453125,,,,
2021-02-09,10957.2763671875,,23529.0,16772.5625,,33721.66015625,55212.82421875,,8087.97314453125,18043.685546875,7648.87744140625,8361.8818359375,,,,74097.2578125,6802.8330078125,,18659.640625,,16477.00390625,10175.47265625,42831.765625,,9804.1787109375,47200.00390625,,,,
2021-02-17,11283.4990234375,,24278.69921875,17435.884765625,,35213.375,59015.921875,,8524.2529296875,18755.935546875,7726.927734375,8716.62890625,,,,74590.6875,7066.16845703125,,19717.509765625,,17575.47265625,10497.6005859375,44065.6015625,,10280.7705078125,48000.00390625,,,,
2021-02-18,11187.5517578125,,25028.3984375,17435.884765625,,35348.98046875,61189.1171875,,8557.8134765625,18928.6015625,7622.861328125,8851.7705078125,,,,79154.953125,6934.50048828125,,19570.583984375,,17804.318359375,10554.447265625,44946.91796875,,10199.0703125,48888.89453125,,,,
2021-02-19,11935.947265625,,25432.080078125,17530.64453125,,34625.72265625,60374.1640625,,8574.5927734375,18755.935546875,7648.87744140625,9071.3759765625,,,,78825.984375,6978.3896484375,,19482.427734375,,17712.779296875,10497.6005859375,44638.45703125,,10239.919921875,48444.44921875,,,,
2021-02-22,12127.8427734375,,25230.23828125,17530.64453125,,34716.13671875,59898.78125,,8658.4931640625,18734.3515625,7648.87744140625,9020.697265625,,,,78126.9609375,6890.611328125,,19306.1171875,,17667.009765625,10573.3974609375,44329.99609375,,10267.1552734375,48755.55859375,,,,
2021-02-23,12166.22265625,,25374.412109375,17554.3359375,,34128.4921875,60713.73046875,,8708.8330078125,18691.185546875,7596.8447265625,9257.1953125,,,,76482.1796875,7153.94677734375,,19746.89453125,,18216.244140625,10592.3447265625,44065.6015625,,10130.9853515625,48888.89453125,,,,
2021-02-24,11974.326171875,,24826.5546875,17767.544921875,,34083.29296875,59830.87109375,,8541.033203125,18820.685546875,7440.7451171875,9122.0537109375,,,,76194.34375,7022.27880859375,,19658.73828125,,17895.857421875,10383.9091796875,43228.35546875,,10185.4521484375,48088.89453125,,,,
2021-02-25,12434.876953125,,24768.88671875,17672.78515625,,34444.91796875,60577.90625,,8557.8134765625,19058.1015625,7596.8447265625,9223.4091796875,,,,77098.9765625,6978.3896484375,,19658.73828125,,17895.857421875,10364.9599609375,43272.421875,,10471.4072265625,48400.00390625,,,,
2021-02-26,12684.341796875,,25143.736328125,17649.095703125,,34444.91796875,60645.8203125,,8440.3525390625,19684.01953125,7648.87744140625,9341.658203125,,,,77304.578125,6978.3896484375,,19511.814453125,,17964.51171875,10440.7548828125,43272.421875,,10811.8310546875,48444.44921875,,,,
2021-03-01,12761.1005859375,,25432.080078125,18051.826171875,,35213.375,62411.5390625,,8658.4931640625,19943.01953125,8169.2099609375,9578.15625,,,,77222.3359375,7110.05712890625,,20569.681640625,,18399.322265625,10611.2939453125,43713.078125,,11560.7626953125,48222.2265625,,,,
2021-03-02,12665.1533203125,,25403.244140625,18004.4453125,,35213.375,61800.328125,,8960.5341796875,20158.853515625,8377.3427734375,9493.693359375,,,,76235.4609375,7066.16845703125,,20599.068359375,,18445.091796875,11274.4990234375,43757.14453125,,11873.951171875,48088.89453125,,,,
2021-03-03,12761.1005859375,,25259.07421875,18288.7265625,,35122.96484375,61800.328125,,9044.4345703125,20202.01953125,8299.2919921875,9459.9072265625,,,,75166.3515625,7066.16845703125,,20481.525390625,,18467.9765625,11274.4990234375,43360.5546875,,11765.0146484375,47511.1171875,,,,
2021-03-04,12434.876953125,,24653.548828125,18146.5859375,,34309.30859375,61732.41796875,,8792.7333984375,19813.51953125,8065.14306640625,9172.7314453125,,,,73192.625,6934.50048828125,,19658.73828125,,17872.974609375,10857.6279296875,42875.83203125,,11438.2080078125,47511.1171875,,,,
2021-03-05,12454.06640625,,24451.705078125,18004.4453125,,34309.30859375,62819.015625,,8675.2734375,19856.685546875,8195.2265625,9240.3017578125,,,,72575.828125,6934.50048828125,,19658.73828125,,17941.626953125,10800.7802734375,42479.2421875,,11792.248046875,47244.44921875,,,,
2021-03-08,12204.6015625,,24480.5390625,17957.06640625,,34264.10546875,64516.82421875,,8708.8330078125,19986.1875,8169.2099609375,9324.765625,,,,71959.0390625,6934.50048828125,,19717.509765625,,17781.43359375,10800.7802734375,41950.453125,,11751.3974609375,47111.1171875,,,,
2021-03-09,12300.548828125,,24134.525390625,17625.40625,,33902.4765625,63633.96875,,8708.8330078125,19791.935546875,8169.2099609375,9223.4091796875,,,,71136.6484375,6890.611328125,,19423.658203125,,17827.203125,10762.8828125,41862.32421875,,11710.546875,46355.55859375,,,,
2021-03-10,12569.2041015625,,24221.029296875,17791.234375,,34490.12109375,62479.453125,,8759.173828125,19684.01953125,8299.2919921875,9443.0146484375,,,,71260.015625,7153.94677734375,,19453.041015625,,17987.396484375,10781.83203125,42082.65234375,,11696.9306640625,47111.1171875,,,,
2021-03-11,12665.1533203125,,24970.7265625,18099.20703125,,34670.93359375,62954.84375,,8859.853515625,20029.353515625,8351.326171875,9544.37109375,,,,72370.2421875,7592.8388671875,,19952.591796875,,18376.4375,10838.6787109375,42435.17578125,,11778.6318359375,47066.671875,,,,
2021-03-12,12645.962890625,,24999.5625,17980.755859375,,34580.52734375,61868.2421875,,8943.75390625,20050.9375,8585.474609375,9544.37109375,,,,73192.625,7768.39599609375,,19688.125,,18330.66796875,10838.6787109375,42214.84765625,,11833.1005859375,47066.671875,,,,
2021-03-15,12857.048828125,,24797.71875,18004.4453125,,34580.52734375,61868.2421875,,8943.75390625,20072.51953125,8507.42578125,9763.9755859375,,,,72781.421875,7812.28515625,,19511.814453125,,18353.552734375,10876.576171875,42435.17578125,,11901.1845703125,47111.1171875,,,,
2021-03-16,12837.8583984375,,24451.705078125,17862.3046875,,36614.671875,61324.9375,,8994.09375,19899.853515625,8403.359375,9679.51171875,,,,74261.734375,8207.2880859375,,19217.9609375,,18239.12890625,10800.7802734375,42170.78125,,11846.7158203125,46844.44921875,,,,
2021-03-17,12857.048828125,,24970.7265625,18738.837890625,,36524.26953125,63022.75,,9229.0146484375,19986.1875,8455.392578125,9797.7607421875,,,,73686.0625,8295.0673828125,,19159.189453125,,18445.091796875,10876.576171875,42126.71484375,,12527.5625,46533.3359375,,,,
2021-03-18,13029.755859375,,25951.103515625,19188.94921875,,36614.671875,62343.625,,9229.0146484375,20115.6875,8481.4091796875,9865.33203125,,,,74261.734375,8558.40234375,,19570.583984375,,19200.287109375,10990.2685546875,42963.9609375,,12459.4775390625,47377.78125,,,,
2021-03-19,12972.1865234375,,25951.103515625,19165.2578125,,36072.234375,61732.41796875,,9111.5546875,20353.103515625,8481.4091796875,9865.33203125,,,,74015.0234375,8602.291015625,,19570.583984375,,19223.171875,10952.37109375,41509.796875,,12445.8603515625,48177.78125,,,,
2021-03-22,12818.669921875,,25749.26171875,19473.228515625,,35575.0,61460.76171875,,9044.4345703125,20180.4375,8481.4091796875,9679.51171875,,,,73603.8203125,8426.734375,,19629.353515625,,18902.78515625,10914.4736328125,42743.63671875,,12296.0751953125,47688.89453125,,,,
2021-03-23,12665.1533203125,,25201.404296875,19188.94921875,,35620.19921875,62343.625,,8893.4140625,20115.6875,8455.392578125,9578.15625,,,,73192.625,8251.177734375,,19335.501953125,,18513.74609375,10724.986328125,42214.84765625,,12119.0556640625,47333.3359375,,,,
2021-03-24,12454.06640625,,24307.533203125,18478.248046875,,34806.53515625,61189.1171875,,8557.8134765625,19619.26953125,8325.30859375,9324.765625,,,,72164.640625,7900.06396484375,11325.802734375,18395.173828125,,17987.396484375,10213.3701171875,41730.12890625,,11928.41796875,47955.55859375,,,,
2021-03-25,12300.548828125,,24365.201171875,18667.767578125,,34625.72265625,61324.9375,,8591.373046875,19425.01953125,8299.2919921875,9307.873046875,,,,71959.0390625,7812.28515625,12112.70703125,18101.3203125,,18010.28125,10194.4208984375,41906.38671875,,11737.78125,49066.671875,,,,
2021-03-26,12454.06640625,,24278.69921875,18501.9375,,34399.70703125,60577.90625,,8641.712890625,19943.01953125,8195.2265625,9290.9794921875,,,,71136.6484375,8558.40234375,12955.8193359375,18160.08984375,,18033.166015625,10118.626953125,41818.2578125,,11778.6318359375,49955.55859375,,,,
2021-03-29,12665.1533203125,,24538.208984375,18952.048828125,,35077.75390625,60781.64453125,,8725.61328125,19986.1875,8533.44140625,9544.37109375,,,,71260.015625,9392.2978515625,13855.138671875,18453.943359375,,18101.8203125,10383.9091796875,41994.5234375,,11969.2685546875,50133.3359375,,,,
2021-03-30,12780.291015625,,24711.216796875,19141.568359375,,34851.73828125,60849.5546875,,8792.7333984375,20050.9375,9001.740234375,9561.263671875,,,,71959.0390625,10313.9716796875,14810.666015625,18689.02734375,,18330.66796875,10535.498046875,41774.19140625,,12636.498046875,52000.00390625,,,,
2021-03-31,12780.291015625,,24768.88671875,19023.1171875,,35122.96484375,60917.47265625,,8859.853515625,20202.01953125,9027.7568359375,9510.5849609375,,,,74015.0234375,11279.53515625,15822.3994140625,18659.640625,,18490.859375,10554.447265625,41774.19140625,,13181.1748046875,52400.00390625,,,,
2021-04-01,12991.3759765625,,25345.576171875,19449.5390625,,36027.03125,61528.68359375,,8994.09375,20935.853515625,9053.7734375,9865.33203125,,,,73603.8203125,11850.095703125,15850.50390625,19952.591796875,,18765.478515625,10611.2939453125,42699.5703125,,13589.6806640625,54666.671875,,,,
2021-04-02,13298.41015625,,25951.103515625,19567.990234375,,36072.234375,61324.9375,,9145.1142578125,21173.271484375,9157.8408203125,10000.4736328125,,,,74015.0234375,11850.095703125,15878.607421875,20158.2890625,,18879.90234375,10724.986328125,43096.16015625,,13807.552734375,54666.671875,,,,
2021-04-05,13336.7900390625,,26268.28125,19899.650390625,,35981.82421875,60713.73046875,,9279.3544921875,21281.1875,9183.857421875,10270.7568359375,,,,73809.421875,10665.0859375,15794.2958984375,20569.681640625,,18994.32421875,10762.8828125,44946.91796875,,14515.6318359375,55244.44921875,,,,
2021-04-06,13336.7900390625,,26383.62109375,20373.451171875,,35891.421875,60917.47265625,,9262.57421875,21324.35546875,9079.7900390625,10608.6103515625,,,,73192.625,10884.5322265625,15738.0888671875,20569.681640625,,19314.7109375,10668.1396484375,44902.84765625,,14597.333984375,56444.44921875,,,,
2021-04-07,13202.4619140625,,26268.28125,20373.451171875,,35981.82421875,60509.9921875,,9312.9150390625,21345.9375,9079.7900390625,10743.751953125,,,,72781.421875,10972.310546875,15738.0888671875,20775.37890625,,19314.7109375,10914.4736328125,44902.84765625,,14515.6318359375,56755.5625,,,,
2021-04-08,13202.4619140625,,25835.763671875,20183.931640625,,35981.82421875,60442.08203125,,9413.5947265625,21302.771484375,9105.8076171875,10541.0400390625,,,,71547.8515625,11060.0888671875,15513.2587890625,20687.22265625,,19200.287109375,10952.37109375,44065.6015625,,13943.720703125,55733.33984375,,,,
2021-04-09,13202.4619140625,,25547.41796875,20136.55078125,,37111.90625,60306.25390625,,9396.814453125,21389.10546875,9444.0224609375,10591.716796875,,,,71547.8515625,11103.978515625,15569.4658203125,20716.609375,,19040.09375,10914.4736328125,42963.9609375,,13807.552734375,55511.1171875,,,,
2021-04-12,13490.306640625,,25806.9296875,20468.2109375,,37111.90625,59695.04296875,,9363.2548828125,22101.35546875,9808.2548828125,10693.07421875,,,,71959.0390625,11147.8671875,15569.4658203125,21451.240234375,,19291.826171875,11047.1142578125,43580.87890625,,14433.9296875,58666.671875,,,,
2021-04-13,13279.2197265625,,25172.568359375,19923.33984375,,36479.0625,58404.703125,,9279.3544921875,21626.521484375,9574.10546875,10507.2548828125,,,,71301.1328125,11147.8671875,15344.63671875,20922.3046875,,19040.09375,11217.6533203125,42963.9609375,,14161.5908203125,62533.33984375,,,,
2021-04-14,13279.2197265625,,25374.412109375,20255.001953125,,36614.671875,58744.26953125,,9363.2548828125,22878.35546875,9600.123046875,10557.9326171875,,,,71013.2890625,11279.53515625,15063.599609375,21128.001953125,,19131.634765625,11236.6015625,43492.75,,14243.2939453125,62222.2265625,,,,
2021-04-15,12991.3759765625,,24826.5546875,19994.41015625,,36162.640625,58404.703125,,9178.6748046875,23525.857421875,9652.15625,10338.3271484375,,,,70602.1015625,11411.203125,15176.013671875,20481.525390625,,18719.70703125,10914.4736328125,42963.9609375,,14134.3583984375,62622.2265625,,,,
2021-04-16,12703.5322265625,,24221.029296875,19899.650390625,,36027.03125,58404.703125,,8943.75390625,23569.0234375,9860.2890625,10203.185546875,,,,69532.984375,11323.423828125,15344.63671875,19981.978515625,,18513.74609375,10497.6005859375,42435.17578125,,13889.2529296875,63555.5625,,,,
2021-04-19,12933.80859375,,24797.71875,20136.55078125,,36840.6875,59219.66015625,,9161.89453125,24950.357421875,10094.4375,10304.541015625,,,,69903.078125,11762.3173828125,15457.0517578125,20452.140625,,19040.09375,10724.986328125,43404.62109375,,14161.5908203125,64000.00390625,,,,
2021-04-20,12895.4287109375,,24913.05859375,19899.650390625,,37473.53515625,59762.953125,,9128.333984375,24691.357421875,10328.5869140625,10304.541015625,,,,69903.078125,12069.5419921875,15457.0517578125,20040.748046875,,18834.1328125,10535.498046875,45387.5703125,,14706.2685546875,63600.00390625,,,,
2021-04-22,12473.2568359375,,23644.337890625,18549.318359375,,36162.640625,58268.88671875,,8826.2939453125,23741.689453125,9782.23828125,9865.33203125,,,,68916.203125,12157.3212890625,15457.0517578125,18659.640625,,18170.474609375,10232.318359375,45387.5703125,,14515.6318359375,61688.89453125,,,,
2021-04-23,12818.669921875,,24221.029296875,19567.990234375,,37518.7421875,58404.703125,,9027.654296875,24346.0234375,10458.669921875,10236.9716796875,,,,69903.078125,11850.095703125,14670.146484375,19394.271484375,,18536.630859375,10611.2939453125,45828.2265625,,14515.6318359375,61466.671875,,,,
2021-04-26,12780.291015625,,23355.9921875,18809.908203125,,36614.671875,55348.64453125,,8893.4140625,23784.857421875,10770.869140625,10000.4736328125,,,,69903.078125,11893.984375,15063.599609375,18630.25390625,,18056.05078125,10289.1650390625,43448.68359375,,14651.8017578125,58444.44921875,,,,
2021-04-27,13048.9443359375,,23269.48828125,18786.216796875,,36479.0625,55348.64453125,,8994.09375,24302.857421875,10692.8193359375,10000.4736328125,,,,69820.8203125,11937.8740234375,15119.806640625,18689.02734375,,18078.935546875,10270.216796875,43624.94921875,,14515.6318359375,58711.1171875,,,,
2021-04-28,12972.1865234375,,23413.662109375,18833.59765625,,36524.26953125,55620.296875,,9010.8740234375,24173.357421875,10640.7861328125,10220.078125,,,,69820.8203125,12025.65234375,15063.599609375,18865.337890625,,18284.8984375,10327.0625,43624.94921875,,14924.140625,58444.44921875,,,,
2021-04-29,13298.41015625,,23644.337890625,19331.08984375,,36569.46875,56706.890625,,9145.1142578125,25079.859375,11187.134765625,10253.86328125,,,,68710.609375,12025.65234375,15091.703125,19159.189453125,,18765.478515625,10383.9091796875,44065.6015625,,15142.009765625,58222.2265625,,,,
2021-05-04,13221.65234375,,23817.345703125,20373.451171875,,37473.53515625,56571.0703125,,9128.333984375,25813.693359375,11187.134765625,10557.9326171875,,,,66284.5625,11542.87109375,14838.76953125,19335.501953125,,19863.943359375,10611.2939453125,43669.015625,,15087.5419921875,59377.78125,,,,
2021-05-05,13547.875,,24163.361328125,20539.283203125,,37473.53515625,58065.14453125,,9749.1943359375,25597.859375,11083.0673828125,10709.9658203125,,,,65955.6015625,11586.7607421875,14866.873046875,19746.89453125,,21031.06640625,10857.6279296875,44594.390625,,14978.6083984375,59422.2265625,,,,
2021-05-06,13355.9794921875,,23788.51171875,20326.0703125,,37383.12890625,57657.66796875,,9665.2958984375,25641.025390625,10822.9013671875,10676.1806640625,,,,64146.3515625,11828.1513671875,15372.740234375,19306.1171875,,21557.4140625,10668.1396484375,43757.14453125,,15931.7900390625,58888.89453125,,,,
2021-05-07,13509.49609375,,23442.49609375,20752.4921875,,37518.7421875,57046.4609375,,10068.015625,26245.359375,11239.16796875,10676.1806640625,,,,62912.75390625,11828.1513671875,15457.0517578125,19217.9609375,,21534.529296875,11028.1650390625,42743.63671875,,15986.2587890625,58666.671875,,,,
2021-05-10,13893.2890625,,23875.013671875,21226.29296875,,38784.42578125,58404.703125,,10336.49609375,27195.02734375,11343.234375,11216.7470703125,,,,61884.78125,11586.7607421875,15738.0888671875,20393.37109375,,22015.109375,11786.115234375,43228.35546875,,16067.9599609375,58888.89453125,,,,
2021-05-11,13739.771484375,,24278.69921875,20942.013671875,,38513.20703125,57929.31640625,,10068.015625,26763.359375,11265.18359375,11047.8193359375,,,,62583.8046875,11345.3701171875,15738.0888671875,20099.517578125,,21511.64453125,11748.2177734375,43140.2265625,,16694.337890625,58222.2265625,,,,
2021-05-12,13874.099609375,,24595.87890625,21321.0546875,,38603.6171875,58676.35546875,,10135.1357421875,27065.52734375,11551.3662109375,11216.7470703125,,,,62378.20703125,11441.92578125,15738.0888671875,20452.140625,,22541.45703125,12108.244140625,42875.83203125,,16776.0390625,57688.89453125,,,,
2021-05-13,13893.2890625,,24567.04296875,22031.7578125,,37970.7734375,58133.05859375,,10168.6953125,26547.52734375,11915.599609375,11132.2841796875,,,,63406.19921875,12552.32421875,15906.7109375,20599.068359375,,21969.33984375,11937.705078125,42655.50390625,,16667.10546875,56222.2265625,,,,
2021-05-14,13989.2373046875,,24422.87109375,22268.65625,,38332.39453125,57114.37109375,,10470.736328125,26504.359375,12149.7490234375,11149.1767578125,,,,63694.03515625,13807.556640625,17002.755859375,20745.994140625,,22266.841796875,12108.244140625,42699.5703125,,16966.67578125,55688.89453125,,,,
2021-05-17,14027.6162109375,,24105.689453125,22150.205078125,,38739.2265625,56027.76953125,,10453.9560546875,26720.193359375,11863.56640625,11115.390625,,,,63529.5546875,14338.6162109375,17677.24609375,20834.1484375,,21900.685546875,12354.578125,42302.9765625,,16612.63671875,55111.1171875,,,,
2021-05-18,13912.478515625,,23586.66796875,22055.447265625,,39326.87109375,55688.2109375,,10269.3759765625,27367.693359375,11967.6318359375,11250.533203125,,,,63323.95703125,14145.5029296875,17705.349609375,20716.609375,,22129.53125,12165.0908203125,41686.0625,,15959.0263671875,53777.78125,,,,
2021-05-19,14046.8056640625,,23586.66796875,22742.45703125,,41044.59765625,55416.55859375,,10554.63671875,28533.1953125,12253.814453125,11655.95703125,,,,63118.36328125,14193.78125,17845.869140625,21157.388671875,,22930.498046875,12468.2705078125,41465.734375,,16476.466796875,53377.78125,,,,
2021-05-20,14353.83984375,,24134.525390625,23168.87890625,,43169.1484375,54873.2578125,,10739.216796875,28749.029296875,12227.7978515625,11655.95703125,,,,62542.6796875,14000.66796875,17845.869140625,22626.650390625,,22976.267578125,12506.1669921875,43624.94921875,,16830.5078125,54622.2265625,,,,
2021-05-21,14392.21875,,25806.9296875,22860.908203125,,42400.69921875,55009.0859375,,10705.6572265625,28317.361328125,12227.7978515625,11706.6357421875,,,,61761.41796875,14048.947265625,17986.38671875,22920.50390625,,23250.884765625,12506.1669921875,42655.50390625,,16694.337890625,54444.44921875,,,,
2021-05-24,14392.21875,,26527.79296875,24258.62109375,,42265.08203125,55688.2109375,,10655.31640625,28231.02734375,12175.7646484375,11740.4208984375,,,,63282.8359375,14097.2255859375,18323.630859375,23390.66796875,,23296.654296875,12638.80859375,42919.89453125,,16612.63671875,54266.671875,,,,
2021-05-25,14584.115234375,,26931.478515625,24211.2421875,,42400.69921875,56299.42578125,,10907.017578125,29094.36328125,12435.9306640625,12095.1669921875,,,,64927.6171875,14193.78125,19588.298828125,24037.14453125,,23617.0390625,13302.0146484375,43977.47265625,,16612.63671875,54355.55859375,,,,
2021-05-26,14756.8212890625,,26902.642578125,24400.76171875,,43078.75,55620.296875,,11007.697265625,29267.029296875,13216.4287109375,12669.5185546875,,,,67353.6640625,14483.4501953125,20909.17578125,24066.52734375,,24166.2734375,13624.1435546875,44241.86328125,,17157.314453125,54088.89453125,,,,
2021-05-27,14660.873046875,,26181.779296875,23784.822265625,,42400.69921875,54397.87109375,,10739.216796875,28835.361328125,13632.6943359375,12331.6650390625,,,,67024.71875,14242.05859375,20824.86328125,23273.126953125,,23525.501953125,13302.0146484375,43492.75,,17375.18359375,53466.671875,,,,
2021-05-28,14929.529296875,,27190.98828125,24258.62109375,,42852.734375,55688.2109375,,11024.4775390625,28964.861328125,14569.291015625,12737.08984375,,,,66407.9140625,14580.0068359375,21920.91015625,24566.078125,,24257.8125,13680.9892578125,43889.33984375,,17511.3515625,53244.44921875,,,,
2021-05-31,15889.009765625,,28084.859375,25158.84375,,44254.03125,56095.68359375,,11343.296875,30710.955078125,15583.9384765625,12838.4453125,,,,63940.75,14676.5625,22932.642578125,26094.111328125,,24578.197265625,14192.60546875,43448.68359375,,18655.171875,52222.2265625,,,,
2021-06-01,16157.6640625,,27681.177734375,24921.943359375,,45277.8828125,56842.71875,,11511.09765625,32342.658203125,15401.822265625,12906.0166015625,,,,63323.95703125,14966.2314453125,22988.8515625,25682.71875,,24303.58203125,14325.24609375,45696.03125,,19417.720703125,53333.33984375,,,,
2021-06-02,17117.146484375,,27335.16015625,24637.6640625,,44446.1484375,59355.4765625,,11410.4169921875,31468.53125,16468.50390625,13007.3720703125,,,,62501.5625,15014.509765625,23326.095703125,27034.439453125,,24166.2734375,14097.8603515625,46709.5390625,,19608.357421875,52222.2265625,,,,
2021-06-03,17616.076171875,,28142.529296875,25395.744140625,,44290.19140625,59966.69140625,,12014.4990234375,31643.357421875,17613.232421875,13902.6845703125,,,,63282.8359375,15642.126953125,24169.20703125,28738.78515625,,25081.662109375,14495.78515625,47018.0,,20153.03515625,52666.671875,,,,
2021-06-04,17385.80078125,,28257.8671875,25585.263671875,,44030.2734375,62071.98046875,,11897.0380859375,31759.90625,17379.083984375,14037.8271484375,,,,63200.6015625,15690.4033203125,25574.39453125,28650.62890625,,24990.123046875,14780.0166015625,46224.8203125,,20153.03515625,53777.78125,,,,
2021-06-07,16503.078125,,26989.146484375,24637.6640625,,42990.59765625,61596.58984375,,11628.5576171875,30710.955078125,16338.419921875,13429.6904296875,,,,63776.26953125,14483.4501953125,24450.244140625,27710.30078125,,23983.1953125,14097.8603515625,45387.5703125,,19662.826171875,54666.671875,,,,
2021-06-08,15428.458984375,,25835.763671875,23216.259765625,,42002.90234375,59830.87109375,,10839.8974609375,29137.529296875,15219.7060546875,12601.9482421875,,,,64475.30078125,14000.66796875,24169.20703125,25859.029296875,,22655.8828125,13264.1171875,44065.6015625,,19036.447265625,53244.44921875,,,,
2021-06-09,16291.9912109375,,26210.61328125,23926.9609375,,42470.76171875,59355.4765625,,11209.056640625,29312.353515625,16260.369140625,13024.265625,,,,64516.421875,15111.0654296875,22595.3984375,27445.833984375,,23250.884765625,13605.1943359375,44946.91796875,,20016.865234375,52800.00390625,,,,
2021-06-10,16359.1552734375,,25316.7421875,23453.158203125,,42574.7265625,58472.62109375,,10974.1376953125,30069.9296875,16234.3525390625,12804.6611328125,,,,65791.1171875,14242.05859375,23213.681640625,27622.14453125,,22930.498046875,13358.8603515625,44858.78125,,19788.1015625,51777.78125,,,,
2021-06-11,16623.013671875,,26066.44140625,25064.083984375,,43406.46875,59083.83203125,,11561.4375,30944.056640625,16260.369140625,13311.44140625,,,,67477.03125,14386.8935546875,24113.0,29444.03125,,24074.734375,13870.4775390625,45299.44140625,,20093.119140625,52444.44921875,,,,
2021-06-14,16359.1552734375,,25893.43359375,24874.5625,,43562.41796875,60781.64453125,,11443.9775390625,31235.431640625,15974.1875,13277.6552734375,,,,68052.6953125,14097.2255859375,24169.20703125,31148.376953125,,24120.50390625,13756.7841796875,44946.91796875,,19749.9765625,53333.33984375,,,,
2021-06-15,16958.83203125,,25893.43359375,24685.041015625,,43250.51953125,60238.34765625,,11662.1181640625,31002.330078125,15089.6240234375,13277.6552734375,,,,69286.28125,13517.88671875,23213.681640625,30560.671875,,23937.42578125,13643.091796875,45299.44140625,,19368.701171875,54088.89453125,,,,
2021-06-16,16647.0,,26124.109375,23926.9609375,,43198.53125,62411.5390625,,11343.296875,30186.48046875,14569.291015625,13074.943359375,,,,69491.8828125,13035.10546875,22370.568359375,29032.63671875,,23205.11328125,13491.501953125,45828.2265625,,18987.42578125,52933.33984375,,,,
2021-06-17,16742.947265625,,26470.125,23926.9609375,,42938.6171875,63769.78515625,,11276.1767578125,29953.380859375,15349.7890625,13480.3681640625,,,,68258.2890625,13131.662109375,22314.361328125,29679.111328125,,22976.267578125,13415.70703125,45916.359375,,19063.681640625,52000.00390625,,,,
2021-06-18,16790.923828125,,26614.296875,24258.62109375,,43562.41796875,62954.84375,,11494.3173828125,30361.3046875,15401.822265625,13699.9736328125,,,,70396.5078125,13276.4951171875,22679.708984375,29679.111328125,,23342.423828125,13453.6044921875,47811.17578125,,19216.19140625,52177.78125,,,,
2021-06-21,16670.986328125,,25951.103515625,23832.19921875,,44498.12890625,63158.5703125,,11292.95703125,29836.830078125,14985.556640625,13733.7578125,,,,69903.078125,12986.8271484375,22482.984375,28797.5546875,,23067.806640625,13358.8603515625,46973.93359375,,19216.19140625,52177.78125,,,,
2021-06-22,17102.75390625,,25951.103515625,24590.283203125,,44394.16015625,64448.9140625,,11527.8779296875,30128.205078125,15297.7548828125,14189.8603515625,,,,68710.609375,13131.662109375,22511.087890625,29091.408203125,,23296.654296875,13434.65625,47414.5859375,,19292.447265625,52222.2265625,,,,
2021-06-23,17174.71484375,,26181.779296875,24969.32421875,,44134.2421875,63769.78515625,,11494.3173828125,29953.380859375,14985.556640625,14156.076171875,,,,69985.3125,12986.8271484375,22314.361328125,29326.490234375,,23388.19140625,13548.34765625,48339.96484375,,19254.318359375,51955.55859375,,,,
2021-06-24,17366.611328125,,26066.44140625,25300.984375,,44030.2734375,65060.12109375,,11494.3173828125,29487.1796875,15323.7724609375,14189.8603515625,,,,70684.3515625,13035.10546875,22342.46484375,29502.80078125,,23296.654296875,13510.4501953125,48780.62109375,,19063.681640625,52222.2265625,,,,
2021-06-25,17438.572265625,,26268.28125,25490.505859375,,44290.19140625,66554.203125,,11846.6982421875,29545.455078125,15349.7890625,14223.646484375,,,,70684.3515625,13083.3837890625,22539.19140625,31559.76953125,,23617.0390625,13605.1943359375,49617.8671875,,18720.53515625,52222.2265625,,,,
2021-06-28,17606.48046875,,27046.81640625,25774.78515625,,44550.109375,64516.82421875,,12081.619140625,30536.130859375,15688.00390625,14561.5009765625,,,,70355.390625,13517.88671875,22932.642578125,31677.310546875,,24532.4296875,14268.400390625,49617.8671875,,19044.615234375,51866.671875,,,,
2021-06-29,17486.546875,,27046.81640625,25537.88671875,,46057.64453125,63158.5703125,,12048.05859375,30186.48046875,15870.12109375,14679.7490234375,,,,69738.5859375,13759.27734375,23016.955078125,32088.703125,,24486.66015625,14135.759765625,50234.7890625,,19063.681640625,52444.44921875,,,,
2021-06-30,17126.740234375,,27248.658203125,24969.32421875,,45745.734375,63158.5703125,,11913.818359375,30011.654296875,15583.9384765625,14645.962890625,,,,69532.984375,13855.833984375,23129.369140625,32323.78515625,,24120.50390625,13927.3232421875,51292.359375,,18853.98046875,52888.89453125,,,,
2021-07-01,17246.67578125,,27277.4921875,24827.18359375,,46213.59375,63973.53125,,12232.6396484375,30769.23046875,15557.921875,14679.7490234375,,,,68957.3203125,13710.9990234375,22960.748046875,33793.05078125,,24395.119140625,14097.8603515625,51292.359375,,18720.53515625,52711.1171875,,,,
2021-07-02,17318.634765625,,27133.318359375,24969.32421875,,47773.109375,65603.4296875,,12484.33984375,30477.85546875,15505.888671875,14679.7490234375,,,,69574.109375,14000.66796875,23831.962890625,34028.1328125,,24852.81640625,14306.2978515625,50631.37890625,,19101.810546875,52222.2265625,,,,
2021-07-05,18206.15625,,26902.642578125,24685.041015625,,48188.97265625,62479.453125,,12551.4599609375,29836.830078125,15661.9892578125,14561.5009765625,,,,68463.890625,14483.4501953125,23719.548828125,33205.34375,,26546.28515625,14893.7080078125,50058.5234375,,19139.935546875,51111.1171875,,,,
2021-07-06,17270.662109375,,25374.412109375,22979.357421875,,45225.90234375,58268.88671875,,11746.0185546875,27972.02734375,14569.291015625,13547.939453125,,,,67435.90625,14435.171875,23438.509765625,30913.29296875,,24715.505859375,13851.52734375,49353.47265625,,19254.318359375,49777.78125,,,,
2021-07-07,17534.521484375,,26239.44921875,23880.357421875,,47045.3359375,62139.8984375,,12249.4189453125,29079.25390625,15583.9384765625,14223.646484375,,,,66819.1171875,14338.6162109375,23550.92578125,32029.935546875,,25905.51171875,14211.5546875,49970.39453125,,18987.42578125,50666.671875,,,,
2021-07-08,17366.611328125,,26412.455078125,23605.16796875,,46681.44921875,63158.5703125,,12064.8388671875,28554.779296875,15557.921875,14223.646484375,,,,66819.1171875,13566.1650390625,23326.095703125,31971.1640625,,25905.51171875,14306.2978515625,48912.8203125,,19597.466796875,49333.3359375,,,,
2021-07-09,16886.869140625,,25893.43359375,22993.634765625,,46629.46484375,62275.71875,,11746.0185546875,27564.103515625,15037.58984375,14139.18359375,,,,65791.1171875,12552.32421875,22820.228515625,30913.29296875,,25905.51171875,14022.06640625,48384.03125,,19978.73828125,48266.671875,,,,
2021-07-12,15711.5068359375,,24221.029296875,21403.6484375,,44758.04296875,59762.953125,,11343.296875,26194.638671875,14569.291015625,13591.859375,,,,65297.68359375,11441.92578125,21358.833984375,29091.408203125,,24486.66015625,13283.0654296875,47194.26171875,,18758.662109375,46222.2265625,,,,
2021-07-13,15783.4677734375,,24451.705078125,21159.037109375,,45225.90234375,62139.8984375,,11393.6376953125,26515.15234375,14309.125,13591.859375,,,,64557.54296875,11731.5947265625,21696.080078125,30443.12890625,,24669.73828125,13188.322265625,45563.8359375,,18186.75390625,45777.78125,,,,
2021-07-14,15231.7646484375,,24567.04296875,20608.658203125,,44290.19140625,62004.0703125,,10957.357421875,26223.775390625,14100.9931640625,13158.5615234375,,,,65791.1171875,12021.263671875,21471.25,29972.96484375,,23342.423828125,12506.1669921875,44858.78125,,16928.548828125,45777.78125,,,,
2021-07-15,15711.5068359375,,24624.712890625,21403.6484375,,44394.16015625,61460.76171875,,11141.9375,27097.90234375,14413.1923828125,13363.80859375,,,,65750.0078125,13179.939453125,22651.60546875,31559.76953125,,23845.888671875,12771.4501953125,45167.2421875,,17119.185546875,45333.3359375,,,,
2021-07-16,16119.28515625,,24509.375,21189.61328125,,45121.93359375,61121.2109375,,11225.8369140625,27243.58984375,14283.1083984375,13272.587890625,,,,64968.73046875,13566.1650390625,22173.841796875,31030.8359375,,23617.0390625,12847.2451171875,45167.2421875,,17100.123046875,47022.2265625,,,,
2021-07-19,15423.662109375,,22865.8046875,19721.935546875,,44030.2734375,58880.09375,,10705.6572265625,25815.8515625,13294.4775390625,12383.1875,,,,63529.5546875,12359.2109375,20796.759765625,28973.8671875,,21969.33984375,11956.654296875,42743.63671875,,15918.1767578125,45733.3359375,,,,
2021-07-20,16263.20703125,,23644.337890625,20333.466796875,,45121.93359375,60442.08203125,,11209.056640625,27564.103515625,13320.494140625,12725.263671875,,,,63735.1484375,13083.3837890625,21949.013671875,30972.064453125,,22655.8828125,12506.1669921875,44153.734375,,16013.4912109375,45777.78125,,,,
2021-07-21,16215.232421875,,23471.330078125,20088.853515625,,45017.96484375,59355.4765625,,10806.3369140625,27243.58984375,13636.8564453125,12770.875,,,,64475.30078125,12890.2705078125,21920.91015625,30266.818359375,,23022.037109375,12544.064453125,43624.94921875,,15670.3466796875,46222.2265625,,,,
2021-07-22,16359.1552734375,,23644.337890625,20486.349609375,,46473.515625,60713.73046875,,10873.45703125,27505.828125,13695.1337890625,12930.5107421875,,,,64269.71484375,13131.662109375,23045.05859375,30678.212890625,,23388.19140625,12828.2958984375,44197.796875,,15899.109375,47200.00390625,,,,
2021-07-23,15831.439453125,,23182.984375,19874.81640625,,47045.3359375,59762.953125,,10856.6767578125,26689.9765625,13753.41015625,12656.8486328125,,,,63159.484375,12745.435546875,23030.88671875,29737.884765625,,22655.8828125,12506.1669921875,42743.63671875,,15327.1982421875,46222.2265625,,,,
2021-07-26,15687.51953125,,23067.646484375,19660.78125,,48708.81640625,59966.69140625,,10907.017578125,26573.42578125,13345.470703125,12405.9931640625,,,,63118.36328125,12745.435546875,22325.544921875,29855.42578125,,22427.033203125,12468.2705078125,42302.9765625,,14698.099609375,46311.11328125,,,,
2021-07-27,15903.4013671875,,23182.984375,19874.81640625,,48448.89453125,60442.08203125,,10907.017578125,26923.076171875,13665.9951171875,12497.212890625,,,,63529.5546875,12938.548828125,22816.216796875,30560.671875,,22770.306640625,12923.0400390625,41862.32421875,,15136.5625,46355.55859375,,,,
2021-07-28,15903.4013671875,,23355.9921875,20119.4296875,,47825.08984375,60509.9921875,,11041.2578125,27214.453125,13695.1337890625,12588.43359375,,,,63529.5546875,12986.8271484375,22662.8828125,30795.751953125,,22747.419921875,12960.9375,42743.63671875,,15365.3251953125,46755.55859375,,,,
2021-07-29,16383.142578125,,23644.337890625,20730.962890625,,48552.8671875,60781.64453125,,11209.056640625,27447.552734375,13986.51953125,12953.3154296875,,,,64557.54296875,13083.3837890625,22693.548828125,31736.080078125,,23159.345703125,13150.4248046875,43140.2265625,,15460.6455078125,46711.1171875,,,,
2021-07-30,17342.625,,23702.0078125,21036.728515625,,48864.76953125,60849.5546875,,11309.7373046875,27564.103515625,14860.677734375,13181.3662109375,,,,65379.93359375,13421.330078125,22448.212890625,32088.703125,,23388.19140625,13264.1171875,43184.2890625,,15860.9833984375,47644.44921875,,,,
2021-08-02,17054.78125,,24538.208984375,20639.234375,,49696.5078125,63498.14453125,,11477.537109375,27534.96484375,14569.291015625,13135.7568359375,,,,63776.26953125,13179.939453125,22325.544921875,32323.78515625,,23250.884765625,13055.6806640625,42743.63671875,,15918.1767578125,47777.78125,,,,
2021-08-03,17174.71484375,,24999.5625,20853.26953125,,49800.47265625,63158.5703125,,11712.4580078125,27534.96484375,14598.4296875,13363.80859375,,,,63858.515625,13276.4951171875,22478.880859375,33205.34375,,23708.578125,13093.578125,43536.81640625,,15860.9833984375,50888.89453125,,,,
2021-08-04,17030.791015625,,24797.71875,20792.1171875,,49696.5078125,63837.70703125,,11762.7978515625,27680.65234375,14656.70703125,13546.2490234375,,,,64680.90234375,13228.2177734375,22693.548828125,33381.65625,,23800.1171875,13302.0146484375,43404.62109375,,15765.6650390625,50666.671875,,,,
2021-08-05,17270.662109375,,24768.88671875,20914.423828125,,50216.34765625,63701.875,,11913.818359375,28438.228515625,15152.0625,13683.080078125,,,,64022.9921875,13904.1123046875,22846.884765625,33793.05078125,,24028.966796875,13605.1943359375,43801.2109375,,16013.4912109375,50666.671875,,,,
2021-08-06,17054.78125,,24740.05078125,20883.84765625,,50216.34765625,62751.10546875,,11746.0185546875,28205.12890625,14948.0927734375,13523.443359375,,,,63817.3984375,14000.66796875,22785.55078125,33146.5703125,,23708.578125,13453.6044921875,43228.35546875,,15899.109375,50355.55859375,,,,
2021-08-09,17510.53515625,,24884.224609375,21128.458984375,,50684.19921875,63158.5703125,,11913.818359375,28962.703125,14948.0927734375,13637.46875,,,,63776.26953125,14048.947265625,22877.55078125,34850.91796875,,24028.966796875,13605.1943359375,43316.48828125,,16013.4912109375,50266.671875,,,,
2021-08-10,17510.53515625,,24970.7265625,21189.61328125,,50840.15234375,65195.953125,,11930.5986328125,28787.87890625,14918.9541015625,13523.443359375,,,,63365.078125,14242.05859375,22632.21484375,34909.69140625,,23937.42578125,13643.091796875,43624.94921875,,15937.2392578125,50222.2265625,,,,
2021-08-11,17270.662109375,,24855.388671875,20975.578125,,49956.42578125,64856.39453125,,11897.0380859375,28525.640625,14685.845703125,13546.2490234375,,,,63406.19921875,14000.66796875,22540.21484375,33910.58984375,,23937.42578125,14022.06640625,44285.93359375,,15860.9833984375,49333.3359375,,,,
2021-08-12,16934.84375,,24682.380859375,21036.728515625,,48760.80078125,64177.2578125,,11762.7978515625,28205.12890625,14423.59765625,13455.0283203125,,,,62953.87890625,13952.390625,22448.212890625,33910.58984375,,23800.1171875,13794.681640625,44021.5390625,,15632.21875,49377.78125,,,,
2021-08-13,16958.83203125,,24538.208984375,20975.578125,,49384.6015625,63158.5703125,,11662.1181640625,28350.81640625,14569.291015625,13500.638671875,,,,62419.33203125,14000.66796875,22325.544921875,34674.60546875,,23891.65625,13794.681640625,43889.33984375,,15555.962890625,49288.89453125,,,,
2021-08-16,17126.740234375,,24970.7265625,21464.802734375,,49176.66796875,63973.53125,,11997.71875,28817.015625,14685.845703125,14139.18359375,,,,62337.08984375,14145.5029296875,22448.212890625,36496.4921875,,24715.505859375,14059.9638671875,44329.99609375,,15937.2392578125,49155.55859375,,,,
2021-08-17,17078.767578125,,24768.88671875,21159.037109375,,48760.80078125,62751.10546875,,11997.71875,29370.62890625,15268.6162109375,14230.404296875,,,,59828.8046875,14242.05859375,22570.880859375,36026.328125,,24395.119140625,14154.7080078125,44506.2578125,,15880.046875,49450.0,,,,
2021-08-18,17054.78125,,24595.87890625,21097.8828125,,48864.76953125,62886.93359375,,11947.37890625,29370.62890625,15093.7861328125,14184.7939453125,,,,60034.40625,14193.78125,22233.544921875,35379.8515625,,24166.2734375,14116.810546875,44506.2578125,,15670.3466796875,48950.0,,,,
2021-08-19,16934.84375,,24509.375,20975.578125,,49124.68359375,61732.41796875,,12081.619140625,29662.00390625,14860.677734375,14184.7939453125,,,,60856.79296875,14097.2255859375,22018.876953125,36849.11328125,,24257.8125,13908.375,45299.44140625,,15460.6455078125,52000.0,,,,
2021-08-20,16119.28515625,,23355.9921875,19997.125,,48240.9609375,59423.390625,,11578.2177734375,28554.779296875,13986.51953125,13637.46875,,,,58800.81640625,13710.9990234375,21957.54296875,36731.57421875,,23113.576171875,13264.1171875,44109.66796875,,14755.2890625,48850.0,,,,
2021-08-23,15351.701171875,,22663.962890625,19997.125,,47305.25390625,58268.88671875,,11276.1767578125,27680.65234375,13170.6396484375,13044.5361328125,,,,57567.23046875,13228.2177734375,21650.873046875,37260.5078125,,22312.609375,12809.3466796875,42875.83203125,,13725.8515625,48100.0,,,,
2021-08-24,15495.6220703125,,22721.6328125,20027.701171875,,47773.109375,58404.703125,,11309.7373046875,27826.33984375,13432.88671875,13021.7314453125,,,,58554.1015625,13035.10546875,21834.875,35967.55859375,,22427.033203125,12904.091796875,42743.63671875,,13668.66015625,47700.0,,,,
2021-08-25,15567.583984375,,22750.46484375,19660.78125,,47773.109375,59287.5703125,,11343.296875,28205.12890625,13549.4404296875,13044.5361328125,,,,60527.83203125,13276.4951171875,21896.208984375,36437.72265625,,22495.6875,13226.2197265625,42963.9609375,,14107.125,47300.0,,,,
2021-08-26,15327.712890625,,22260.27734375,19079.826171875,,47513.19140625,58608.4453125,,11263.5927734375,27797.203125,13258.0556640625,12816.4853515625,,,,60692.3203125,13614.443359375,21681.5390625,35908.7890625,,22106.6484375,12923.0400390625,42655.50390625,,13840.232421875,46550.0,,,,
2021-08-27,15231.7646484375,,22317.947265625,19049.248046875,,47825.08984375,59083.83203125,,11116.767578125,27738.927734375,12704.421875,12770.875,,,,61062.390625,13469.6083984375,21681.5390625,35967.55859375,,21992.224609375,12885.142578125,43096.16015625,,13725.8515625,47400.0,,,,
2021-08-30,15423.662109375,,22750.46484375,19752.51171875,,47929.05859375,59423.390625,,11200.6669921875,28379.953125,13578.5791015625,12953.3154296875,,,,60527.83203125,13276.4951171875,22080.2109375,36672.8046875,,22518.57421875,13131.4765625,43757.14453125,,13897.423828125,47050.0,,,,
2021-08-31,15351.701171875,,22462.12109375,19446.74609375,,48033.02734375,60713.73046875,,10886.0419921875,28729.603515625,13432.88671875,12725.263671875,,,,61679.18359375,13276.4951171875,22080.2109375,36320.1796875,,22198.185546875,12923.0400390625,43801.2109375,,13821.1689453125,47050.0,,,,
2021-09-01,15351.701171875,,22490.95703125,19599.626953125,,48033.02734375,60170.4296875,,10760.19140625,28671.328125,13258.0556640625,12725.263671875,,,,61144.6328125,12986.8271484375,22018.876953125,35967.55859375,,22106.6484375,12960.9375,43801.2109375,,13744.9130859375,47050.0,,,,
2021-09-06,15375.6875,,22548.625,19599.626953125,,49332.62109375,61392.85546875,,11053.841796875,29836.830078125,13316.33203125,12907.7060546875,,,,61350.22265625,12793.71484375,22018.876953125,35262.3125,,22404.150390625,13188.322265625,44065.6015625,,13649.595703125,47500.0,,,,
2021-09-07,15591.5703125,,22894.638671875,19966.546875,,48604.84375,60238.34765625,,11200.6669921875,29545.455078125,13462.025390625,13044.5361328125,,,,61144.6328125,12841.9931640625,22080.2109375,35497.39453125,,22724.53515625,13794.681640625,44065.6015625,,13916.48828125,46950.0,,,,
2021-09-08,15423.662109375,,22836.970703125,19660.78125,,48396.91015625,59627.12890625,,11221.642578125,29895.10546875,13578.5791015625,12907.7060546875,,,,61638.05859375,12793.71484375,21834.875,34674.60546875,,22335.49609375,13680.9892578125,43933.40234375,,13935.55078125,46000.0,,,,
2021-09-09,15567.583984375,,22952.30859375,19813.6640625,,48448.89453125,60170.4296875,,11074.8173828125,30244.755859375,13578.5791015625,12953.3154296875,,,,61185.74609375,12745.435546875,22080.2109375,34439.5234375,,22564.341796875,14325.24609375,43757.14453125,,13954.61328125,45650.0,,,,
2021-09-10,15495.6220703125,,22865.8046875,19752.51171875,,48604.84375,60170.4296875,,10865.06640625,30011.654296875,13462.025390625,12862.095703125,,,,62254.85546875,12697.158203125,22080.2109375,34321.984375,,22564.341796875,14173.6572265625,43713.078125,,13840.232421875,45650.0,,,,
2021-09-13,15303.7265625,,22577.458984375,19477.3203125,,48344.9296875,60170.4296875,,10571.4169921875,29603.73046875,13170.6396484375,12725.263671875,,,,66407.9140625,12504.044921875,21834.875,34165.26171875,,22404.150390625,14438.939453125,43228.35546875,,13687.72265625,46000.0,,,,
2021-09-14,15111.8291015625,,22317.947265625,19079.826171875,,48760.80078125,60442.08203125,,10403.6162109375,29312.353515625,12850.1142578125,12588.43359375,,,,68258.2890625,12359.2109375,21834.875,33303.296875,,22198.185546875,14249.451171875,43316.48828125,,13497.0859375,46000.0,,,,
2021-09-15,14967.9072265625,,22375.6171875,19049.248046875,,48916.75,62139.8984375,,10382.6416015625,30069.9296875,12879.2529296875,12520.0185546875,,,,68258.2890625,12359.2109375,21926.875,33616.73828125,,22152.41796875,14495.78515625,42787.69921875,,13401.767578125,45700.0,,,,
2021-09-16,15015.8818359375,,22721.6328125,19355.015625,,49228.65625,62886.93359375,,10529.4658203125,29895.10546875,12879.2529296875,12679.654296875,,,,66202.3203125,12600.6015625,21926.875,33303.296875,,22472.8046875,14647.3759765625,43228.35546875,,13420.83203125,43900.0,,,,
2021-09-17,15159.8037109375,,23067.646484375,19446.74609375,,49748.48828125,62411.5390625,,10676.2919921875,30186.48046875,13054.0859375,12702.458984375,,,,66202.3203125,12938.548828125,22049.54296875,33695.09765625,,22770.306640625,15462.169921875,42831.765625,,13725.8515625,43400.0,,,,
2021-09-20,15399.6748046875,,23009.9765625,19477.3203125,,49072.703125,60306.25390625,,10781.1669921875,29895.10546875,13665.9951171875,12884.900390625,,,,65092.09765625,13035.10546875,22080.2109375,33538.37890625,,23205.11328125,15196.888671875,43889.33984375,,14679.033203125,43350.0,,,,
2021-09-21,15255.751953125,,22865.8046875,19263.28515625,,48604.84375,59898.78125,,10718.2421875,29603.73046875,13316.33203125,12770.875,,,,64968.73046875,12793.71484375,21896.208984375,32989.8515625,,23067.806640625,15158.9912109375,43184.2890625,,15060.30859375,42800.0,,,,
2021-09-22,15159.8037109375,,22836.970703125,19171.5546875,,48448.89453125,60034.60546875,,10676.2919921875,29662.00390625,13170.6396484375,12770.875,,,,64968.73046875,12793.71484375,21896.208984375,32754.76953125,,23113.576171875,15196.888671875,43845.2734375,,14793.416015625,43050.0,,,,
2021-09-23,15159.8037109375,,22750.46484375,19324.4375,,48396.91015625,61528.68359375,,10655.31640625,29720.279296875,13054.0859375,12725.263671875,,,,65050.97265625,12938.548828125,21957.54296875,32833.1328125,,22976.267578125,15746.4013671875,43845.2734375,,14412.142578125,43550.0,,,,
2021-09-24,15351.701171875,,22894.638671875,19385.591796875,,48188.97265625,61800.328125,,10697.2666015625,29603.73046875,13083.2236328125,13090.146484375,,,,65791.1171875,13035.10546875,22080.2109375,32754.76953125,,23159.345703125,15765.3515625,43845.2734375,,14659.970703125,43500.0,,,,
2021-09-27,15111.8291015625,,22721.6328125,18957.517578125,,47877.07421875,61121.2109375,,10697.2666015625,29603.73046875,12850.1142578125,12770.875,,,,65379.93359375,12938.548828125,21926.875,31344.27734375,,22655.8828125,15158.9912109375,43184.2890625,,13916.48828125,43050.0,,,,
2021-09-28,15159.8037109375,,23125.314453125,18926.94140625,,48344.9296875,64584.73828125,,10676.2919921875,30652.6796875,12879.2529296875,12770.875,,,,64598.66015625,12745.435546875,21988.208984375,31814.44140625,,22793.189453125,15424.271484375,43713.078125,,13916.48828125,43250.0,,,,
2021-09-29,15039.869140625,,23009.9765625,18590.59765625,,48448.89453125,65739.25,,10655.31640625,31060.60546875,12646.14453125,12679.654296875,,,,64475.30078125,12552.32421875,21988.208984375,31422.640625,,22610.111328125,15689.5556640625,43404.62109375,,13706.7861328125,43350.0,,,,
2021-09-30,15135.81640625,,22750.46484375,18590.59765625,,48344.9296875,65875.078125,,10655.31640625,30827.505859375,12617.005859375,12702.458984375,,,,64310.82421875,12841.9931640625,21988.208984375,31853.623046875,,22701.650390625,15765.3515625,42831.765625,,13478.0224609375,44000.0,,,,
2021-10-01,15111.8291015625,,22375.6171875,18193.103515625,,48292.94921875,70289.3828125,,10424.5908203125,31118.880859375,12179.9267578125,12520.0185546875,,,,63406.19921875,12600.6015625,21988.208984375,30717.392578125,,22427.033203125,16144.3251953125,42258.91015625,,13077.685546875,43850.0,,,,
2021-10-04,14871.958984375,,22433.287109375,17550.994140625,,49176.66796875,70628.953125,,10109.9658203125,32342.658203125,11975.95703125,12360.3828125,,,,63735.1484375,13614.443359375,21988.208984375,30247.228515625,,22129.53125,15916.9404296875,41686.0625,,12677.3486328125,43900.0,,,,
2021-10-05,15111.8291015625,,22663.962890625,18040.21875,,49072.703125,74024.5703125,,10277.7666015625,32226.107421875,12238.205078125,12497.212890625,,,,65996.71875,13952.390625,22049.54296875,31657.720703125,,22472.8046875,16106.4296875,42126.71484375,,13134.876953125,44300.0,,,,
2021-10-06,15039.869140625,,22721.6328125,17917.912109375,,49072.703125,77080.6328125,,10172.890625,32692.30859375,12354.759765625,12542.8232421875,,,,65133.2109375,,22202.87890625,31305.09765625,,23022.037109375,16030.6328125,42126.71484375,,13153.9404296875,44300.0,,,,
2021-10-07,14967.9072265625,,22577.458984375,17948.48828125,,49020.71875,75382.8203125,,10109.9658203125,32400.931640625,12238.205078125,12611.23828125,,,,65215.453125,,23061.552734375,31892.8046875,,22884.728515625,15916.9404296875,42655.50390625,,13096.7490234375,44400.0,,,,
2021-10-08,15087.84375,,22606.294921875,18009.642578125,,51411.97265625,76333.59375,,10214.8408203125,32459.20703125,12238.205078125,12634.0439453125,,,,66901.3515625,,23306.888671875,32010.345703125,,23205.11328125,15973.787109375,42743.63671875,,13192.0673828125,44650.0,,,,
2021-10-11,15639.544921875,,23067.646484375,18957.517578125,,51567.92578125,76401.5078125,,10760.19140625,33333.33203125,12675.283203125,13135.7568359375,,,,67024.71875,14628.28515625,23306.888671875,32833.1328125,,24257.8125,16333.8125,42963.9609375,,13592.404296875,45950.0,,,,
2021-10-12,15639.544921875,,23211.8203125,18835.212890625,,51463.9609375,76061.9453125,,10718.2421875,33216.78515625,12675.283203125,13112.951171875,,,,67024.71875,14580.0068359375,23306.888671875,32441.330078125,,24257.8125,16182.2236328125,42743.63671875,,13763.978515625,46450.0,,,,
2021-10-13,15639.544921875,,23009.9765625,18774.05859375,,51671.890625,75382.8203125,,10781.1669921875,33100.234375,12704.421875,13044.5361328125,,,,66202.3203125,14483.4501953125,22724.216796875,32127.884765625,,23983.1953125,16068.53125,42743.63671875,,13802.10546875,46550.0,,,,
2021-10-14,15495.6220703125,,22808.134765625,18712.904296875,,51359.98828125,75586.5625,,10886.0419921875,33100.234375,12617.005859375,12998.92578125,,,,65791.1171875,14000.66796875,22816.216796875,32127.884765625,,24028.966796875,16030.6328125,42611.4375,,13878.359375,46250.0,,,,
2021-10-15,15447.6474609375,,22779.30078125,18743.482421875,,51411.97265625,76061.9453125,,10760.19140625,33391.609375,12820.9765625,12953.3154296875,,,,66942.4765625,13300.634765625,22938.884765625,31931.982421875,,24074.734375,16504.3515625,42523.3046875,,13992.7421875,46300.0,,,,
2021-10-18,15351.701171875,,22663.962890625,18468.29296875,,51463.9609375,79118.0078125,,10781.1669921875,33741.2578125,12587.8681640625,12953.3154296875,,,,65791.1171875,13324.7744140625,22816.216796875,32010.345703125,,24212.041015625,16674.890625,42302.9765625,,13935.55078125,46300.0,,,,
2021-10-19,15495.6220703125,,23096.482421875,18529.443359375,,51256.02734375,77759.7578125,,10676.2919921875,33333.33203125,12413.0361328125,12862.095703125,,,,65174.33203125,13517.88671875,22816.216796875,32049.521484375,,24120.50390625,16636.994140625,42479.2421875,,13878.359375,46200.0,,,,
2021-10-20,15495.6220703125,,22923.474609375,18345.984375,,50736.18359375,77759.7578125,,10508.4912109375,33158.5078125,12325.62109375,12862.095703125,,,,63817.3984375,13662.7216796875,22816.216796875,31579.359375,,24349.3515625,16712.7890625,41862.32421875,,13954.61328125,46150.0,,,,
2021-10-21,15231.7646484375,,22779.30078125,18193.103515625,,50268.33203125,76197.7734375,,10319.7158203125,33333.33203125,12238.205078125,12725.263671875,,,,62501.5625,13276.4951171875,22693.548828125,31109.1953125,,24212.041015625,16561.197265625,41421.66796875,,14068.9970703125,45500.0,,,,
2021-10-22,15159.8037109375,,22663.962890625,18131.94921875,,50008.41015625,76129.859375,,10298.7412109375,33041.95703125,12150.7890625,12725.263671875,,,,64351.9453125,13324.7744140625,22478.880859375,30717.392578125,,23937.42578125,16371.7109375,41553.86328125,,14068.9970703125,45900.0,,,,
2021-10-25,14991.8955078125,,22606.294921875,18284.83203125,,49332.62109375,76061.9453125,,10277.7666015625,32109.556640625,12034.234375,12588.43359375,,,,64434.1875,13010.966796875,22448.212890625,30012.14453125,,23296.654296875,15916.9404296875,41465.734375,,13783.0419921875,46050.0,,,,
2021-10-26,14919.93359375,,22606.294921875,18284.83203125,,50372.296875,77284.3671875,,10361.6669921875,32808.859375,12121.650390625,12748.0703125,,,,63899.62890625,13083.3837890625,22356.212890625,30403.94921875,,23342.423828125,16106.4296875,41421.66796875,,14030.869140625,46100.0,,,,
2021-10-27,15063.8564453125,,23009.9765625,19018.671875,,51048.08984375,82649.4609375,,10571.4169921875,33741.2578125,12238.205078125,12953.3154296875,,,,65750.0078125,13155.80078125,22417.546875,31657.720703125,,23571.26953125,16409.607421875,42347.046875,,14145.251953125,47500.0,,,,
2021-10-28,15279.7392578125,,22981.14453125,19140.978515625,,50944.12109375,84890.5625,,10718.2421875,33799.53515625,12296.482421875,12998.92578125,,,,67682.625,13179.939453125,23184.220703125,31971.1640625,,23708.578125,16826.478515625,43140.2265625,,14183.380859375,47500.0,,,,
2021-10-29,15831.439453125,,23932.68359375,19263.28515625,,50372.296875,84551.0,,10592.3916015625,33275.05859375,12121.650390625,12998.92578125,,,,65996.71875,13493.748046875,22754.8828125,31736.080078125,,23617.0390625,16997.017578125,43184.2890625,,14107.125,47900.0,,,,
2021-11-01,15687.51953125,,24105.689453125,19691.357421875,,49800.47265625,82377.8046875,,10613.3662109375,32459.20703125,12325.62109375,12953.3154296875,,,,66613.515625,13759.27734375,22816.216796875,32441.330078125,,23617.0390625,16447.505859375,42743.63671875,,13954.61328125,47900.0,,,,
2021-11-02,15903.4013671875,,24192.193359375,19813.6640625,,49956.42578125,82581.5390625,,10739.216796875,32342.658203125,12471.3134765625,12953.3154296875,,,,67929.3359375,13807.556640625,22816.216796875,33185.75390625,,23617.0390625,16599.095703125,43140.2265625,,14278.697265625,47900.0,,,,
2021-11-03,16239.220703125,,24826.5546875,20180.583984375,,49956.42578125,81494.9375,,11410.4169921875,32400.931640625,13316.33203125,13295.392578125,,,,70972.1796875,13831.6953125,23460.22265625,32676.41015625,,24578.197265625,16750.685546875,43492.75,,14755.2890625,47650.0,,,,
2021-11-04,16071.3115234375,,25374.412109375,19935.970703125,,49904.44140625,79525.484375,,11347.4931640625,32808.859375,13403.748046875,13181.3662109375,,,,70643.21875,14724.8408203125,23061.552734375,33695.09765625,,24395.119140625,16580.146484375,43360.5546875,,14602.7783203125,47500.0,,,,
2021-11-05,16071.3115234375,,25143.736328125,19997.125,,50736.18359375,83124.8359375,,11200.6669921875,32983.68359375,13432.88671875,13067.3408203125,,,,70725.4609375,15207.6220703125,23061.552734375,33616.73828125,,24257.8125,16485.40234375,42963.9609375,,14488.396484375,47500.0,,,,
2021-11-08,16023.3369140625,,25316.7421875,20058.27734375,,50632.21875,83532.3125,,11326.517578125,33100.234375,13636.8564453125,12998.92578125,,,,71424.4921875,14966.2314453125,23061.552734375,34870.5078125,,24074.734375,16599.095703125,43272.421875,,14354.9521484375,47450.0,,,,
2021-11-09,16047.3251953125,,24797.71875,20150.005859375,,50112.375,80951.640625,,11620.16796875,32925.40625,13695.1337890625,13044.5361328125,,,,71547.8515625,14048.947265625,23061.552734375,34713.7890625,,23937.42578125,16447.505859375,42787.69921875,,14488.396484375,47450.0,,,,
2021-11-10,16023.3369140625,,24797.71875,19874.81640625,,50424.27734375,81766.59375,,11746.0185546875,32226.107421875,13462.025390625,13044.5361328125,,,,71547.8515625,14048.947265625,22846.884765625,35027.23046875,,23662.810546875,16674.890625,43008.03125,,14450.2705078125,47450.0,,,,
2021-11-11,15831.439453125,,24682.380859375,19538.474609375,,49904.44140625,80815.8203125,,11620.16796875,31468.53125,13083.2236328125,12816.4853515625,,,,70725.4609375,12696.6748046875,22662.8828125,34596.24609375,,23571.26953125,16295.9140625,43316.48828125,,14412.142578125,47400.0,,,,
2021-11-12,15999.3505859375,,24913.05859375,19997.125,,50944.12109375,80204.6015625,,11746.0185546875,31818.181640625,13345.470703125,13021.7314453125,,,,70725.4609375,12643.328125,22816.216796875,34948.87109375,,24028.966796875,16485.40234375,43272.421875,,14602.7783203125,47250.0,,,,
2021-11-15,16023.3369140625,,24682.380859375,19874.81640625,,50580.234375,80747.8984375,,12102.59375,31235.431640625,13287.193359375,13044.5361328125,,,,69903.078125,12643.328125,22724.216796875,35889.19921875,,23800.1171875,16655.939453125,43052.09375,,14621.84375,47500.0,,,,
2021-11-16,15903.4013671875,,24682.380859375,19813.6640625,,51100.07421875,79253.8359375,,11704.068359375,30303.03125,13462.025390625,13067.3408203125,,,,70149.7890625,12589.98046875,22601.548828125,35066.4140625,,23800.1171875,16561.197265625,42831.765625,,14507.462890625,47400.0,,,,
2021-11-17,15975.36328125,,25143.736328125,19721.935546875,,51100.07421875,79729.2109375,,11662.1181640625,29953.380859375,13403.748046875,13090.146484375,,,,70108.671875,12616.654296875,22601.548828125,35928.37890625,,23891.65625,16390.658203125,43184.2890625,,14621.84375,48150.0,,,,
2021-11-18,15591.5703125,,25662.755859375,19660.78125,,50164.36328125,77284.3671875,,11850.8935546875,29108.392578125,13170.6396484375,12907.7060546875,,,,69162.9140625,12323.2431640625,22294.87890625,38435.921875,,23571.26953125,16276.9677734375,42743.63671875,,14412.142578125,47250.0,,,,
2021-11-19,16047.3251953125,,25605.087890625,20058.27734375,,49540.5546875,71987.1953125,,12668.919921875,27972.02734375,13228.9169921875,12907.7060546875,,,,68710.609375,12403.2646484375,22386.87890625,38004.9375,,23937.42578125,16485.40234375,42787.69921875,,14869.6708984375,47400.0,,,,
2021-11-22,16383.142578125,,26268.28125,21097.8828125,,49384.6015625,69338.609375,,13549.87109375,28350.81640625,13665.9951171875,13318.1982421875,,,,69080.6796875,12856.7177734375,22662.8828125,38083.296875,,24303.58203125,17622.328125,43536.81640625,,15899.109375,47400.0,,,,
2021-11-23,16287.1943359375,,25778.09375,20853.26953125,,50216.34765625,71036.421875,,13340.12109375,28875.291015625,13432.88671875,13181.3662109375,,,,69080.6796875,12696.6748046875,22662.8828125,40747.5625,,24074.734375,18456.072265625,43669.015625,,15975.365234375,47400.0,,,,
2021-11-24,16958.83203125,,26556.62890625,21648.26171875,,50892.1328125,69949.8203125,,14053.271484375,28350.81640625,14277.9052734375,14093.572265625,,,,69080.6796875,13310.169921875,24226.896484375,41687.890625,,25402.048828125,18607.662109375,46180.75,,17081.05859375,47050.0,,,,
2021-11-25,16862.8828125,,26152.943359375,21495.37890625,,51983.796875,70561.03125,,13633.7705078125,28700.466796875,14248.7666015625,14093.572265625,,,,67847.1015625,13310.169921875,25146.90625,43098.3828125,,25127.431640625,18645.55859375,47194.26171875,,17023.869140625,47000.0,,,,
2021-11-26,16599.025390625,,26210.61328125,20975.578125,,51411.97265625,69270.6953125,,13151.345703125,28583.916015625,13928.2431640625,13819.912109375,,,,65873.359375,13310.169921875,25024.23828125,41922.96875,,24715.505859375,18001.30078125,46268.8828125,,17157.314453125,49250.0,,,,
2021-11-29,16383.142578125,,25662.755859375,20945.0,,50996.10546875,67504.9765625,,13214.2705078125,28205.12890625,13432.88671875,13591.859375,,,,64187.47265625,12856.7177734375,24380.232421875,43333.46484375,,23937.42578125,17887.609375,44550.32421875,,16642.595703125,52650.0,,,,
2021-11-30,15975.36328125,,25605.087890625,20516.927734375,,50476.26953125,66757.9375,,12794.76953125,28525.640625,13054.0859375,13226.9775390625,,,,63323.95703125,12536.6328125,24288.23046875,43803.625,,23708.578125,17091.76171875,43580.87890625,,16089.7451171875,52500.0,,,,
2021-12-01,16071.3115234375,,25547.41796875,20792.1171875,,51048.08984375,66893.765625,,13424.0205078125,28554.779296875,13258.0556640625,13455.0283203125,,,,64351.9453125,12563.306640625,24349.564453125,43255.10546875,,23983.1953125,18285.533203125,43624.94921875,,16394.765625,53000.0,,,,
2021-12-02,15927.388671875,,25489.75,20669.810546875,,50528.25,66825.8515625,,13214.2705078125,28321.677734375,13054.0859375,13272.587890625,,,,65379.93359375,12563.306640625,24257.564453125,42314.77734375,,23662.810546875,18342.37890625,43669.015625,,16356.638671875,53600.0,,,,
2021-12-03,15615.5576171875,,24221.029296875,20180.583984375,,49644.52734375,65603.4296875,,13004.51953125,27797.203125,12558.7294921875,12907.7060546875,,,,64557.54296875,12269.896484375,23613.55859375,39572.1484375,,22976.267578125,17811.814453125,43184.2890625,,16166.0009765625,52750.0,,,,
2021-12-06,15495.6220703125,,24192.193359375,19630.205078125,,49124.68359375,62479.453125,,12207.46875,26660.83984375,11830.2646484375,12542.8232421875,,,,62337.08984375,11763.0966796875,23306.888671875,39963.95703125,,22427.033203125,17811.814453125,42038.5859375,,15479.708984375,52800.0,,,,
2021-12-07,15807.453125,,25143.736328125,19997.125,,49904.44140625,65535.51171875,,12585.01953125,27738.927734375,12209.0654296875,12839.2900390625,,,,62912.75390625,11976.486328125,23674.892578125,40904.28125,,22884.728515625,18114.994140625,43272.421875,,15613.15625,53350.0,,,,
2021-12-08,15879.4150390625,,25374.412109375,20180.583984375,,49696.5078125,66690.03125,,12710.8701171875,27505.828125,12325.62109375,12953.3154296875,,,,62871.6484375,12216.548828125,24226.896484375,40590.84375,,22884.728515625,19365.611328125,43492.75,,15937.2392578125,52950.0,,,,
2021-12-09,15975.36328125,,25374.412109375,20639.234375,,50424.27734375,67029.5859375,,12899.64453125,27447.552734375,12354.759765625,13021.7314453125,,,,62707.1640625,12243.22265625,24288.23046875,42158.05078125,,23067.806640625,19403.509765625,43713.078125,,16204.12890625,53500.0,,,,
2021-12-10,16023.3369140625,,25720.42578125,20516.927734375,,49800.47265625,65603.4296875,,12878.669921875,27097.90234375,12442.1748046875,12930.5107421875,,,,62624.9296875,12243.22265625,24288.23046875,41531.171875,,22976.267578125,19706.6875,44065.6015625,,16394.765625,51550.0,,,,
2021-12-13,16023.3369140625,,26239.44921875,20486.349609375,,49904.44140625,66554.203125,,12605.9951171875,27127.0390625,12733.560546875,12953.3154296875,,,,62624.9296875,12056.5068359375,24380.232421875,41844.609375,,22884.728515625,19138.2265625,43889.33984375,,16394.765625,51600.0,,,,
2021-12-14,15975.36328125,,26124.109375,19813.6640625,,49748.48828125,66690.03125,,12417.2197265625,27797.203125,13170.6396484375,12884.900390625,,,,62830.5234375,11843.1171875,24318.8984375,41296.0859375,,22930.498046875,19138.2265625,43757.14453125,,16318.5126953125,51250.0,,,,
2021-12-15,16023.3369140625,,25893.43359375,19721.935546875,,49852.4609375,66350.4609375,,12605.9951171875,27855.478515625,13112.3623046875,12998.92578125,,,,62707.1640625,11896.46484375,24380.232421875,40512.4765625,,22976.267578125,19706.6875,44021.5390625,,16661.658203125,50000.0,,,,
2021-12-16,15831.439453125,,25893.43359375,19874.81640625,,49644.52734375,66961.6796875,,12459.1689453125,27680.65234375,12937.5302734375,12884.900390625,,,,62090.37109375,11816.4443359375,24318.8984375,39885.59765625,,22816.07421875,19403.509765625,43669.015625,,16776.0390625,50000.0,,,,
2021-12-17,15927.388671875,,25893.43359375,20150.005859375,,50112.375,67233.3203125,,12375.26953125,27214.453125,12704.421875,12862.095703125,,,,61679.18359375,11843.1171875,24134.896484375,41139.36328125,,22816.07421875,19441.404296875,42523.3046875,,16718.849609375,51000.0,,,,
2021-12-20,15879.4150390625,,25720.42578125,19844.240234375,,49800.47265625,65671.34375,,12417.2197265625,27331.001953125,12587.8681640625,12725.263671875,,,,61267.984375,11656.40234375,24073.5625,41922.96875,,22655.8828125,20362.314453125,43845.2734375,,17347.951171875,49500.0,,,,
2021-12-21,15735.4931640625,,25259.07421875,19569.05078125,,49488.578125,63837.70703125,,12333.3193359375,26864.802734375,12413.0361328125,12748.0703125,,,,61226.8671875,11469.685546875,24104.228515625,41139.36328125,,22541.45703125,19850.697265625,43580.87890625,,16814.166015625,49050.0,,,,
2021-12-22,15687.51953125,,24970.7265625,19355.015625,,49384.6015625,64652.6484375,,11704.068359375,26282.05078125,12209.0654296875,12611.23828125,,,,60692.3203125,11096.2548828125,23950.89453125,40042.3125,,22381.263671875,19441.404296875,43239.109375,,16585.40234375,49800.0,,,,
2021-12-23,15591.5703125,,25023.2421875,19691.357421875,,48448.89453125,64652.6484375,,11263.5927734375,26194.638671875,12034.234375,12451.603515625,,,,60404.484375,10722.822265625,23705.55859375,38396.73828125,,21671.837890625,18776.306640625,43014.1953125,,16089.7451171875,48000.0,,,,
2021-12-24,15831.439453125,,25385.896484375,20119.4296875,,48760.80078125,64992.21875,,12039.66796875,26835.6640625,12646.14453125,12839.2900390625,,,,60445.59765625,11469.685546875,25300.240234375,38435.921875,,22381.263671875,20080.92578125,44138.75390625,,16642.595703125,48250.0,,,,
2021-12-27,15903.4013671875,,25603.4921875,20425.1953125,,49124.68359375,65128.03515625,,12060.64453125,26748.251953125,12558.7294921875,12839.2900390625,,,,60815.66796875,11469.685546875,26986.923828125,38514.28125,,22358.380859375,20848.349609375,44869.7109375,,16471.01953125,49500.0,,,,
2021-12-28,16143.2734375,,25530.958984375,20730.962890625,,49124.68359375,66622.109375,,12794.76953125,26689.9765625,12646.14453125,12907.7060546875,,,,60980.1484375,11469.685546875,26956.255859375,38240.0234375,,22495.6875,21513.451171875,44982.16796875,,16356.638671875,49200.0,,,,
2021-12-29,16215.232421875,,25530.958984375,20883.84765625,,48656.83203125,65875.078125,,12836.7197265625,26689.9765625,12966.6689453125,12907.7060546875,,,,60980.1484375,11469.685546875,27600.26171875,38906.08203125,,22472.8046875,21155.318359375,44701.02734375,,16814.166015625,47750.0,,,,
2021-12-30,16263.20703125,,25676.0234375,20669.810546875,,48656.83203125,65875.078125,,12836.7197265625,26631.701171875,12937.5302734375,12976.12109375,,,,61226.8671875,11416.3388671875,27630.9296875,41217.72265625,,22564.341796875,20848.349609375,44082.5234375,,16871.357421875,47500.0,,,,
2021-12-31,16551.05078125,,26909.052734375,20730.962890625,,48344.9296875,65331.77734375,,12941.595703125,27039.626953125,12995.8076171875,13181.3662109375,,,,62090.37109375,11896.46484375,27968.265625,40590.84375,,22884.728515625,21001.8359375,44307.4375,,18034.2421875,47550.0,,,,
2022-01-04,16503.078125,,27126.64453125,21250.767578125,,48604.84375,69202.78125,,13046.470703125,27243.58984375,13083.2236328125,13272.587890625,,,,64557.54296875,12003.1591796875,27968.265625,41531.171875,,23296.654296875,21871.58203125,44419.890625,,18167.6875,50500.0,,,,
2022-01-05,16167.2587890625,,26872.78515625,21250.767578125,,48656.83203125,71308.0703125,,12794.76953125,27272.7265625,12937.5302734375,13090.146484375,,,,65503.28125,11736.4228515625,27600.26171875,41374.4453125,,23113.576171875,21487.869140625,43857.61328125,,18091.43359375,50000.0,,,,
2022-01-06,16191.2451171875,,27561.830078125,20792.1171875,,48604.84375,70425.21875,,12794.76953125,26864.802734375,12646.14453125,12930.5107421875,,,,64393.06640625,12003.1591796875,26956.255859375,40669.203125,,22838.958984375,21487.869140625,44476.1171875,,17805.48046875,52250.0,,,,
2022-01-07,15975.36328125,,28432.205078125,20302.890625,,48552.8671875,73005.890625,,12710.8701171875,26689.9765625,12937.5302734375,13044.5361328125,,,,62995.00390625,11789.76953125,26036.248046875,40434.1171875,,22632.99609375,20976.255859375,44869.7109375,,17614.841796875,51100.0,,,,
2022-01-10,15831.439453125,,28178.34765625,20364.044921875,,47825.08984375,69270.6953125,,12417.2197265625,26602.564453125,12587.8681640625,12816.4853515625,,,,62501.5625,11362.990234375,24993.5703125,38827.72265625,,22266.841796875,20694.8671875,44701.02734375,,17347.951171875,51150.0,,,,
2022-01-11,15711.5068359375,,28577.267578125,20180.583984375,,46525.5,70153.5625,,12291.369140625,26282.05078125,12529.5908203125,12725.263671875,,,,62871.6484375,11229.623046875,23950.89453125,37691.4921875,,22175.302734375,20566.9609375,44644.80078125,,17042.9296875,50500.0,,,,
2022-01-12,15879.4150390625,,30571.873046875,20883.84765625,,46577.48046875,73345.4453125,,12983.544921875,26923.076171875,12762.69921875,13318.1982421875,,,,62830.5234375,11843.1171875,25146.90625,39572.1484375,,23067.806640625,21999.486328125,44982.16796875,,17900.796875,50400.0,,,,
2022-01-13,15999.3505859375,,31913.69921875,21495.37890625,,47877.07421875,71308.0703125,,12920.6201171875,27214.453125,12820.9765625,13546.2490234375,,,,62090.37109375,11869.791015625,25514.91015625,38279.19921875,,23113.576171875,21564.611328125,46050.4921875,,17767.349609375,49400.0,,,,
2022-01-14,15855.4267578125,,32095.02734375,21678.837890625,,47461.20703125,71647.640625,,12836.7197265625,26952.21484375,12704.421875,13523.443359375,,,,62460.44921875,12003.1591796875,25576.244140625,38161.66015625,,22770.306640625,21436.70703125,46893.90625,,17500.458984375,49450.0,,,,
2022-01-17,15711.5068359375,,31659.83984375,21403.6484375,,46265.578125,71036.421875,,12165.51953125,26048.951171875,12529.5908203125,13455.0283203125,,,,61679.18359375,11736.4228515625,23674.892578125,35497.39453125,,22243.955078125,20566.9609375,48468.2890625,,16776.0390625,48500.0,,,,
2022-01-18,15735.4931640625,,32566.48046875,21128.458984375,,45797.72265625,72666.3125,,12396.244140625,25641.025390625,12325.62109375,13637.46875,,,,62090.37109375,10989.5595703125,23460.22265625,33146.5703125,,22312.609375,19901.861328125,49255.4765625,,16547.275390625,47950.0,,,,
2022-01-19,15831.439453125,,31659.83984375,20669.810546875,,45901.6875,72666.3125,,12144.5439453125,25349.650390625,12354.759765625,13500.638671875,,,,61679.18359375,10322.7177734375,23460.22265625,35419.03515625,,22358.380859375,20106.505859375,48805.65234375,,16623.53125,47900.0,,,,
2022-01-20,15807.453125,,33872.0390625,21464.802734375,,46161.61328125,73752.921875,,12123.568359375,25641.025390625,12413.0361328125,13774.30078125,,,,61679.18359375,10936.2119140625,24073.5625,35810.8359375,,22358.380859375,20259.990234375,48974.3359375,,16776.0390625,47500.0,,,,
2022-01-21,16047.3251953125,,34343.4921875,21739.9921875,,45849.7109375,72937.96875,,12249.4189453125,25233.099609375,12646.14453125,14504.0654296875,,,,60856.79296875,10989.5595703125,24073.5625,34909.69140625,,22793.189453125,20464.63671875,50155.1171875,,17195.44140625,47750.0,,,,
2022-01-24,16479.091796875,,34017.1015625,21801.146484375,,44342.17578125,72734.234375,,12165.51953125,23717.94921875,12529.5908203125,14640.896484375,,,,59623.20703125,10989.5595703125,24042.89453125,32480.509765625,,23022.037109375,19313.501953125,52291.76953125,,16814.166015625,47500.0,,,,
2022-01-25,16718.9609375,,35540.2578125,22626.71484375,,44965.9765625,74364.140625,,12605.9951171875,25203.962890625,13403.748046875,14868.947265625,,,,59623.20703125,11416.3388671875,24502.900390625,33538.37890625,,23754.34765625,20336.734375,53866.14453125,,17462.330078125,48000.0,,,,
2022-01-26,17006.8046875,,34887.4765625,23024.2109375,,44706.06640625,76197.7734375,,12878.669921875,25320.513671875,14336.1826171875,15188.2197265625,,,,59088.65625,11843.1171875,24288.23046875,33264.1171875,,23983.1953125,20055.34375,53135.1875,,17957.98828125,48200.0,,,,
2022-01-27,16742.947265625,,34524.8203125,22565.5625,,44654.08203125,75926.1171875,,12920.6201171875,24562.9375,14277.9052734375,15051.388671875,,,,61185.74609375,11683.07421875,23920.228515625,34008.5390625,,23754.34765625,20566.9609375,51167.21484375,,17843.60546875,48250.0,,,,
2022-01-28,16575.037109375,,34778.6796875,22565.5625,,46525.5,74024.5703125,,12962.5703125,24592.07421875,14569.291015625,15370.66015625,,,,61144.6328125,12003.1591796875,24104.228515625,35301.4921875,,24166.2734375,21462.287109375,50042.6640625,,18129.5625,48500.0,,,,
2022-02-07,16647.0,,34379.7578125,22198.642578125,,46525.5,77895.578125,,13046.470703125,25087.412109375,14481.875,15416.2705078125,,,,62542.6796875,12323.2431640625,24104.228515625,35928.37890625,,24166.2734375,21334.384765625,51954.40234375,,18053.306640625,45600.0,,,,
2022-02-08,17150.728515625,,34343.4921875,22320.94921875,,47097.3203125,77420.1953125,,13172.3203125,26544.2890625,14511.013671875,15416.2705078125,,,,63652.9140625,12376.5908203125,23429.556640625,35771.66015625,,24623.96875,21487.869140625,51729.4921875,,18301.134765625,43650.0,,,,
2022-02-09,17078.767578125,,35105.06640625,22229.21875,,47149.3046875,74703.6953125,,13256.220703125,27564.103515625,14336.1826171875,15188.2197265625,,,,63241.7265625,12856.7177734375,23552.224609375,35810.8359375,,24532.4296875,21232.0625,51054.7578125,,18263.005859375,42850.0,,,,
2022-02-10,17054.78125,,35105.06640625,22473.83203125,,47825.08984375,76061.9453125,,13214.2705078125,27389.27734375,14569.291015625,15393.46484375,,,,64557.54296875,12589.98046875,23674.892578125,35340.671875,,24532.4296875,21078.576171875,51335.8984375,,18148.625,42000.0,,,,
2022-02-11,17126.740234375,,34742.4140625,22504.41015625,,47617.15625,75382.8203125,,13088.419921875,27476.689453125,15093.7861328125,15484.685546875,,,,65626.6484375,12589.98046875,23460.22265625,35340.671875,,24578.197265625,21922.744140625,50604.9375,,18186.75390625,40850.0,,,,
2022-02-14,16311.1806640625,,32457.68359375,21159.037109375,,47305.25390625,78778.4453125,,12249.4189453125,26923.076171875,14044.796875,14595.2861328125,,,,69039.5625,11736.4228515625,22448.212890625,34165.26171875,,23571.26953125,20464.63671875,48355.83203125,,17500.458984375,40900.0,,,,
2022-02-15,16551.05078125,,33509.38671875,21373.072265625,,47357.23828125,79729.2109375,,12375.26953125,26806.52734375,14336.1826171875,14914.5576171875,,,,69903.078125,12029.8330078125,22816.216796875,34635.42578125,,23708.578125,20848.349609375,48918.10546875,,17614.841796875,41850.0,,,,
2022-02-16,16407.12890625,,32747.806640625,21189.61328125,,47461.20703125,77759.7578125,,12270.39453125,26806.52734375,14161.3515625,14891.751953125,,,,69245.15625,12056.5068359375,22570.880859375,35183.953125,,23617.0390625,20669.283203125,48918.10546875,,17386.078125,41450.0,,,,
2022-02-17,16455.103515625,,33364.32421875,21342.49609375,,48240.9609375,80612.078125,,12480.14453125,27097.90234375,14161.3515625,15142.609375,,,,70108.671875,12003.1591796875,22264.2109375,35262.3125,,23891.65625,21052.99609375,49199.24609375,,17843.60546875,41550.0,,,,
2022-02-18,16239.220703125,,32421.419921875,21159.037109375,,47929.05859375,79457.5546875,,12375.26953125,27418.4140625,13753.41015625,14891.751953125,,,,69656.3515625,11896.46484375,22202.87890625,35419.03515625,,23617.0390625,20873.931640625,49030.5625,,17862.66796875,41100.0,,,,
2022-02-21,16503.078125,,32820.33984375,21036.728515625,,48604.84375,78642.6171875,,12417.2197265625,27185.314453125,13782.548828125,14891.751953125,,,,69738.5859375,11896.46484375,22264.2109375,36045.91796875,,23571.26953125,20925.091796875,49143.01953125,,17767.349609375,41800.0,,,,
2022-02-22,16647.0,,33364.32421875,21159.037109375,,48292.94921875,79118.0078125,,12396.244140625,27039.626953125,13782.548828125,15689.9326171875,,,,69245.15625,11763.0966796875,22080.2109375,35262.3125,,23525.501953125,21232.0625,48805.65234375,,17729.224609375,41000.0,,,,
2022-02-23,16599.025390625,,33074.1953125,21311.919921875,,48344.9296875,79457.5546875,,12438.1943359375,27214.453125,13753.41015625,15667.126953125,,,,69820.8203125,11789.76953125,22356.212890625,35497.39453125,,23662.810546875,21794.83984375,48861.87890625,,17881.734375,41250.0,,,,
2022-02-24,16527.064453125,,32348.88671875,20700.388671875,,47825.08984375,80815.8203125,,12081.619140625,26806.52734375,13287.193359375,15507.4912109375,,,,69779.7109375,11576.380859375,22202.87890625,34948.87109375,,23113.576171875,21104.158203125,47962.234375,,17862.66796875,40050.0,,,,
2022-02-25,16479.091796875,,32312.62109375,20700.388671875,,47981.0390625,79593.390625,,12270.39453125,26748.251953125,13432.88671875,15553.1015625,,,,69738.5859375,11629.7275390625,22264.2109375,35810.8359375,,23205.11328125,21462.287109375,47849.78125,,18072.37109375,39550.0,,,,
2022-02-28,16263.20703125,,31696.107421875,20272.314453125,,48500.8828125,80136.6953125,,12081.619140625,27505.828125,13199.7783203125,15689.9326171875,,,,69820.8203125,11549.70703125,21712.20703125,35810.8359375,,23067.806640625,21615.7734375,47512.4140625,,17881.734375,38500.0,,,,
2022-03-01,16239.220703125,,31986.23046875,20364.044921875,,48552.8671875,79932.953125,,11976.744140625,27331.001953125,12966.6689453125,15507.4912109375,,,,69080.6796875,11469.685546875,22632.21484375,36045.91796875,,23022.037109375,21897.162109375,47793.55078125,,17919.861328125,39600.0,,,,
2022-03-02,15783.4677734375,,30789.466796875,19569.05078125,,48396.91015625,80951.640625,,11473.3427734375,27331.001953125,12529.5908203125,14823.3369140625,,,,69491.8828125,11202.9482421875,23184.220703125,35105.58984375,,22518.57421875,21206.48046875,47793.55078125,,17462.330078125,39450.0,,,,
2022-03-03,16047.3251953125,,31043.326171875,19935.970703125,,48552.8671875,81970.328125,,11850.8935546875,29195.8046875,12966.6689453125,15096.9990234375,,,,68710.609375,11256.2958984375,23214.88671875,35654.1171875,,22724.53515625,21232.0625,48074.69140625,,17538.5859375,39500.0,,,,
2022-03-04,16455.103515625,,31405.98046875,20027.701171875,,48604.84375,80136.6953125,,11746.0185546875,29020.978515625,13024.9462890625,15005.77734375,,,,65791.1171875,11389.6640625,23306.888671875,36516.0859375,,22861.84375,20848.349609375,47737.32421875,,17462.330078125,39500.0,,,,
2022-03-07,15951.375,,30644.404296875,19660.78125,,48760.80078125,84618.9140625,,11494.3173828125,29778.5546875,12820.9765625,14686.5068359375,,,,63570.67578125,11229.623046875,23184.220703125,36672.8046875,,22541.45703125,19953.021484375,47737.32421875,,17119.185546875,39250.0,,,,
2022-03-08,15639.544921875,,30172.953125,19599.626953125,,49280.640625,81970.328125,,11473.3427734375,28817.015625,12820.9765625,14139.18359375,,,,63981.87109375,11176.275390625,23122.88671875,36829.52734375,,22427.033203125,19850.697265625,45825.5859375,,17004.8046875,38950.0,,,,
2022-03-09,15687.51953125,,29375.109375,19569.05078125,,49644.52734375,82989.0234375,,11326.517578125,29050.1171875,12820.9765625,14025.1572265625,,,,63735.1484375,11202.9482421875,23000.21875,36516.0859375,,22472.8046875,19850.697265625,46669.0,,16966.67578125,39000.0,,,,
2022-03-10,15783.4677734375,,29701.5,19630.205078125,,49176.66796875,80476.25,,11305.5419921875,28642.19140625,12966.6689453125,14161.9892578125,,,,64557.54296875,11229.623046875,23000.21875,36516.0859375,,22541.45703125,19953.021484375,46950.13671875,,16928.548828125,39550.0,,,,
2022-03-11,15687.51953125,,30354.28125,19721.935546875,,48448.89453125,76673.15625,,11452.3681640625,27738.927734375,12908.3916015625,14344.4296875,,,,63323.95703125,11229.623046875,23000.21875,35262.3125,,22381.263671875,19773.95703125,47118.8203125,,16661.658203125,39500.0,,,,
2022-03-14,15687.51953125,,29955.359375,19507.896484375,,47721.125,71987.1953125,,11368.4677734375,26689.9765625,12733.560546875,14435.6494140625,,,,63323.95703125,11656.40234375,22938.884765625,33851.8203125,,22198.185546875,20055.34375,47343.73046875,,16394.765625,39150.0,,,,
2022-03-15,15735.4931640625,,30535.607421875,19538.474609375,,47305.25390625,73345.4453125,,11410.4169921875,26893.939453125,12850.1142578125,14412.8447265625,,,,62213.734375,11576.380859375,23000.21875,33930.1796875,,22243.955078125,20413.4765625,45600.671875,,16490.083984375,39150.0,,,,
2022-03-16,15735.4931640625,,30172.953125,19569.05078125,,47617.15625,74160.390625,,11389.4423828125,26923.076171875,12908.3916015625,14640.896484375,,,,63323.95703125,11603.0537109375,23122.88671875,34321.984375,,22449.91796875,20336.734375,46387.859375,,16795.103515625,39050.0,,,,
2022-03-17,15735.4931640625,,31551.04296875,19997.125,,47825.08984375,71987.1953125,,11536.2685546875,26777.388671875,13024.9462890625,14709.3115234375,,,,63323.95703125,11789.76953125,23184.220703125,34321.984375,,22427.033203125,20259.990234375,46669.0,,16852.29296875,39200.0,,,,
2022-03-18,15735.4931640625,,31841.169921875,20058.27734375,,49436.58984375,73956.65625,,11578.2177734375,27097.90234375,12966.6689453125,14640.896484375,,,,62295.96484375,11549.70703125,23214.88671875,34321.984375,,22518.57421875,20208.830078125,47343.73046875,,16890.421875,39400.0,,,,
2022-03-21,15807.453125,,31768.638671875,20088.853515625,,49540.5546875,77420.1953125,,11871.869140625,27301.865234375,13054.0859375,14686.5068359375,,,,62583.8046875,11816.4443359375,23214.88671875,34713.7890625,,22632.99609375,20413.4765625,47737.32421875,,17081.05859375,40500.0,,,,
2022-03-22,15975.36328125,,31551.04296875,20180.583984375,,50112.375,78099.3125,,11871.869140625,27331.001953125,13345.470703125,14800.5322265625,,,,63323.95703125,11763.0966796875,23490.890625,34752.96484375,,22838.958984375,20720.4453125,47737.32421875,,17195.44140625,41100.0,,,,
2022-03-23,15927.388671875,,31478.51171875,20088.853515625,,50164.36328125,76265.6796875,,11746.0185546875,27272.7265625,13228.9169921875,14663.701171875,,,,64763.13671875,11709.7490234375,23429.556640625,34635.42578125,,22701.650390625,20490.21875,47737.32421875,,17157.314453125,40700.0,,,,
2022-03-24,15783.4677734375,,31260.919921875,19905.39453125,,49904.44140625,76265.6796875,,11787.96875,27039.626953125,13141.5009765625,14618.091796875,,,,64886.50390625,11736.4228515625,23368.22265625,34321.984375,,22564.341796875,20515.798828125,46950.13671875,,17042.9296875,40500.0,,,,
2022-03-25,15687.51953125,,31514.779296875,19691.357421875,,49748.48828125,75179.0859375,,11725.04296875,27039.626953125,12995.8076171875,14504.0654296875,,,,64763.13671875,11736.4228515625,23368.22265625,34047.72265625,,22541.45703125,20413.4765625,46387.859375,,16966.67578125,40500.0,,,,
2022-03-28,15519.609375,,30172.953125,19446.74609375,,50996.10546875,75043.2578125,,11494.3173828125,26748.251953125,12733.560546875,14367.234375,,,,64804.2578125,11416.3388671875,23092.220703125,33107.390625,,22335.49609375,20183.25,46331.6328125,,16756.9765625,40250.0,,,,
2022-03-29,15519.609375,,30753.203125,19569.05078125,,54531.0,75994.03125,,11557.2431640625,26719.11328125,12850.1142578125,14595.2861328125,,,,64968.73046875,11549.70703125,22386.87890625,33420.83984375,,22381.263671875,20618.123046875,46050.4921875,,17119.185546875,40400.0,,,,
2022-03-30,15639.544921875,,31587.310546875,19599.626953125,,55102.82421875,74771.609375,,11871.869140625,26515.15234375,12762.69921875,14891.751953125,,,,64927.6171875,11603.0537109375,23337.5546875,33146.5703125,,22495.6875,20464.63671875,46106.71875,,17919.861328125,40550.0,,,,
2022-03-31,15855.4267578125,,31551.04296875,19844.240234375,,55622.6640625,73549.1875,,11892.84375,26282.05078125,12617.005859375,15028.5830078125,,,,65379.93359375,11416.3388671875,23337.5546875,32911.4921875,,22678.765625,20541.37890625,46162.94921875,,17938.923828125,40600.0,,,,
2022-04-01,16023.3369140625,,32167.560546875,20211.16015625,,57702.015625,74499.953125,,12354.2939453125,26631.701171875,12791.837890625,15188.2197265625,,,,67970.453125,11789.76953125,23613.55859375,33616.73828125,,23022.037109375,21104.158203125,46556.54296875,,18263.005859375,41050.0,,,,
2022-04-04,16071.3115234375,,32095.02734375,20088.853515625,,56818.28125,76333.59375,,12207.46875,26719.11328125,12762.69921875,15051.388671875,,,,68463.890625,11576.380859375,23644.224609375,35262.3125,,22724.53515625,21104.158203125,46444.08984375,,18224.87890625,41350.0,,,,
2022-04-05,15831.439453125,,31405.98046875,19783.0859375,,56662.3359375,77623.921875,,12060.64453125,26864.802734375,12005.095703125,14891.751953125,,,,68340.5234375,11362.990234375,23582.890625,34713.7890625,,22449.91796875,20873.931640625,46669.0,,17862.66796875,41150.0,,,,
2022-04-06,15927.388671875,,31551.04296875,19935.970703125,,58741.6875,77216.453125,,12165.51953125,27534.96484375,12150.7890625,15211.0244140625,,,,69697.4765625,11389.6640625,23582.890625,34948.87109375,,22838.958984375,21052.99609375,47568.64453125,,18072.37109375,40250.0,,,,
2022-04-07,16119.28515625,,31224.654296875,19905.39453125,,58897.640625,76605.2421875,,12123.568359375,27127.0390625,11859.4033203125,15370.66015625,,,,68463.890625,11016.2333984375,23398.888671875,34517.8828125,,22564.341796875,20976.255859375,46669.0,,17805.48046875,39750.0,,,,
2022-04-08,16239.220703125,,30390.544921875,19599.626953125,,56402.41796875,74839.5234375,,11850.8935546875,27039.626953125,11713.7099609375,15142.609375,,,,67518.140625,10669.474609375,23184.220703125,33695.09765625,,22358.380859375,20566.9609375,46669.0,,17157.314453125,40850.0,,,,
2022-04-12,16047.3251953125,,29338.845703125,18957.517578125,,57078.203125,73956.65625,,11662.1181640625,26282.05078125,11393.185546875,14709.3115234375,,,,67148.0625,10136.001953125,23306.888671875,32754.76953125,,21969.33984375,19466.986328125,46331.6328125,,16852.29296875,40650.0,,,,
2022-04-13,16143.2734375,,29665.236328125,19263.28515625,,59833.34765625,74771.609375,,11746.0185546875,26340.326171875,11655.43359375,14868.947265625,,,,67230.3046875,10456.0859375,23337.5546875,33342.4765625,,21969.33984375,20464.63671875,46331.6328125,,17157.314453125,41100.0,,,,
2022-04-14,16215.232421875,,29375.109375,19079.826171875,,60613.10546875,75790.2890625,,11452.3681640625,26165.501953125,11538.87890625,14732.1171875,,,,68628.3671875,10482.759765625,23398.888671875,32911.4921875,,21648.953125,19978.603515625,45544.4453125,,17061.994140625,40850.0,,,,
2022-04-15,16095.298828125,,28504.736328125,18957.517578125,,59781.36328125,78167.2265625,,11032.8671875,25757.576171875,11509.740234375,14321.6240234375,,,,69327.390625,10376.0654296875,23306.888671875,31344.27734375,,20870.87109375,19108.85546875,45094.625,,16699.787109375,40350.0,,,,
2022-04-18,15735.4931640625,,27525.56640625,17856.759765625,,60041.28515625,78303.0625,,10907.017578125,24854.3125,10781.2763671875,13819.912109375,,,,69903.078125,10376.0654296875,23153.552734375,29385.26171875,,20527.6015625,19390.244140625,43688.9296875,,16471.01953125,39750.0,,,,
2022-04-19,15183.7900390625,,27525.56640625,17581.5703125,,58221.84765625,77352.28125,,10865.06640625,25233.099609375,10052.8115234375,13363.80859375,,,,69450.75,9682.548828125,23092.220703125,27426.2421875,,20001.251953125,18520.498046875,43688.9296875,,16204.12890625,39400.0,,,,
2022-04-20,15303.7265625,,27525.56640625,17550.994140625,,58221.84765625,72394.671875,,10802.142578125,25174.82421875,9353.4853515625,13455.0283203125,,,,70725.4609375,9015.7060546875,23153.552734375,27582.96484375,,19703.751953125,18162.365234375,44082.5234375,,15765.6650390625,39650.0,,,,
2022-04-21,15111.8291015625,,27924.48828125,17734.453125,,58221.84765625,71308.0703125,,10445.56640625,25262.23828125,9499.177734375,13683.080078125,,,,69779.7109375,8642.275390625,23276.220703125,28249.029296875,,19955.484375,17804.234375,44082.5234375,,16013.4912109375,38750.0,,,,
2022-04-22,15495.6220703125,,27924.48828125,17979.064453125,,57753.9921875,76265.6796875,,10550.44140625,25524.474609375,9732.2861328125,13683.080078125,,,,70026.4296875,8748.9697265625,23153.552734375,28249.029296875,,20184.330078125,18008.880859375,46219.17578125,,16204.12890625,38850.0,,,,
2022-04-25,14632.08984375,,26002.412109375,16725.421875,,53751.2421875,70968.5078125,,9879.240234375,23747.0859375,9062.0986328125,12816.4853515625,,,,65133.2109375,8242.1689453125,21773.541015625,26290.013671875,,18788.361328125,17650.748046875,45994.26953125,,15231.8818359375,38100.0,,,,
2022-04-26,14823.984375,,26763.990234375,16908.8828125,,54219.1015625,74024.5703125,,10277.7666015625,24009.32421875,9440.900390625,13386.61328125,,,,69491.8828125,8428.8857421875,22356.212890625,27034.439453125,,18994.32421875,17880.978515625,45263.3046875,,15670.3466796875,39000.0,,,,
2022-04-27,14823.984375,,26981.58203125,17306.37890625,,53543.30859375,75382.8203125,,10487.5166015625,24766.900390625,9470.0390625,13546.2490234375,,,,69491.8828125,8642.275390625,22724.216796875,26956.078125,,19040.09375,17804.234375,45825.5859375,,15937.2392578125,39000.0,,,,
2022-04-28,14871.958984375,,26618.927734375,17245.2265625,,54842.90234375,73141.7109375,,10571.4169921875,25116.55078125,9411.7626953125,13432.2236328125,,,,67847.1015625,8642.275390625,22846.884765625,26250.83203125,,19360.48046875,17190.296875,45825.5859375,,15784.7275390625,38950.0,,,,
2022-04-29,15687.51953125,,27017.84765625,16970.037109375,,54582.98046875,71987.1953125,,10613.3662109375,25233.099609375,9557.455078125,13591.859375,,,,66654.640625,8695.6220703125,22540.21484375,26290.013671875,,20138.5625,17190.296875,45488.21484375,,16394.765625,40000.0,,,,
2022-05-04,15231.7646484375,,27017.84765625,16511.38671875,,54323.06640625,73345.4453125,,10403.6162109375,24475.525390625,9790.5634765625,13181.3662109375,,,,67230.3046875,8909.01171875,22233.544921875,25075.421875,,19223.171875,16371.7109375,44925.94140625,,15403.4541015625,39850.0,,,,
2022-05-05,15207.7783203125,,27706.89453125,17061.765625,,54427.03515625,74296.2265625,,10550.44140625,24504.662109375,9586.59375,13226.9775390625,,,,69656.3515625,8802.31640625,22202.87890625,24291.81640625,,19497.787109375,17497.265625,45544.4453125,,15937.2392578125,40000.0,,,,
2022-05-06,14871.958984375,,26836.521484375,16511.38671875,,52087.76171875,74567.8671875,,10088.990234375,24358.974609375,9149.515625,12770.875,,,,68875.0859375,8268.84375,21650.873046875,22607.05859375,,18994.32421875,17190.296875,44644.80078125,,15479.708984375,39900.0,,,,
2022-05-09,14680.0625,,24986.974609375,15380.05078125,,48864.76953125,71240.1640625,,9648.515625,23280.88671875,8537.6044921875,11949.890625,,,,65832.25,7735.369140625,21160.201171875,21039.845703125,,17667.009765625,16167.0654296875,43801.38671875,,14869.6708984375,39550.0,,,,
2022-05-10,14776.01171875,,25966.146484375,15410.6279296875,,51152.0546875,73345.4453125,,10088.990234375,23951.048828125,8683.2978515625,12337.578125,,,,67805.9765625,7842.0634765625,22080.2109375,21862.6328125,,17712.779296875,17036.810546875,44982.16796875,,14640.90625,40200.0,,,,
2022-05-11,15159.8037109375,,26183.740234375,16327.9267578125,,52971.484375,73956.65625,,10172.890625,23688.810546875,8683.2978515625,12542.8232421875,,,,67230.3046875,7815.39013671875,22080.2109375,21705.9140625,,17850.087890625,17113.552734375,44982.16796875,,15041.244140625,40250.0,,,,
2022-05-12,14152.3486328125,,24370.4609375,15288.3212890625,,49696.5078125,71715.546875,,9627.5400390625,22290.208984375,8100.52587890625,11699.033203125,,,,67805.9765625,7308.59033203125,21466.87109375,20217.05859375,,16614.314453125,16167.0654296875,43295.3359375,,13992.7421875,39500.0,,,,
2022-05-13,13192.8681640625,,23064.900390625,14615.634765625,,48656.83203125,67912.4453125,,9312.9150390625,20920.74609375,7546.89306640625,10992.0751953125,,,,66901.3515625,6828.4638671875,21252.203125,20217.05859375,,15470.0771484375,15348.4775390625,41046.2265625,,13022.400390625,39000.0,,,,
2022-05-16,13240.841796875,,23355.025390625,15013.1318359375,,48448.89453125,64516.82421875,,9438.7646484375,21153.845703125,7634.30810546875,11220.1259765625,,,,64886.50390625,6481.70654296875,21344.203125,21392.46875,,14920.8427734375,15860.09375,41720.9609375,,13151.0810546875,38500.0,,,,
2022-05-17,14032.4130859375,,24986.974609375,16052.7373046875,,51827.83984375,68523.6640625,,10068.015625,22261.072265625,8158.80322265625,11995.5009765625,,,,68052.6953125,6935.15869140625,21344.203125,22842.142578125,,15950.65625,16883.328125,42733.05859375,,13691.5361328125,39000.0,,,,
2022-05-18,13888.4912109375,,25313.365234375,16266.7734375,,50788.171875,71308.0703125,,10068.015625,22261.072265625,8625.0205078125,12155.1357421875,,,,66407.9140625,7415.28515625,21344.203125,22450.33984375,,16499.890625,16474.03515625,42395.69140625,,13691.5361328125,39000.0,,,,
2022-05-19,13720.58203125,,25132.0390625,15961.0068359375,,50424.27734375,71851.3671875,,10193.8662109375,22086.248046875,8479.328125,12200.74609375,,,,66983.5859375,7708.6953125,21221.53515625,22332.796875,,16385.466796875,15936.8359375,42733.05859375,,13279.7607421875,38950.0,,,,
2022-05-20,13936.46484375,,25023.2421875,15838.7001953125,,50684.19921875,70968.5078125,,10214.8408203125,21940.55859375,8508.466796875,12314.7724609375,,,,64351.9453125,7868.73828125,21374.869140625,22293.6171875,,16339.6962890625,16064.7412109375,42339.46484375,,13305.4970703125,38900.0,,,,
2022-05-23,13648.62109375,,24189.134765625,15288.3212890625,,50164.36328125,70289.3828125,,10151.916015625,21416.083984375,8391.912109375,11995.5009765625,,,,63365.078125,7735.369140625,21160.201171875,20765.5859375,,15950.65625,15348.4775390625,41833.41796875,,12765.041015625,38700.0,,,,
2022-05-24,13816.529296875,,24479.2578125,15899.8544921875,,51048.08984375,71851.3671875,,10319.7158203125,20337.99609375,8508.466796875,12246.3564453125,,,,63323.95703125,7682.02197265625,20884.19921875,22019.35546875,,16133.734375,15808.93359375,42508.1484375,,13125.345703125,38800.0,,,,
2022-05-25,14392.21875,,25313.365234375,16450.232421875,,54582.98046875,73617.09375,,10760.19140625,20075.7578125,8858.12890625,12793.6806640625,,,,63323.95703125,8108.80126953125,20884.19921875,22567.880859375,,16705.8515625,16320.5478515625,43295.3359375,,13562.8564453125,38850.0,,,,
2022-05-26,14560.12890625,,25458.427734375,16327.9267578125,,54894.890625,73073.796875,,10718.2421875,20396.26953125,8858.12890625,12611.23828125,,,,62912.75390625,8055.45361328125,21006.8671875,23077.22265625,,16797.390625,16167.0654296875,43126.65234375,,13485.6484375,38850.0,,,,
2022-05-27,15255.751953125,,25603.4921875,16511.38671875,,58117.88671875,74703.6953125,,10823.1171875,20658.5078125,8770.712890625,12770.875,,,,63323.95703125,8108.80126953125,21221.53515625,23429.84765625,,17140.662109375,16525.1953125,43520.25,,13820.2158203125,39000.0,,,,
2022-05-30,15327.712890625,,25929.880859375,16694.845703125,,57857.9609375,74703.6953125,,10844.091796875,20658.5078125,8916.40625,12816.4853515625,,,,63077.2421875,8082.126953125,21037.533203125,23429.84765625,,17277.970703125,16883.328125,43857.61328125,,14000.3681640625,39250.0,,,,
2022-05-31,15135.81640625,,25603.4921875,17061.765625,,57130.19140625,79932.953125,,10948.966796875,20221.4453125,8741.5751953125,12656.8486328125,,,,63118.36328125,7895.41162109375,20730.86328125,23233.947265625,,17003.353515625,16550.775390625,44363.66015625,,13794.48046875,39400.0,,,,
2022-06-01,14919.93359375,,25494.6953125,16970.037109375,,58117.88671875,82174.0625,,10969.94140625,20017.482421875,8712.4365234375,12588.43359375,,,,62953.87890625,7922.0849609375,20546.861328125,23155.5859375,,16866.044921875,16371.7109375,45263.3046875,,13640.064453125,39650.0,,,,
2022-06-02,15201.7822265625,,25168.3046875,16970.037109375,,57961.9296875,80747.8984375,,10907.017578125,19318.181640625,8508.466796875,12405.9931640625,,,,62912.75390625,7788.7177734375,20730.86328125,22724.599609375,,16660.08203125,16371.7109375,44419.890625,,13537.119140625,39450.0,,,,
2022-06-03,15171.796875,,24914.4453125,16756.0,,59261.52734375,84347.265625,,10655.31640625,19463.869140625,8391.912109375,12497.212890625,,,,63817.3984375,7708.6953125,20730.86328125,22920.50390625,,16682.96875,16294.9677734375,43576.47265625,,13434.1767578125,39400.0,,,,
2022-06-06,15171.796875,,24805.6484375,16633.693359375,,58741.6875,88218.2734375,,10613.3662109375,19405.59375,8391.912109375,12428.7978515625,,,,65174.33203125,7495.3056640625,20700.197265625,22724.599609375,,16499.890625,15706.609375,44813.484375,,13459.912109375,39250.0,,,,
2022-06-07,14961.91015625,,24370.4609375,16756.0,,60093.26953125,88286.1875,,10613.3662109375,19347.3203125,8275.357421875,12291.9677734375,,,,65750.0078125,7281.9169921875,20485.52734375,22097.716796875,,16568.54296875,15143.8330078125,45544.4453125,,13382.7041015625,39000.0,,,,
2022-06-08,15411.66796875,,24878.1796875,16939.4609375,,59781.36328125,87539.1484375,,10886.0419921875,19172.494140625,8828.990234375,12748.0703125,,,,65667.765625,7788.7177734375,20730.86328125,22959.68359375,,17049.12109375,15476.3837890625,44532.34375,,13717.271484375,39050.0,,,,
2022-06-09,15441.6513671875,,25023.2421875,16939.4609375,,59937.31640625,86656.2890625,,10823.1171875,19696.96875,8887.267578125,12679.654296875,,,,64557.54296875,7815.39013671875,20516.1953125,22724.599609375,,17117.77734375,15374.0595703125,43745.15625,,13640.064453125,39050.0,,,,
2022-06-10,15111.8291015625,,24515.5234375,16572.541015625,,57182.17578125,80612.078125,,10865.06640625,19580.419921875,8683.2978515625,12542.8232421875,,,,64845.375,7628.6748046875,20301.52734375,21823.453125,,17369.509765625,15194.9951171875,43688.9296875,,13408.4404296875,39000.0,,,,
2022-06-13,14332.251953125,,23173.69921875,15441.2041015625,,53772.03515625,80136.6953125,,10298.7412109375,18531.46875,8100.52587890625,11699.033203125,,,,62912.75390625,7201.89599609375,19381.517578125,20334.6015625,,16477.00390625,14146.1806640625,42957.96875,,12481.9453125,38200.0,,,,
2022-06-14,14452.1865234375,,23427.556640625,15441.2041015625,,55581.0703125,85569.6875,,10445.56640625,17657.341796875,7663.44677734375,11630.6181640625,,,,61679.18359375,7255.24267578125,20240.193359375,19080.830078125,,16362.58203125,13557.8232421875,43295.3359375,,11632.6572265625,38300.0,,,,
2022-06-15,14152.3486328125,,23209.962890625,14982.5546875,,56454.3984375,84211.4375,,10277.7666015625,17132.8671875,7226.3681640625,11356.95703125,,,,62501.5625,7068.52734375,20853.53125,17748.697265625,,16339.6962890625,13583.4033203125,43014.1953125,,11323.8271484375,38350.0,,,,
2022-06-16,14452.1865234375,,23427.556640625,15104.861328125,,57390.109375,86927.9375,,10466.5419921875,18065.267578125,7342.9228515625,11356.95703125,,,,64310.82421875,7095.20068359375,21996.3984375,17356.89453125,,16499.890625,13711.3076171875,44476.1171875,,11426.7705078125,38300.0,,,,
2022-06-17,13852.5107421875,,22919.83984375,14401.59765625,,57390.109375,91002.6796875,,10319.7158203125,17575.7578125,6993.259765625,10627.1923828125,,,,64146.3515625,6908.4853515625,21959.798828125,16142.3017578125,,15790.462890625,13046.20703125,42789.28515625,,10628.9560546875,38300.0,,,,
2022-06-20,13732.5751953125,,21396.68359375,13820.642578125,,57390.109375,84686.8203125,,9963.140625,16363.63671875,6876.705078125,10262.3095703125,,,,62501.5625,7121.875,21959.798828125,15045.2529296875,,15103.9208984375,12815.9794921875,42733.05859375,,9934.0830078125,37800.0,,,,
2022-06-21,13792.54296875,,21976.93359375,14095.83203125,,55581.0703125,81155.3828125,,9900.21484375,15757.576171875,6934.98291015625,10239.5048828125,,,,63735.1484375,6881.8115234375,21923.19921875,14340.0068359375,,15103.9208984375,13122.9482421875,43688.9296875,,9264.94921875,37500.0,,,,
2022-06-22,14242.30078125,,22121.99609375,14432.1748046875,,52711.5703125,75518.6328125,,9900.21484375,16287.87890625,7401.2001953125,10695.607421875,,,,64146.3515625,7041.853515625,22508.794921875,13869.8427734375,,15927.7705078125,13404.337890625,42733.05859375,,9908.34765625,37500.0,,,,
2022-06-23,14242.30078125,,22484.650390625,15441.2041015625,,53335.375,79321.734375,,9858.265625,16515.15234375,7867.4169921875,10969.26953125,,,,63077.2421875,7228.5693359375,22618.59375,14496.7294921875,,16454.119140625,13557.8232421875,42676.83203125,,10474.5390625,37100.0,,,,
2022-06-24,14272.2841796875,,22629.71484375,15135.4384765625,,53335.375,77420.1953125,,9648.515625,16515.15234375,7692.5859375,10809.6337890625,,,,63981.87109375,7201.89599609375,22838.19140625,14575.0888671875,,16248.158203125,13302.0146484375,42170.78125,,10603.2197265625,37300.0,,,,
2022-06-27,14362.234375,,23028.634765625,15655.240234375,,53959.1796875,77691.84375,,9795.33984375,17348.484375,7342.9228515625,10992.0751953125,,,,64475.30078125,7281.9169921875,22947.990234375,15554.59765625,,16271.0419921875,13660.1455078125,42114.5546875,,10654.6923828125,36900.0,,,,
2022-06-28,14692.056640625,,24406.728515625,16327.9267578125,,55955.359375,78778.4453125,,10172.890625,17045.455078125,7809.140625,11265.736328125,,,,64598.66015625,7548.65380859375,23021.189453125,15358.6962890625,,16797.390625,14120.6005859375,42901.7421875,,11375.2978515625,36800.0,,,,
2022-06-29,14512.1533203125,,25313.365234375,16419.65625,,56142.5,79457.5546875,,10235.8154296875,17234.84765625,7867.4169921875,11265.736328125,,,,63323.95703125,7468.6328125,23130.98828125,15476.23828125,,16820.275390625,14018.2763671875,42451.921875,,11529.7138671875,36700.0,,,,
2022-06-30,14392.21875,,24297.9296875,15991.583984375,,53772.03515625,78438.8828125,,10068.015625,16893.939453125,7605.169921875,11037.685546875,,,,63570.67578125,7201.89599609375,23130.98828125,14731.810546875,,16271.0419921875,13890.373046875,42058.32421875,,11066.4677734375,36750.0,,,,
2022-07-01,14422.2021484375,,25422.1640625,16480.810546875,,54894.890625,76741.0625,,10277.7666015625,16969.697265625,7605.169921875,11037.685546875,,,,63282.8359375,7175.22216796875,23167.587890625,15437.0556640625,,16477.00390625,13967.115234375,41608.50390625,,11709.8662109375,36300.0,,,,
2022-07-04,14542.1376953125,,25422.1640625,16266.7734375,,54083.9375,73752.921875,,10298.7412109375,16666.666015625,7925.6943359375,11220.1259765625,,,,63118.36328125,7255.24267578125,23167.587890625,15828.8603515625,,16637.197265625,13967.115234375,41664.734375,,12507.6826171875,36350.0,,,,
2022-07-05,14662.0732421875,,26328.802734375,16511.38671875,,53272.9921875,69949.8203125,,10382.6416015625,16590.908203125,7925.6943359375,11607.8134765625,,,,62008.1328125,7361.93798828125,23204.1875,15437.0556640625,,17277.970703125,14069.4384765625,41608.50390625,,12404.736328125,36150.0,,,,
2022-07-06,14512.1533203125,,25821.083984375,15808.1240234375,,52087.76171875,65060.12109375,,10005.0908203125,16250.0,7605.169921875,11356.95703125,,,,62748.28125,7121.875,22984.58984375,14888.5322265625,,17209.31640625,13788.0498046875,40933.7734375,,12404.736328125,33750.0,,,,
2022-07-07,14482.169921875,,26328.802734375,16083.314453125,,51838.23828125,63905.6171875,,10068.015625,16477.2734375,7663.44677734375,11448.177734375,,,,64228.5859375,7175.22216796875,22911.390625,14966.892578125,,17300.853515625,14043.8583984375,42451.921875,,12919.4580078125,34900.0,,,,
2022-07-08,14392.21875,,25385.896484375,15838.7001953125,,52150.14453125,64924.3046875,,9942.166015625,17007.576171875,7721.724609375,11425.373046875,,,,63776.26953125,7255.24267578125,23204.1875,15985.58203125,,17186.431640625,13864.7919921875,41608.50390625,,12893.720703125,35000.0,,,,
2022-07-11,14092.380859375,,25023.2421875,15594.087890625,,51651.09765625,64448.9140625,,9606.564453125,16704.544921875,7576.03125,11128.9052734375,,,,63776.26953125,7121.875,23204.1875,16181.4833984375,,16293.92578125,13302.0146484375,40483.94921875,,12301.79296875,35000.0,,,,
2022-07-12,14392.21875,,26401.33203125,15716.39453125,,52087.76171875,67233.3203125,,9858.265625,16893.939453125,7809.140625,11425.373046875,,,,63159.484375,7281.9169921875,23423.78515625,16377.384765625,,16522.7734375,13660.1455078125,40427.72265625,,12507.6826171875,34950.0,,,,
2022-07-13,14392.21875,,26147.474609375,16236.197265625,,51463.9609375,65399.68359375,,9942.166015625,16893.939453125,8071.38720703125,11539.3984375,,,,63159.484375,7788.7177734375,23167.587890625,16220.6650390625,,16522.7734375,13634.564453125,40371.4921875,,12507.6826171875,34750.0,,,,
2022-07-14,14422.2021484375,,26220.005859375,16511.38671875,,51651.09765625,67097.5,,9942.166015625,16818.181640625,8129.66455078125,11630.6181640625,,,,63694.03515625,7762.04296875,23057.7890625,16847.548828125,,16454.119140625,13762.4697265625,40708.86328125,,12584.888671875,34750.0,,,,
2022-07-15,14392.21875,,25966.146484375,16511.38671875,,51276.81640625,66214.640625,,9900.21484375,17575.7578125,8158.80322265625,11607.8134765625,,,,63323.95703125,7815.39013671875,23021.189453125,16534.107421875,,16522.7734375,13864.7919921875,40652.6328125,,12481.9453125,34800.0,,,,
2022-07-18,14332.251953125,,25748.5546875,16450.232421875,,51775.86328125,66214.640625,,9858.265625,17121.212890625,8217.080078125,11585.0078125,,,,63406.19921875,7682.02197265625,23277.38671875,16377.384765625,,16614.314453125,13941.53515625,40483.94921875,,12662.09765625,34000.0,,,,
2022-07-19,14332.251953125,,25857.349609375,16236.197265625,,51775.86328125,69202.78125,,9816.314453125,16780.302734375,8100.52587890625,11493.7880859375,,,,64475.30078125,7762.04296875,23313.986328125,16181.4833984375,,16522.7734375,13890.373046875,40090.359375,,12507.6826171875,34400.0,,,,
2022-07-20,14572.1220703125,,26401.33203125,16541.962890625,,52961.08984375,69949.8203125,,10005.0908203125,16931.818359375,8246.21875,11653.423828125,,,,65708.8828125,7895.41162109375,23423.78515625,16690.828125,,16614.314453125,14555.4736328125,40765.08984375,,12790.77734375,34100.0,,,,
2022-07-21,14782.0078125,,26473.86328125,16817.15234375,,53023.46875,70696.859375,,10088.990234375,17196.96875,8537.6044921875,11676.228515625,,,,67847.1015625,7815.39013671875,23423.78515625,16690.828125,,16866.044921875,14478.73046875,40765.08984375,,12919.4580078125,34250.0,,,,
2022-07-22,14602.10546875,,25748.5546875,16450.232421875,,53085.85546875,73209.625,,9984.115234375,16818.181640625,8391.912109375,11653.423828125,,,,68258.2890625,7655.3486328125,23387.185546875,16377.384765625,,16980.46875,14350.8271484375,40765.08984375,,13485.6484375,33250.0,,,,
2022-07-25,14422.2021484375,,25676.0234375,16266.7734375,,53272.9921875,71104.3359375,,9900.21484375,16590.908203125,8508.466796875,11516.5927734375,,,,67847.1015625,7548.65380859375,23167.587890625,16024.7607421875,,16843.16015625,14018.2763671875,40990.0,,13254.0244140625,33650.0,,,,
2022-07-26,14422.2021484375,,25784.818359375,16236.197265625,,52898.70703125,71104.3359375,,9900.21484375,16401.515625,8566.7431640625,11470.982421875,,,,68957.3203125,7521.9794921875,23240.787109375,15868.0400390625,,16751.62109375,13813.6298828125,41552.27734375,,13202.5517578125,33050.0,,,,
2022-07-27,14512.1533203125,,25784.818359375,16511.38671875,,53148.234375,71104.3359375,,10026.0654296875,16098.484375,8916.40625,11356.95703125,,,,68957.3203125,7628.6748046875,23240.787109375,15985.58203125,,16751.62109375,13788.0498046875,42170.78125,,13202.5517578125,33250.0,,,,
2022-07-28,14662.0732421875,,26473.86328125,16878.306640625,,52961.08984375,72190.9375,,10235.8154296875,16212.12109375,9091.23828125,11653.423828125,,,,71136.6484375,7842.0634765625,23277.38671875,16573.28515625,,17072.0078125,13915.9541015625,42339.46484375,,13614.330078125,33500.0,,,,
2022-07-29,14752.0244140625,,27054.11328125,16633.693359375,,52087.76171875,73005.890625,,10130.9404296875,16287.87890625,8858.12890625,11699.033203125,,,,74015.0234375,7815.39013671875,23313.986328125,16730.0078125,,17346.623046875,13608.984375,42002.09765625,,13691.5361328125,32000.0,,,,
2022-08-01,14991.8955078125,,28287.142578125,17550.994140625,,52399.6640625,73277.53125,,10361.6669921875,17272.7265625,9178.654296875,12086.720703125,,,,75248.59375,8028.7802734375,23387.185546875,17866.23828125,,17667.009765625,13941.53515625,43295.3359375,,13717.271484375,32350.0,,,,
2022-08-02,14931.927734375,,27924.48828125,17489.83984375,,53023.46875,73481.28125,,10424.5908203125,17348.484375,9266.0693359375,12177.94140625,,,,77222.3359375,8055.45361328125,23313.986328125,18179.681640625,,17529.701171875,14146.1806640625,44363.66015625,,13691.5361328125,33300.0,,,,
2022-08-03,14961.91015625,,28504.736328125,17795.60546875,,52898.70703125,76061.9453125,,10424.5908203125,17992.423828125,9324.3466796875,12269.162109375,,,,78085.8515625,8135.47412109375,23277.38671875,18453.943359375,,17461.048828125,14325.24609375,44701.02734375,,13485.6484375,33000.0,,,,
2022-08-04,14991.8955078125,,28504.736328125,17642.72265625,,53709.66015625,74024.5703125,,10445.56640625,17916.666015625,9353.4853515625,12291.9677734375,,,,76070.984375,8108.80126953125,23240.787109375,18453.943359375,,17575.47265625,14734.5390625,46387.859375,,13434.1767578125,33200.0,,,,
2022-08-05,14901.943359375,,28287.142578125,17734.453125,,53522.515625,74364.140625,,10361.6669921875,17651.515625,9382.6240234375,12291.9677734375,,,,75084.125,8082.126953125,23094.388671875,19433.451171875,,17575.47265625,14734.5390625,46106.71875,,13356.9677734375,32700.0,,,,
2022-08-08,14841.9755859375,,28142.080078125,17734.453125,,53647.27734375,75382.8203125,,10487.5166015625,17878.787109375,9295.2080078125,12360.3828125,,,,74426.2109375,8082.126953125,23021.189453125,19315.91015625,,17941.626953125,14606.6357421875,46106.71875,,13459.912109375,32300.0,,,,
2022-08-09,14961.91015625,,28033.283203125,17612.14453125,,53772.03515625,76061.9453125,,10550.44140625,18257.576171875,9062.0986328125,12474.408203125,,,,74097.2578125,8108.80126953125,22874.791015625,19433.451171875,,17918.7421875,14632.2158203125,45431.98828125,,13408.4404296875,32650.0,,,,
2022-08-10,14901.943359375,,27851.95703125,17398.109375,,53647.27734375,75314.9140625,,10508.4912109375,18030.302734375,8945.544921875,12405.9931640625,,,,74837.40625,8002.1064453125,22764.9921875,19237.55078125,,17758.55078125,14478.73046875,45263.3046875,,13382.7041015625,32400.0,,,,
2022-08-11,14841.9755859375,,27779.42578125,17428.685546875,,53647.27734375,76741.0625,,10613.3662109375,17727.2734375,8945.544921875,12223.5517578125,,,,74837.40625,7895.41162109375,23057.7890625,19120.01171875,,17621.2421875,14581.0546875,45825.5859375,,13202.5517578125,32900.0,,,,
2022-08-12,14871.958984375,,28432.205078125,17520.416015625,,53959.1796875,77691.84375,,10655.31640625,18143.939453125,9091.23828125,12337.578125,,,,74837.40625,7948.7587890625,22947.990234375,19511.814453125,,17758.55078125,14632.2158203125,45881.8125,,13279.7607421875,33100.0,,,,
2022-08-15,14961.91015625,,29737.765625,18009.642578125,,55456.3125,77420.1953125,,11032.8671875,18181.818359375,9411.7626953125,12474.408203125,,,,76482.1796875,8482.232421875,23057.7890625,19394.271484375,,17895.857421875,14811.2822265625,45994.26953125,,13511.3837890625,33200.0,,,,
2022-08-16,14901.943359375,,29375.109375,17856.759765625,,55331.55859375,77080.6328125,,11053.841796875,18598.484375,9353.4853515625,12428.7978515625,,,,77304.578125,8428.8857421875,23021.189453125,19276.73046875,,17850.087890625,14760.1201171875,45825.5859375,,13588.591796875,32950.0,,,,
2022-08-17,14961.91015625,,29012.455078125,17795.60546875,,55082.02734375,76333.59375,,11221.642578125,18409.091796875,9236.9306640625,12656.8486328125,,,,77510.171875,8322.1904296875,23057.7890625,19237.55078125,,17987.396484375,14683.376953125,45825.5859375,,13459.912109375,33650.0,,,,
2022-08-18,15081.845703125,,28722.330078125,17581.5703125,,55082.02734375,77216.453125,,11242.6171875,18295.455078125,9120.376953125,12611.23828125,,,,79566.140625,8268.84375,22947.990234375,19668.533203125,,17895.857421875,14683.376953125,45825.5859375,,13382.7041015625,34050.0,,,,
2022-08-19,14901.943359375,,28541.001953125,17275.8046875,,54208.69921875,78506.7890625,,11011.892578125,17992.423828125,9062.0986328125,12588.43359375,,,,80182.921875,8242.1689453125,22874.791015625,19707.71484375,,17850.087890625,14529.892578125,45488.21484375,,13228.2880859375,33950.0,,,,
2022-08-22,14782.0078125,,27888.220703125,17122.919921875,,54146.32421875,78031.40625,,10676.2919921875,17689.39453125,9032.9599609375,12643.1669921875,,,,79771.7421875,8295.5166015625,23789.783203125,19355.091796875,,17712.779296875,14274.0849609375,44982.16796875,,12867.9833984375,33000.0,,,,
2022-08-23,14871.958984375,,28649.798828125,17122.919921875,,54271.0859375,79457.5546875,,10781.1669921875,17916.666015625,9207.7919921875,12697.8984375,,,,78126.9609375,8375.537109375,23789.783203125,19903.6171875,,17758.55078125,14325.24609375,45094.625,,12970.9287109375,32500.0,,,,
2022-08-24,14901.943359375,,28504.736328125,17245.2265625,,53772.03515625,79661.3046875,,10865.06640625,17803.03125,9178.654296875,12752.630859375,,,,76893.3828125,8348.8642578125,23716.583984375,19786.07421875,,17964.51171875,14376.408203125,46106.71875,,12919.4580078125,32450.0,,,,
2022-08-25,14991.8955078125,,28504.736328125,17550.994140625,,53834.41796875,79118.0078125,,11095.7919921875,18068.181640625,9295.2080078125,12944.1943359375,,,,77098.9765625,8508.9072265625,23716.583984375,19981.978515625,,18101.8203125,14734.5390625,46106.71875,,13228.2880859375,32950.0,,,,
2022-08-26,14871.958984375,,28577.267578125,17398.109375,,54395.84375,78235.1484375,,11032.8671875,17803.03125,9207.7919921875,12916.828125,,,,77304.578125,8375.537109375,23716.583984375,19433.451171875,,18078.935546875,14529.892578125,46387.859375,,13073.8720703125,32500.0,,,,
2022-08-29,14722.0400390625,,28287.142578125,17061.765625,,53959.1796875,79797.1328125,,10886.0419921875,17424.2421875,9032.9599609375,12807.36328125,,,,77304.578125,8242.1689453125,23570.185546875,19120.01171875,,17735.6640625,14171.76171875,46387.859375,,13022.400390625,31800.0,,,,
2022-08-30,14722.0400390625,,28867.392578125,17367.533203125,,53896.796875,80747.8984375,,11032.8671875,17462.12109375,9178.654296875,12944.1943359375,,,,77263.453125,8215.49609375,23643.384765625,18767.38671875,,17735.6640625,14274.0849609375,48355.83203125,,12867.9833984375,31800.0,,,,
2022-08-31,14782.0078125,,29012.455078125,17275.8046875,,54021.55859375,79525.484375,,11200.6669921875,17424.2421875,9207.7919921875,12998.92578125,,,,77263.453125,8322.1904296875,23606.78515625,18806.56640625,,17827.203125,14325.24609375,47231.27734375,,12867.9833984375,31850.0,,,,
2022-09-05,14692.056640625,,28649.798828125,17092.34375,,53772.03515625,79050.09375,,11074.8173828125,18106.060546875,9178.654296875,12916.828125,,,,77304.578125,8242.1689453125,23423.78515625,18571.484375,,17667.009765625,14325.24609375,46444.08984375,,12636.361328125,32000.0,,,,
2022-09-06,14782.0078125,,29048.71875,17275.8046875,,53522.515625,79118.0078125,,11200.6669921875,17840.908203125,9266.0693359375,12944.1943359375,,,,77551.2890625,8268.84375,23423.78515625,18610.6640625,,17689.896484375,14325.24609375,46500.31640625,,12662.09765625,31650.0,,,,
2022-09-07,14572.1220703125,,27416.76953125,16725.421875,,52399.6640625,76061.9453125,,10948.966796875,17424.2421875,9062.0986328125,12588.43359375,,,,77304.578125,7815.39013671875,23423.78515625,17670.3359375,,17186.431640625,13967.115234375,44982.16796875,,12610.625,31250.0,,,,
2022-09-08,14392.21875,,26618.927734375,16419.65625,,52586.80078125,75926.1171875,,10697.2666015625,17500.0,8566.7431640625,12478.96875,,,,78825.984375,7468.6328125,23387.185546875,17278.533203125,,17117.77734375,13762.4697265625,43857.61328125,,12147.3779296875,31450.0,,,,
2022-09-09,14392.21875,,26836.521484375,16419.65625,,52586.80078125,77420.1953125,,10823.1171875,18030.302734375,8566.7431640625,12424.2373046875,,,,79689.4921875,7628.6748046875,23350.5859375,17396.07421875,,17232.19921875,13813.6298828125,44307.4375,,12147.3779296875,32200.0,,,,
2022-09-12,14242.30078125,,26763.990234375,16541.962890625,,52773.953125,77216.453125,,10760.19140625,18030.302734375,8625.0205078125,12369.50390625,,,,80182.921875,7602.00048828125,23057.7890625,17121.8125,,17163.546875,13788.0498046875,44476.1171875,,12018.697265625,32000.0,,,,
2022-09-13,14272.2841796875,,26691.458984375,16817.15234375,,52773.953125,77556.015625,,10865.06640625,17954.544921875,8683.2978515625,12342.138671875,,,,78538.1640625,7682.02197265625,23057.7890625,16965.08984375,,17072.0078125,13736.8876953125,44194.98046875,,12018.697265625,32050.0,,,,
2022-09-14,14092.380859375,,26473.86328125,16511.38671875,,52399.6640625,76401.5078125,,10571.4169921875,17954.544921875,8683.2978515625,12260.0400390625,,,,75659.7890625,7548.65380859375,22984.58984375,17200.171875,,16843.16015625,13583.4033203125,44026.296875,,11915.75390625,31700.0,,,,
2022-09-15,14122.3642578125,,25929.880859375,16450.232421875,,52212.5234375,75926.1171875,,10550.44140625,17878.787109375,8625.0205078125,12123.2099609375,,,,76194.34375,7521.9794921875,23021.189453125,16965.08984375,,16751.62109375,13583.4033203125,44532.34375,,11838.5458984375,31950.0,,,,
2022-09-16,13882.4951171875,,25748.5546875,16022.16015625,,51463.9609375,75382.8203125,,10487.5166015625,17424.2421875,8275.357421875,11931.6455078125,,,,76194.34375,7308.59033203125,23057.7890625,16573.28515625,,16477.00390625,13455.4990234375,44982.16796875,,11709.8662109375,31250.0,,,,
2022-09-19,13702.591796875,,24805.6484375,15594.087890625,,51838.23828125,73345.4453125,,10277.7666015625,17159.091796875,7954.8330078125,11493.7880859375,,,,76194.34375,6935.15869140625,22984.58984375,15593.7783203125,,16042.1943359375,12790.3984375,44307.4375,,11349.5625,31450.0,,,,
2022-09-20,13732.5751953125,,25494.6953125,15899.8544921875,,52025.3828125,74092.484375,,10403.6162109375,17424.2421875,8217.080078125,11685.3505859375,,,,77098.9765625,7148.54833984375,23057.7890625,16220.6650390625,,16042.1943359375,12995.044921875,44532.34375,,11478.2431640625,31950.0,,,,
2022-09-21,13552.6728515625,,25204.5703125,15624.6650390625,,51339.19921875,74024.5703125,,10361.6669921875,17348.484375,8158.80322265625,11603.2529296875,,,,77304.578125,7095.20068359375,22984.58984375,16103.1220703125,,15790.462890625,12918.302734375,44363.66015625,,11323.8271484375,31550.0,,,,
2022-09-22,13672.607421875,,25494.6953125,15532.93359375,,51713.48046875,75382.8203125,,10361.6669921875,17424.2421875,8187.94189453125,11630.6181640625,,,,76893.3828125,7121.875,22911.390625,16534.107421875,,15813.34765625,12969.4638671875,43857.61328125,,11581.1865234375,31650.0,,,,
2022-09-23,13552.6728515625,,25204.5703125,15288.3212890625,,51401.57421875,76401.5078125,,10193.8662109375,17196.96875,8042.2490234375,11493.7880859375,,,,76893.3828125,6988.505859375,22764.9921875,16181.4833984375,,15653.154296875,12815.9794921875,42676.83203125,,11478.2431640625,31300.0,,,,
2022-09-26,13312.802734375,,24225.3984375,14371.0224609375,,50840.15234375,77148.546875,,9837.291015625,16969.697265625,7663.44677734375,11001.1962890625,,,,76070.984375,6615.07470703125,22325.796875,15280.3359375,,15218.3447265625,12739.23828125,42170.78125,,11606.9228515625,31000.0,,,,
2022-09-27,13432.7373046875,,24442.9921875,14340.4453125,,50216.34765625,75722.3828125,,10120.453125,16969.697265625,7809.140625,11055.9287109375,,,,76194.34375,6801.79052734375,22362.396484375,15319.5166015625,,15332.767578125,12739.23828125,41777.19140625,,11967.2265625,30500.0,,,,
2022-09-28,13192.8681640625,,24297.9296875,14248.71484375,,48656.83203125,70628.953125,,10041.796875,16515.15234375,7576.03125,10919.09765625,,,,75248.59375,6668.421875,22362.396484375,15476.23828125,,15218.3447265625,12611.3330078125,42170.78125,,11735.6025390625,28750.0,,,,
2022-09-29,13192.8681640625,,24297.9296875,13820.642578125,,48033.02734375,71308.0703125,,10041.796875,16401.515625,7517.75439453125,10837.0,,,,75166.3515625,6615.07470703125,22362.396484375,15123.6142578125,,15103.9208984375,12636.9140625,41608.50390625,,11401.0341796875,27300.0,,,,
2022-09-30,13312.802734375,,24588.056640625,14187.5625,,50216.34765625,74703.6953125,,10041.796875,16060.6064453125,7517.75439453125,10946.46484375,,,,76070.984375,6641.74853515625,22398.99609375,15515.41796875,,14875.07421875,12790.3984375,41158.68359375,,11323.8271484375,27500.0,,,,
2022-10-03,12952.9970703125,,22883.572265625,13209.109375,,48033.02734375,72666.3125,,9648.515625,14962.12109375,7022.3984375,10234.9443359375,,,,74919.6484375,6348.33740234375,21740.201171875,14457.548828125,,13845.2607421875,12202.041015625,39696.76171875,,10886.3154296875,27750.0,,,,
2022-10-04,12593.19140625,,22484.650390625,12689.3056640625,,48344.9296875,71987.1953125,,9700.9521484375,14280.302734375,6818.42822265625,10289.6767578125,,,,77304.578125,6134.9482421875,21593.802734375,13948.203125,,13868.1455078125,12176.458984375,40090.359375,,10937.7880859375,28500.0,,,,
2022-10-05,12473.2568359375,,23064.900390625,13453.72265625,,48906.35546875,72666.3125,,9700.9521484375,14545.4541015625,6993.259765625,10508.60546875,,,,77715.7734375,6241.64306640625,21959.798828125,14614.26953125,,13959.6845703125,12278.7822265625,40202.8125,,11040.7314453125,30000.0,,,,
2022-10-06,11993.5146484375,,22484.650390625,13086.802734375,,47721.125,72598.4140625,,9517.421875,13636.36328125,6527.04296875,9906.55078125,,,,76399.9453125,5868.21142578125,21813.400390625,13634.76171875,,13410.451171875,12278.7822265625,39415.62109375,,10680.4267578125,30050.0,,,,
2022-10-07,11183.9541015625,,21179.091796875,12200.0810546875,,46161.61328125,69270.6953125,,9150.357421875,13333.3330078125,6089.96337890625,9277.12890625,,,,76893.3828125,5521.453125,21484.00390625,13164.5966796875,,12472.1767578125,11434.6162109375,37503.8828125,,10294.3876953125,30100.0,,,,
2022-10-10,11213.9375,,21759.341796875,12658.73046875,,46161.61328125,71987.1953125,,8861.951171875,13901.515625,5915.13232421875,9441.3251953125,,,,75865.390625,5388.0849609375,21264.40625,13634.76171875,,11808.51953125,10641.6123046875,36604.23828125,,10268.65234375,30100.0,,,,
2022-10-11,10494.3271484375,,20671.375,12108.3505859375,,44290.19140625,72055.1015625,,8494.888671875,13257.576171875,5501.36474609375,8784.537109375,,,,75454.1953125,5014.6533203125,20422.61328125,12694.4326171875,,10984.669921875,9899.7685546875,34861.1796875,,9959.8203125,30000.0,,,,
2022-10-12,11213.9375,,22085.732421875,12933.919921875,,45163.5234375,72666.3125,,8809.513671875,14166.6669921875,5885.99365234375,9386.59375,,,,75454.1953125,5361.4111328125,21703.6015625,13517.2197265625,,11350.8251953125,10488.1279296875,35985.734375,,10088.4990234375,30000.0,,,,
2022-10-13,11963.5322265625,,23536.353515625,13698.3359375,,45537.80078125,73345.4453125,,8809.513671875,14772.7275390625,5944.27099609375,9523.423828125,,,,78126.9609375,5494.77978515625,21667.001953125,13713.12109375,,11579.6728515625,10539.2880859375,37391.42578125,,10139.97265625,30200.0,,,,
2022-10-14,12503.240234375,,23935.275390625,13881.7958984375,,46161.61328125,74567.8671875,,8914.388671875,14734.8486328125,6293.93408203125,9742.3525390625,,,,77469.0546875,5868.21142578125,21703.6015625,14026.564453125,,11762.7509765625,10539.2880859375,38291.0703125,,10397.33203125,29850.0,,,,
2022-10-17,12563.2080078125,,23717.681640625,13790.0654296875,,46036.84765625,75722.3828125,,8652.2001953125,14583.3330078125,6410.48828125,9578.15625,,,,76112.109375,6134.9482421875,21593.802734375,14104.9248046875,,11488.1337890625,10539.2880859375,37278.97265625,,10242.916015625,28000.0,,,,
2022-10-18,12833.0625,,23790.212890625,14065.255859375,,46723.03515625,75382.8203125,,8809.513671875,14280.302734375,6410.48828125,9605.5224609375,,,,78044.71875,6001.57958984375,21593.802734375,13948.203125,,11579.6728515625,10539.2880859375,38066.16015625,,10268.65234375,29200.0,,,,
2022-10-19,12653.1591796875,,23935.275390625,14187.5625,,47097.3203125,74092.484375,,8757.076171875,13939.3935546875,6352.2109375,9578.15625,,,,78497.03125,5948.232421875,21593.802734375,13830.6630859375,,11533.9033203125,10513.7080078125,38178.61328125,,10500.2763671875,29250.0,,,,
2022-10-20,12803.078125,,24044.0703125,14218.138671875,,48532.06640625,75314.9140625,,8809.513671875,13712.12109375,6264.79541015625,9386.59375,,,,78661.515625,5788.1904296875,21593.802734375,13634.76171875,,11259.287109375,10539.2880859375,38909.57421875,,10268.65234375,29300.0,,,,
2022-10-21,12233.38671875,,23645.150390625,13239.6865234375,,46099.23046875,72802.140625,,8652.2001953125,12803.0302734375,5856.85498046875,8811.9033203125,,,,79360.5546875,5468.10595703125,21081.408203125,12694.4326171875,,10481.2060546875,10283.48046875,38234.84375,,9882.61328125,28400.0,,,,
2022-10-24,11693.677734375,,22013.19921875,12842.1904296875,,44352.5703125,72802.140625,,8363.794921875,12424.2421875,5448.9150390625,8538.2421875,,,,74426.2109375,5281.39013671875,20861.80859375,11832.46484375,,9748.8935546875,10309.0615234375,38234.84375,,9702.4599609375,28250.0,,,,
2022-10-25,12233.38671875,,22702.24609375,13728.912109375,,45662.56640625,72802.140625,,8390.0126953125,12954.5458984375,5827.716796875,8976.1015625,,,,77222.3359375,5628.14794921875,21227.806640625,11793.28515625,,9748.8935546875,10309.0615234375,39303.171875,,9908.34765625,28050.0,,,,
2022-10-26,12383.3046875,,22992.37109375,13698.3359375,,46036.84765625,73345.4453125,,8363.794921875,12803.0302734375,6031.6865234375,8976.1015625,,,,76523.3046875,5574.80029296875,21227.806640625,11636.5634765625,,9794.6640625,10232.318359375,39359.3984375,,9805.404296875,27400.0,,,,
2022-10-27,13222.8515625,,24588.056640625,14646.2119140625,,47284.4609375,74703.6953125,,8704.638671875,13181.818359375,6439.62646484375,9578.15625,,,,77263.453125,5948.232421875,22691.79296875,12420.169921875,,10458.3212890625,10743.9345703125,40315.265625,,10242.916015625,27500.0,,,,
2022-10-28,13372.7705078125,,24515.5234375,14707.365234375,,46785.41796875,74024.5703125,,8652.2001953125,12727.2724609375,6585.31982421875,9660.2548828125,,,,76523.3046875,5868.21142578125,22655.193359375,12459.3505859375,,11167.748046875,10667.1923828125,40259.0390625,,10139.97265625,27850.0,,,,
2022-10-31,13432.7373046875,,25059.505859375,15043.7080078125,,47159.703125,75450.734375,,8599.763671875,11856.060546875,6847.56689453125,9687.62109375,,,,76194.34375,6108.2744140625,22655.193359375,12772.79296875,,11259.287109375,10590.4501953125,41327.3671875,,10088.4990234375,27700.0,,,,
2022-11-01,13462.7216796875,,24696.8515625,14951.978515625,,47097.3203125,74703.6953125,,8704.638671875,11363.63671875,6993.259765625,9851.8173828125,,,,75495.3203125,6188.29541015625,22691.79296875,13282.1376953125,,11739.8662109375,11153.2275390625,42170.78125,,10371.5947265625,27700.0,,,,
2022-11-02,13072.931640625,,24442.9921875,14676.7880859375,,46161.61328125,74703.6953125,,8625.982421875,11628.7880859375,6760.15087890625,9797.0859375,,,,75454.1953125,6028.25341796875,22655.193359375,12929.5146484375,,11533.9033203125,11025.32421875,41383.59375,,10654.6923828125,27700.0,,,,
2022-11-03,12803.078125,,23935.275390625,14432.1748046875,,46223.9921875,75654.46875,,8390.0126953125,11515.1513671875,6818.42822265625,9660.2548828125,,,,74837.40625,5921.55859375,22289.197265625,12929.5146484375,,11831.4052734375,10871.837890625,41046.2265625,,10448.8037109375,27550.0,,,,
2022-11-04,12083.466796875,,24152.8671875,14982.5546875,,45475.42578125,75382.8203125,,8075.3876953125,11098.484375,6643.5966796875,9797.0859375,,,,74837.40625,6001.57958984375,22179.396484375,12028.3671875,,11671.2119140625,10897.419921875,40371.4921875,,10165.708984375,27150.0,,,,
2022-11-07,12383.3046875,,24152.8671875,14279.2919921875,,45288.28515625,76673.15625,,7524.79296875,10378.7880859375,6206.51806640625,9277.12890625,,,,75659.7890625,5708.16943359375,21959.798828125,11205.580078125,,10870.24609375,10283.48046875,40371.4921875,,9496.5732421875,26700.0,,,,
2022-11-08,12773.09375,,25313.365234375,14585.0576171875,,45724.94921875,77691.84375,,7603.44921875,9962.12109375,6585.31982421875,9413.958984375,,,,75248.59375,5948.232421875,22032.998046875,11754.103515625,,11053.32421875,10488.1279296875,40821.31640625,,9548.044921875,26650.0,,,,
2022-11-09,12443.2724609375,,26220.005859375,14951.978515625,,46161.61328125,79050.09375,,7760.76171875,9848.484375,6643.5966796875,9277.12890625,,,,75865.390625,5868.21142578125,22032.998046875,11675.744140625,,11144.86328125,10334.6416015625,41608.50390625,,9470.8369140625,26850.0,,,,
2022-11-10,11993.5146484375,,25168.3046875,13912.373046875,,45537.80078125,77012.71875,,7655.88671875,9166.6669921875,6206.51806640625,8647.70703125,,,,75865.390625,5468.10595703125,21301.005859375,10892.1357421875,,10412.5517578125,10181.1572265625,40933.7734375,,9007.5888671875,26500.0,,,,
2022-11-11,12473.2568359375,,26111.208984375,14432.1748046875,,45413.04296875,77352.28125,,7760.76171875,9318.181640625,6235.65673828125,8757.171875,,,,77222.3359375,5334.7373046875,21996.3984375,11048.8583984375,,10435.435546875,10181.1572265625,42451.921875,,9007.5888671875,27150.0,,,,
2022-11-14,12173.41796875,,26038.677734375,14615.634765625,,44165.43359375,77284.3671875,,7655.88671875,9242.423828125,6002.5478515625,8319.3134765625,,,,80182.921875,5078.669921875,21776.80078125,11166.3984375,,10160.8203125,10078.833984375,42227.0078125,,8956.1181640625,27500.0,,,,
2022-11-15,11453.8076171875,,24225.3984375,14309.8681640625,,41108.78515625,75722.3828125,,7341.26123046875,9469.697265625,5582.9521484375,7744.62353515625,,,,76687.78125,4726.57763671875,21447.404296875,10892.1357421875,,9474.2783203125,10181.1572265625,42170.78125,,8750.2294921875,28500.0,,,,
2022-11-16,12233.38671875,,25893.615234375,15166.0146484375,,43229.7265625,79457.5546875,,7813.19970703125,10113.63671875,5973.4091796875,8264.580078125,,,,74343.9765625,5057.3310546875,21813.400390625,11636.5634765625,,10115.0498046875,10667.1923828125,42227.0078125,,9264.94921875,30200.0,,,,
2022-11-17,12623.1748046875,,25857.349609375,15288.3212890625,,44290.19140625,81291.203125,,8022.94970703125,10795.4541015625,6386.8857421875,8592.974609375,,,,75248.59375,5334.7373046875,22106.197265625,12380.9892578125,,10504.08984375,10667.1923828125,43014.1953125,,9496.5732421875,32300.0,,,,
2022-11-18,12683.142578125,,26074.943359375,15104.861328125,,44602.09375,77623.921875,,7865.63671875,11439.3935546875,6701.8740234375,8592.974609375,,,,73686.0625,5388.0849609375,21959.798828125,12733.61328125,,10389.6669921875,10539.2880859375,43014.1953125,,9470.8369140625,32800.0,,,,
2022-11-21,12353.3203125,,25748.5546875,14737.94140625,,43728.76953125,75586.5625,,7760.76171875,11325.7578125,6534.3271484375,8592.974609375,,,,75084.125,5548.12744140625,21813.400390625,12616.072265625,,10183.7041015625,10539.2880859375,42170.78125,,9522.3076171875,32000.0,,,,
2022-11-22,12203.40234375,,26437.599609375,14615.634765625,,43978.2890625,74160.390625,,7682.10595703125,11212.12109375,6675.06640625,8647.70703125,,,,74508.453125,5548.12744140625,21813.400390625,12811.9736328125,,10000.6259765625,10564.869140625,41327.3671875,,9367.8935546875,30500.0,,,,
2022-11-23,12383.3046875,,27126.64453125,14921.4013671875,,43978.2890625,73481.28125,,7682.10595703125,10454.5458984375,6581.240234375,8592.974609375,,,,74837.40625,5527.58837890625,21703.6015625,12380.9892578125,,10069.28125,10232.318359375,41327.3671875,,9213.4775390625,29850.0,,,,
2022-11-24,12593.19140625,,27561.830078125,15043.7080078125,,43978.2890625,71851.3671875,,7760.76171875,10871.2119140625,6695.171875,8592.974609375,,,,74220.6171875,5441.69873046875,21630.40234375,12537.7109375,,10137.9345703125,10232.318359375,41046.2265625,,9187.7412109375,30500.0,,,,
2022-11-25,12893.029296875,,29012.455078125,15777.5478515625,,44914.0,71172.2421875,,7839.4189453125,11590.9091796875,7137.49560546875,8866.63671875,,,,74015.0234375,5705.501953125,21813.400390625,13399.6787109375,,10526.974609375,10385.8037109375,41102.453125,,9419.365234375,32500.0,,,,
2022-11-28,13342.7861328125,,28649.798828125,16694.845703125,,46348.75390625,76129.859375,,8101.6064453125,12386.36328125,7606.626953125,9413.958984375,,,,72822.5546875,6104.27294921875,21996.3984375,14300.826171875,,11259.287109375,10743.9345703125,43126.65234375,,9805.404296875,32500.0,,,,
2022-11-29,13282.8193359375,,29737.765625,16756.0,,46348.75390625,76061.9453125,,8101.6064453125,13181.818359375,7673.6455078125,9413.958984375,,,,72370.2421875,6226.97216796875,22032.998046875,14849.3515625,,11533.9033203125,10999.7431640625,44869.7109375,,9753.9326171875,34700.0,,,,
2022-11-30,13252.8349609375,,29810.296875,16664.26953125,,46535.890625,74839.5234375,,8154.0439453125,13939.3935546875,7673.6455078125,9523.423828125,,,,74015.0234375,6196.2978515625,22069.59765625,15084.4345703125,,11854.2890625,11255.55078125,45544.4453125,,10423.068359375,34800.0,,,,
2022-12-01,13492.705078125,,28287.142578125,15991.583984375,,46598.26953125,72326.7578125,,8363.794921875,13787.87890625,7640.13671875,9742.3525390625,,,,72123.5234375,6533.71923828125,22179.396484375,14261.6474609375,,12540.8310546875,11153.2275390625,44982.16796875,,10294.3876953125,33000.0,,,,
2022-12-02,14092.380859375,,29882.828125,17092.34375,,48282.55078125,75518.6328125,,8652.2001953125,14734.8486328125,8142.77734375,10289.6767578125,,,,72781.421875,6871.1416015625,22289.197265625,15241.154296875,,13181.603515625,11664.84375,47793.55078125,,11014.9951171875,34400.0,,,,
2022-12-05,14152.3486328125,,29919.09375,17489.83984375,,48843.9765625,76876.8984375,,8888.169921875,15151.515625,8712.4365234375,10399.140625,,,,73891.6640625,6901.81640625,22472.1953125,16299.025390625,,13273.142578125,11843.9091796875,47793.55078125,,11272.35546875,34050.0,,,,
2022-12-06,13372.7705078125,,28359.673828125,16511.38671875,,47409.22265625,74364.140625,,8599.763671875,14090.9091796875,8745.9453125,9687.62109375,,,,73398.21875,6441.6953125,22362.396484375,15319.5166015625,,12380.6376953125,11050.904296875,44982.16796875,,10500.2763671875,33300.0,,,,
2022-12-07,13372.7705078125,,28287.142578125,16725.421875,,47721.125,72530.5,,8337.5751953125,13825.7578125,8611.908203125,9468.69140625,,,,73603.8203125,6411.021484375,22398.99609375,15084.4345703125,,12083.13671875,10718.353515625,44138.75390625,,10526.01171875,35600.0,,,,
2022-12-08,13582.65625,,28287.142578125,17000.61328125,,48033.02734375,71987.1953125,,8652.2001953125,14318.181640625,9148.0576171875,9906.55078125,,,,73192.625,6625.744140625,22581.994140625,16103.1220703125,,12906.9873046875,11255.55078125,43295.3359375,,10783.37109375,34950.0,,,,
2022-12-09,13822.5263671875,,28432.205078125,17153.49609375,,48656.83203125,71987.1953125,,8809.513671875,14545.4541015625,9181.5673828125,9961.2822265625,,,,73192.625,6503.04541015625,22508.794921875,15868.0400390625,,12929.8720703125,11511.359375,43464.01953125,,10783.37109375,33900.0,,,,
2022-12-12,13492.705078125,,27634.36328125,16786.576171875,,48033.02734375,71308.0703125,,8494.888671875,14090.9091796875,8947.001953125,9687.62109375,,,,73315.9921875,6441.6953125,22545.39453125,15006.072265625,,12449.2919921875,11716.005859375,43520.25,,10474.5390625,31550.0,,,,
2022-12-13,13822.5263671875,,28069.548828125,17214.650390625,,48157.7890625,71715.546875,,8625.982421875,14393.939453125,8980.51171875,9851.8173828125,,,,73192.625,6687.09326171875,22691.79296875,15985.58203125,,13181.603515625,11767.166015625,43970.0703125,,10680.4267578125,30800.0,,,,
2022-12-14,13882.4951171875,,28142.080078125,17061.765625,,47596.359375,73005.890625,,8625.982421875,14545.4541015625,8846.4736328125,9933.916015625,,,,73603.8203125,6595.0693359375,22691.79296875,15750.5,,13181.603515625,11664.84375,44307.4375,,10603.2197265625,30400.0,,,,
2022-12-15,13912.478515625,,28287.142578125,17275.8046875,,48469.6953125,72190.9375,,8783.294921875,14659.0908203125,8846.4736328125,10371.7744140625,,,,73603.8203125,6687.09326171875,22764.9921875,15868.0400390625,,13501.990234375,11767.166015625,44701.02734375,,10809.1083984375,30300.0,,,,
2022-12-16,13792.54296875,,28214.611328125,17153.49609375,,48594.44921875,72258.8515625,,9071.701171875,15454.5458984375,8846.4736328125,10289.6767578125,,,,72822.5546875,6656.41845703125,22838.19140625,16063.9423828125,,13341.796875,11767.166015625,44813.484375,,10706.1630859375,29200.0,,,,
2022-12-19,13642.6240234375,,28142.080078125,16847.73046875,,47783.50390625,71443.8984375,,9097.9208984375,15151.515625,8812.96484375,10043.380859375,,,,71959.0390625,6687.09326171875,22911.390625,16063.9423828125,,13387.56640625,11511.359375,44532.34375,,10680.4267578125,28250.0,,,,
2022-12-20,13522.689453125,,27924.48828125,17122.919921875,,47783.50390625,71172.2421875,,8730.857421875,14393.939453125,8343.8330078125,9632.888671875,,,,71136.6484375,6472.3701171875,22911.390625,15515.41796875,,12678.1396484375,11255.55078125,44419.890625,,10139.97265625,27950.0,,,,
2022-12-21,13672.607421875,,27997.01953125,16817.15234375,,48157.7890625,70289.3828125,,8809.513671875,14318.181640625,8477.8701171875,9687.62109375,,,,71959.0390625,6411.021484375,22984.58984375,15123.6142578125,,12678.1396484375,11050.904296875,44251.20703125,,10139.97265625,27450.0,,,,
2022-12-22,13732.5751953125,,28287.142578125,16878.306640625,,48157.7890625,68727.3984375,,8835.732421875,14318.181640625,8846.4736328125,9851.8173828125,,,,72082.3984375,6441.6953125,23204.1875,14966.892578125,,12678.1396484375,11434.6162109375,44588.57421875,,10268.65234375,27500.0,,,,
2022-12-23,13732.5751953125,,28287.142578125,16908.8828125,,48656.83203125,68931.1328125,,8914.388671875,13901.515625,8712.4365234375,9714.9873046875,,,,71959.0390625,6349.67138671875,23240.787109375,14340.0068359375,,12632.3701171875,11255.55078125,44476.1171875,,10114.2353515625,27550.0,,,,
2022-12-26,13252.8349609375,,28142.080078125,15930.4306640625,,47658.74609375,69678.1796875,,8521.1064453125,12954.5458984375,8109.267578125,9195.029296875,,,,71136.6484375,5907.955078125,23167.587890625,13360.498046875,,11762.7509765625,10743.9345703125,44363.66015625,,9445.1005859375,26450.0,,,,
2022-12-27,13252.8349609375,,29012.455078125,16266.7734375,,47721.125,70017.734375,,8573.544921875,13825.7578125,8377.3427734375,9441.3251953125,,,,70519.859375,6257.64697265625,23423.78515625,14261.6474609375,,12037.3671875,10769.515625,44476.1171875,,9779.6689453125,26700.0,,,,
2022-12-28,13192.8681640625,,30390.544921875,16603.1171875,,47845.88671875,69949.8203125,,8494.888671875,13787.87890625,8947.001953125,9550.7900390625,,,,72575.828125,6196.2978515625,23643.384765625,14222.4658203125,,11968.712890625,10948.5810546875,44982.16796875,,9779.6689453125,26750.0,,,,
2022-12-29,13192.8681640625,,29012.455078125,16511.38671875,,47533.984375,69678.1796875,,8337.5751953125,13636.36328125,8779.455078125,9523.423828125,,,,71095.53125,6073.59912109375,23753.18359375,13791.482421875,,11877.173828125,10948.5810546875,45375.76171875,,9728.1962890625,26800.0,,,,
2022-12-30,13132.8994140625,,27997.01953125,16664.26953125,,47970.64453125,68931.1328125,,8363.794921875,13636.36328125,8779.455078125,9359.2265625,,,,68628.3671875,6104.27294921875,24082.580078125,13869.8427734375,,11831.4052734375,10769.515625,44982.16796875,,9779.6689453125,26900.0,,,,
2023-01-03,13612.640625,,29882.828125,17122.919921875,,49904.44140625,71308.0703125,,8652.2001953125,14583.3330078125,9148.0576171875,9851.8173828125,,,,69491.8828125,6380.34619140625,24375.376953125,14810.1708984375,,12563.7158203125,11204.3896484375,46444.08984375,,10242.916015625,28400.0,,,,
2023-01-04,13582.65625,,29592.705078125,17428.685546875,,49904.44140625,71308.0703125,,8573.544921875,14696.9697265625,9047.529296875,9824.451171875,,,,70519.859375,6318.99609375,24521.775390625,14888.5322265625,,12495.0615234375,11255.55078125,46556.54296875,,10242.916015625,28000.0,,,,
2023-01-05,13702.591796875,,29556.4375,17428.685546875,,50278.7265625,72394.671875,,8599.763671875,15000.0,9081.0390625,9961.2822265625,,,,71630.0859375,6349.67138671875,24631.57421875,15123.6142578125,,12655.2548828125,11536.9404296875,47231.27734375,,10345.8603515625,28100.0,,,,
2023-01-06,13882.4951171875,,30209.21875,17489.83984375,,50091.5859375,71104.3359375,,8625.982421875,14696.9697265625,9684.2080078125,9988.6484375,,,,74302.859375,6472.3701171875,24704.7734375,14810.1708984375,,12678.1396484375,11511.359375,47231.27734375,,10603.2197265625,28050.0,,,,
2023-01-09,13852.5107421875,,29737.765625,17795.60546875,,50091.5859375,70968.5078125,,8783.294921875,14848.484375,9550.1708984375,9988.6484375,,,,73850.546875,6441.6953125,24704.7734375,14888.5322265625,,12701.0244140625,11511.359375,48861.87890625,,10886.3154296875,27500.0,,,,
2023-01-10,14062.3974609375,,29955.359375,17459.263671875,,50153.96875,71036.421875,,8783.294921875,15000.0,9684.2080078125,9961.2822265625,,,,72411.3515625,6441.6953125,24668.173828125,14810.1708984375,,12563.7158203125,11511.359375,49086.79296875,,10886.3154296875,27250.0,,,,
2023-01-11,14512.1533203125,,29919.09375,17795.60546875,,50465.87109375,70764.7734375,,8757.076171875,15303.0302734375,9684.2080078125,9988.6484375,,,,74426.2109375,6472.3701171875,24741.373046875,15123.6142578125,,12655.2548828125,11485.7783203125,47849.78125,,10912.0517578125,27550.0,,,,
2023-01-12,14692.056640625,,30064.154296875,17673.298828125,,50341.10546875,71308.0703125,,8704.638671875,15189.3935546875,9717.716796875,9988.6484375,,,,73932.7890625,6441.6953125,24704.7734375,15123.6142578125,,12746.7939453125,11460.197265625,47681.09375,,11220.8828125,27500.0,,,,
2023-01-13,14482.169921875,,30318.013671875,17795.60546875,,49904.44140625,70968.5078125,,8730.857421875,15113.63671875,9818.2451171875,9988.6484375,,,,76441.0546875,6564.39453125,24704.7734375,15045.2529296875,,12723.9091796875,11460.197265625,48243.375,,11349.5625,27500.0,,,,
2023-01-16,14991.8955078125,,32421.419921875,18345.984375,,50403.48828125,69949.8203125,,8861.951171875,15340.9091796875,9818.2451171875,10125.4794921875,,,,77510.171875,6564.39453125,24777.974609375,15201.974609375,,12861.2177734375,11255.55078125,49086.79296875,,11478.2431640625,27400.0,,,,
2023-01-17,15171.796875,,32602.74609375,18712.904296875,,51152.0546875,70764.7734375,,9045.482421875,16401.515625,9985.7919921875,10618.0703125,,,,76893.3828125,6809.79248046875,24777.974609375,15985.58203125,,13273.142578125,11767.166015625,50267.5703125,,11787.07421875,27600.0,,,,
2023-01-18,15291.7333984375,,32711.54296875,18804.63671875,,52025.3828125,70832.6796875,,9150.357421875,16439.39453125,10019.3017578125,10700.1689453125,,,,76893.3828125,6809.79248046875,24814.57421875,16103.1220703125,,13318.912109375,12074.1357421875,50604.9375,,11787.07421875,28350.0,,,,
2023-01-19,15591.5703125,,33328.0546875,19018.671875,,52337.2890625,70968.5078125,,9176.576171875,16022.7275390625,10019.3017578125,10727.53515625,,,,76358.8203125,6840.46728515625,24851.173828125,16612.466796875,,13318.912109375,12278.7822265625,52291.76953125,,11787.07421875,28700.0,,,,
2023-01-27,15801.4560546875,,32312.62109375,18560.021484375,,52399.6640625,73481.28125,,9281.451171875,16287.87890625,10052.8115234375,10782.2666015625,,,,79401.65625,6871.1416015625,24924.373046875,16416.56640625,,13296.02734375,12534.5908203125,52291.76953125,,12018.697265625,29600.0,,,,
2023-01-30,15231.7646484375,,32276.35546875,18193.103515625,,52212.5234375,72394.671875,,9569.8583984375,16477.2734375,9717.716796875,10535.9716796875,,,,78126.9609375,6687.09326171875,24777.974609375,16455.74609375,,13135.833984375,12227.62109375,50548.7109375,,11864.283203125,28850.0,,,,
2023-01-31,15621.5556640625,,32711.54296875,18651.751953125,,52087.76171875,72190.9375,,9779.609375,16742.423828125,9918.7734375,10700.1689453125,,,,77715.7734375,6748.44287109375,24741.373046875,16925.91015625,,13456.2197265625,12790.3984375,51673.265625,,12121.6416015625,28550.0,,,,
2023-02-01,15111.8291015625,,31043.326171875,17734.453125,,51152.0546875,72394.671875,,9963.140625,15984.8486328125,9248.5859375,10344.4091796875,,,,76893.3828125,6503.04541015625,24558.375,15789.6796875,,12906.9873046875,12125.2978515625,50098.890625,,12147.3779296875,27600.0,,,,
2023-02-02,14991.8955078125,,31297.185546875,17856.759765625,,51089.67578125,72666.3125,,9622.296875,16136.36328125,9148.0576171875,10371.7744140625,,,,77098.9765625,6411.021484375,24485.17578125,15789.6796875,,12815.4482421875,12227.62109375,50942.3046875,,12147.3779296875,27900.0,,,,
2023-02-03,14692.056640625,,31442.248046875,17765.029296875,,49966.8203125,71443.8984375,,9727.171875,15984.8486328125,9315.6044921875,10180.2119140625,,,,79278.3125,6411.021484375,23277.38671875,15476.23828125,,12403.5234375,12278.7822265625,52291.76953125,,12507.6826171875,28000.0,,,,
2023-02-06,14931.927734375,,32639.009765625,18284.83203125,,50216.34765625,71987.1953125,,9700.9521484375,16022.7275390625,9315.6044921875,10234.9443359375,,,,80347.421875,6411.021484375,23313.986328125,15672.138671875,,12792.5625,12329.9443359375,53978.6015625,,12173.1142578125,28000.0,,,,
2023-02-07,14752.0244140625,,31768.638671875,17856.759765625,,50341.10546875,72190.9375,,9438.7646484375,14962.12109375,9081.0390625,10043.380859375,,,,78620.390625,6226.97216796875,23387.185546875,14927.712890625,,12540.8310546875,12483.4287109375,51729.4921875,,11864.283203125,27500.0,,,,
2023-02-08,14782.0078125,,32276.35546875,18284.83203125,,50653.01171875,72870.0546875,,9596.0771484375,15795.4541015625,9315.6044921875,10070.7470703125,,,,81087.5625,6226.97216796875,23423.78515625,15280.3359375,,12746.7939453125,12585.751953125,52966.5,,11941.4892578125,27200.0,,,,
2023-02-09,14692.056640625,,31913.69921875,17979.064453125,,50341.10546875,73413.359375,,9543.6396484375,15606.060546875,9315.6044921875,10098.11328125,,,,79689.4921875,6226.97216796875,23423.78515625,15162.7939453125,,12495.0615234375,12406.6875,52291.76953125,,11323.8271484375,27100.0,,,,
2023-02-10,14512.1533203125,,31152.123046875,17795.60546875,,50341.10546875,72055.1015625,,9517.421875,15530.302734375,9416.1328125,10016.0146484375,,,,77880.25,6196.2978515625,23387.185546875,14888.5322265625,,12334.869140625,12048.5556640625,53135.1875,,10809.1083984375,27000.0,,,,
2023-02-13,14332.251953125,,32203.82421875,17826.18359375,,50341.10546875,71919.28125,,9464.9833984375,15303.0302734375,9282.095703125,9851.8173828125,,,,78908.234375,6012.2490234375,23240.787109375,14496.7294921875,,12174.67578125,11767.166015625,52572.91015625,,10397.33203125,26700.0,,,,
2023-02-14,14302.267578125,,31478.51171875,17550.994140625,,50403.48828125,71715.546875,,9255.2333984375,15606.060546875,9181.5673828125,9769.7197265625,,,,77304.578125,6036.78955078125,23204.1875,14810.1708984375,,12289.0986328125,12022.974609375,52010.62890625,,10551.748046875,26450.0,,,,
2023-02-15,14722.0400390625,,31913.69921875,17673.298828125,,50902.53125,72734.234375,,9333.8896484375,15757.576171875,9215.076171875,9851.8173828125,,,,77715.7734375,6128.8134765625,23313.986328125,14966.892578125,,12540.8310546875,12176.458984375,52291.76953125,,10654.6923828125,26450.0,,,,
2023-02-16,14871.958984375,,32639.009765625,18162.525390625,,50902.53125,73277.53125,,9700.9521484375,16136.36328125,9382.6240234375,9988.6484375,,,,78003.59375,6196.2978515625,23387.185546875,15280.3359375,,12769.6787109375,12278.7822265625,51954.40234375,,10757.634765625,26700.0,,,,
2023-02-17,14871.958984375,,33219.26171875,18131.94921875,,50902.53125,72802.140625,,9674.7333984375,15909.0908203125,9717.716796875,9906.55078125,,,,76934.5,6196.2978515625,23387.185546875,15241.154296875,,12723.9091796875,12202.041015625,52291.76953125,,11066.4677734375,26750.0,,,,
2023-02-20,15471.6337890625,,34234.6953125,18621.173828125,,51651.09765625,74024.5703125,,9858.265625,16590.908203125,10052.8115234375,10344.4091796875,,,,78209.1953125,6441.6953125,23643.384765625,16259.84375,,13090.064453125,12585.751953125,52741.58984375,,11323.8271484375,27050.0,,,,
2023-02-21,15291.7333984375,,33545.65234375,18254.25390625,,51651.09765625,73549.1875,,9963.140625,16363.63671875,9851.7548828125,10180.2119140625,,,,78332.5625,6349.67138671875,23606.78515625,16024.7607421875,,12998.5263671875,12688.076171875,52966.5,,11220.8828125,27150.0,,,,
2023-02-22,14901.943359375,,32639.009765625,17673.298828125,,51027.29296875,72666.3125,,9700.9521484375,16060.6064453125,9449.642578125,9988.6484375,,,,76893.3828125,6196.2978515625,23350.5859375,15123.6142578125,,12586.6005859375,12048.5556640625,52291.76953125,,10809.1083984375,26500.0,,,,
2023-02-23,15231.7646484375,,33037.9296875,17734.453125,,50777.76953125,71851.3671875,,9464.9833984375,16287.87890625,9483.15234375,9933.916015625,,,,76934.5,6196.2978515625,23277.38671875,15437.0556640625,,12792.5625,12278.7822265625,52460.453125,,11066.4677734375,26500.0,,,,
2023-02-24,14752.0244140625,,32348.88671875,17275.8046875,,50403.48828125,72326.7578125,,9176.576171875,15757.576171875,9449.642578125,9687.62109375,,,,77715.7734375,6110.408203125,23130.98828125,14888.5322265625,,12472.1767578125,12022.974609375,52572.91015625,,10809.1083984375,26450.0,,,,
2023-02-27,14542.1376953125,,32095.02734375,16847.73046875,,50091.5859375,70628.953125,,8861.951171875,15227.2724609375,9248.5859375,9441.3251953125,,,,76194.34375,6006.1142578125,23057.7890625,14300.826171875,,12357.7529296875,11895.0712890625,52179.3125,,10577.482421875,26250.0,,,,
2023-02-28,14632.08984375,,31986.23046875,16756.0,,50216.34765625,70289.3828125,,8940.607421875,15151.515625,9349.1142578125,9441.3251953125,,,,77304.578125,6006.1142578125,23240.787109375,14300.826171875,,12128.90625,11920.6513671875,52572.91015625,,10577.482421875,26300.0,,,,
2023-03-01,15081.845703125,,33110.46484375,17275.8046875,,50216.34765625,71375.9921875,,9281.451171875,15833.3330078125,9583.6806640625,9660.2548828125,,,,79154.953125,6134.9482421875,23460.384765625,14849.3515625,,12495.0615234375,12278.7822265625,52291.76953125,,10860.5791015625,26350.0,,,,
2023-03-02,15021.87890625,,33654.44921875,17000.61328125,,49904.44140625,71308.0703125,,9438.7646484375,15606.060546875,9650.6982421875,9523.423828125,,,,77345.703125,6073.59912109375,23423.78515625,14614.26953125,,12449.2919921875,12176.458984375,52404.2265625,,10809.1083984375,26400.0,,,,
2023-03-03,14692.056640625,,33291.79296875,17000.61328125,,48968.73046875,70968.5078125,,9333.8896484375,15416.6669921875,9483.15234375,9386.59375,,,,76893.3828125,5999.97900390625,23387.185546875,14457.548828125,,12266.21484375,11971.8125,51110.98828125,,10628.9560546875,26350.0,,,,
2023-03-06,14572.1220703125,,33219.26171875,17336.955078125,,48781.59375,70425.21875,,9438.7646484375,15454.5458984375,9550.1708984375,9468.69140625,,,,76070.984375,6085.86865234375,23533.5859375,14692.630859375,,12449.2919921875,11997.39453125,51167.21484375,,10603.2197265625,26300.0,,,,
2023-03-07,14692.056640625,,34017.1015625,17734.453125,,49155.875,70968.5078125,,9700.9521484375,15984.8486328125,9617.189453125,9523.423828125,,,,76852.2578125,6116.54345703125,23716.583984375,15201.974609375,,12403.5234375,12022.974609375,51673.265625,,10603.2197265625,26350.0,,,,
2023-03-08,14991.8955078125,,34814.9453125,17979.064453125,,49592.53515625,71919.28125,,9753.390625,16060.6064453125,9818.2451171875,9632.888671875,,,,76687.78125,6165.623046875,23789.783203125,15515.41796875,,12495.0615234375,12253.2021484375,51841.9453125,,10654.6923828125,26500.0,,,,
2023-03-09,15201.7822265625,,34561.0859375,17979.064453125,,50278.7265625,72530.5,,9700.9521484375,16060.6064453125,9918.7734375,9742.3525390625,,,,76687.78125,6318.99609375,23862.982421875,15515.41796875,,12723.9091796875,12534.5908203125,52291.76953125,,10912.0517578125,26500.0,,,,
2023-03-10,14931.927734375,,34198.4296875,17856.759765625,,49592.53515625,72666.3125,,9700.9521484375,16136.36328125,9885.263671875,9714.9873046875,,,,76317.7109375,6196.2978515625,23716.583984375,15515.41796875,,12426.408203125,12278.7822265625,51785.72265625,,10783.37109375,26550.0,,,,
2023-03-13,14692.056640625,,33545.65234375,17917.912109375,,49218.2578125,73413.359375,,9674.7333984375,15984.8486328125,9885.263671875,9578.15625,,,,76893.3828125,6098.13818359375,23716.583984375,15397.8759765625,,12243.330078125,12432.2666015625,51448.35546875,,10654.6923828125,26650.0,,,,
2023-03-14,14422.2021484375,,32675.279296875,17734.453125,,49093.49609375,73141.7109375,,9464.9833984375,15378.7880859375,9818.2451171875,9413.958984375,,,,78126.9609375,6122.67822265625,23643.384765625,14927.712890625,,12037.3671875,12381.10546875,51167.21484375,,10423.068359375,26500.0,,,,
2023-03-15,14871.958984375,,33944.5703125,18040.21875,,50216.34765625,72666.3125,,9700.9521484375,16136.36328125,10052.8115234375,9742.3525390625,,,,77921.359375,6288.322265625,23826.3828125,15946.40234375,,12449.2919921875,12611.3330078125,51392.125,,11014.9951171875,27000.0,,,,
2023-03-16,14632.08984375,,33545.65234375,17703.875,,49405.3984375,71036.421875,,9360.1083984375,15795.4541015625,9952.283203125,9550.7900390625,,,,78538.1640625,6196.2978515625,23570.185546875,15789.6796875,,12243.330078125,12611.3330078125,51167.21484375,,10757.634765625,26650.0,,,,
2023-03-17,14602.10546875,,33581.9140625,17734.453125,,49280.640625,70425.21875,,9700.9521484375,15454.5458984375,9985.7919921875,9550.7900390625,,,,78949.3515625,6288.322265625,23606.78515625,15907.220703125,,12197.5595703125,12943.8837890625,50042.6640625,,10783.37109375,26600.0,,,,
2023-03-20,14392.21875,,32892.87109375,17122.919921875,,48407.30859375,69949.8203125,,9333.8896484375,15151.515625,9684.2080078125,9468.69140625,,,,77715.7734375,6134.9482421875,23496.984375,15280.3359375,,12014.4833984375,11050.904296875,47849.78125,,10577.482421875,26400.0,,,,
2023-03-21,14512.1533203125,,32892.87109375,17306.37890625,,48719.21875,70085.6484375,,9124.1396484375,15492.423828125,9851.7548828125,9496.0576171875,,,,76482.1796875,6226.97216796875,23533.5859375,15672.138671875,,12060.251953125,11050.904296875,48636.96875,,10680.4267578125,26400.0,,,,
2023-03-22,14482.169921875,,33436.8515625,17428.685546875,,48968.73046875,69881.90625,,9255.2333984375,15378.7880859375,9918.7734375,9523.423828125,,,,77098.9765625,6257.64697265625,23533.5859375,15554.59765625,,11991.59765625,11153.2275390625,50042.6640625,,10654.6923828125,26400.0,,,,
2023-03-23,14692.056640625,,33291.79296875,17550.994140625,,48656.83203125,69610.265625,,9255.2333984375,15454.5458984375,10019.3017578125,9523.423828125,,,,77304.578125,6441.6953125,23533.5859375,15946.40234375,,11991.59765625,11281.130859375,50998.53125,,10628.9560546875,26400.0,,,,
2023-03-24,14722.0400390625,,33037.9296875,17428.685546875,,49031.11328125,69542.359375,,9464.9833984375,15454.5458984375,10387.904296875,9714.9873046875,,,,77222.3359375,6441.6953125,23204.1875,16024.7607421875,,12106.0205078125,11255.55078125,50042.6640625,,10783.37109375,26650.0,,,,
2023-03-27,14662.0732421875,,33364.32421875,17581.5703125,,49343.01953125,69270.6953125,,9543.6396484375,15757.576171875,10354.3955078125,9824.451171875,,,,76482.1796875,6533.71923828125,23204.1875,16455.74609375,,12128.90625,11204.3896484375,51167.21484375,,10860.5791015625,26650.0,,,,
2023-03-28,14662.0732421875,,33364.32421875,17673.298828125,,49405.3984375,70425.21875,,9517.421875,15681.818359375,10253.8671875,9851.8173828125,,,,76482.1796875,6656.41845703125,23057.7890625,16299.025390625,,12609.486328125,11178.80859375,51617.0390625,,10886.3154296875,26700.0,,,,
2023-03-29,14632.08984375,,33509.38671875,17734.453125,,49280.640625,69814.0,,9491.2021484375,15757.576171875,10287.3759765625,10016.0146484375,,,,76235.4609375,6625.744140625,22984.58984375,16494.92578125,,12815.4482421875,11204.3896484375,51898.17578125,,10937.7880859375,26750.0,,,,
2023-03-30,14752.0244140625,,33509.38671875,17734.453125,,49343.01953125,69542.359375,,9805.8271484375,15757.576171875,10287.3759765625,9988.6484375,,,,76070.984375,6503.04541015625,23021.189453125,16416.56640625,,12678.1396484375,11332.29296875,52123.0859375,,10989.2587890625,26850.0,,,,
2023-03-31,14991.8955078125,,33509.38671875,17856.759765625,,49343.01953125,69270.6953125,,10094.234375,15757.576171875,10320.8857421875,9988.6484375,,,,75947.6328125,6595.0693359375,23021.189453125,16847.548828125,,12975.640625,11357.8740234375,51392.125,,11014.9951171875,27500.0,,,,
2023-04-03,15141.8134765625,,33291.79296875,18315.408203125,,50465.87109375,69610.265625,,10146.671875,15909.0908203125,10387.904296875,10234.9443359375,,,,74426.2109375,6871.1416015625,23130.98828125,17239.353515625,,13410.451171875,11639.2626953125,52179.3125,,11169.41015625,29000.0,,,,
2023-04-04,15081.845703125,,33364.32421875,18131.94921875,,50216.34765625,69202.78125,,10041.796875,15984.8486328125,10555.4521484375,10262.3095703125,,,,73192.625,7055.1904296875,23057.7890625,17631.15625,,13501.990234375,11562.51953125,51729.4921875,,11375.2978515625,28400.0,,,,
2023-04-05,15171.796875,,33001.66796875,18345.984375,,50278.7265625,69202.78125,,10330.203125,16287.87890625,10421.4140625,10289.6767578125,,,,72575.828125,7085.865234375,23094.388671875,17631.15625,,13501.990234375,11613.681640625,51785.72265625,,11298.0908203125,27750.0,,,,
2023-04-06,14931.927734375,,33364.32421875,18070.794921875,,50091.5859375,68931.1328125,,10303.984375,16287.87890625,10086.3203125,10125.4794921875,,,,72740.3125,6963.166015625,22947.990234375,17121.8125,,13547.7587890625,11818.328125,51279.671875,,10809.1083984375,27250.0,,,,
2023-04-07,15021.87890625,,33110.46484375,18040.21875,,50216.34765625,68727.3984375,,10199.109375,16060.6064453125,9918.7734375,10180.2119140625,,,,72781.421875,7116.53955078125,22911.390625,17631.15625,,13524.875,11818.328125,50604.9375,,10757.634765625,27200.0,,,,
2023-04-10,14991.8955078125,,32421.419921875,17948.48828125,,50091.5859375,67572.890625,,10330.203125,15681.818359375,9784.736328125,10180.2119140625,,,,72616.953125,7361.93798828125,22911.390625,17552.794921875,,13822.3759765625,11818.328125,50042.6640625,,10757.634765625,26900.0,,,,
2023-04-11,14961.91015625,,32203.82421875,18101.373046875,,50091.5859375,67844.5390625,,10251.546875,15757.576171875,9952.283203125,10262.3095703125,,,,71959.0390625,7208.56396484375,22947.990234375,17709.517578125,,13913.9150390625,11818.328125,49592.83984375,,10860.5791015625,26800.0,,,,
2023-04-12,14901.943359375,,32203.82421875,18040.21875,,50091.5859375,67776.6328125,,10303.984375,15719.697265625,9952.283203125,10234.9443359375,,,,70314.265625,7484.63671875,22947.990234375,17239.353515625,,14051.22265625,11818.328125,49649.06640625,,10963.5224609375,26550.0,,,,
2023-04-13,14961.91015625,,32602.74609375,17979.064453125,,49654.92578125,67912.4453125,,10330.203125,15492.423828125,9885.263671875,10152.845703125,,,,69697.4765625,7392.61279296875,22947.990234375,17043.451171875,,13822.3759765625,11869.490234375,49592.83984375,,10886.3154296875,26500.0,,,,
2023-04-14,14961.91015625,,32240.08984375,17795.60546875,,49654.92578125,66622.109375,,10225.328125,15643.939453125,9918.7734375,10016.0146484375,,,,68669.4921875,7269.91357421875,22911.390625,16612.466796875,,13227.373046875,11869.490234375,49705.29296875,,10706.1630859375,26450.0,,,,
2023-04-17,14991.8955078125,,32639.009765625,17856.759765625,,49654.92578125,66010.8984375,,10120.453125,15795.4541015625,9583.6806640625,9988.6484375,,,,67435.90625,7239.23876953125,22947.990234375,16730.0078125,,13479.1044921875,11767.166015625,49705.29296875,,10628.9560546875,26450.0,,,,
2023-04-18,14841.9755859375,,32348.88671875,17795.60546875,,49530.16015625,65739.25,,10146.671875,15871.2119140625,9382.6240234375,9933.916015625,,,,68176.046875,7055.1904296875,22874.791015625,17043.451171875,,13341.796875,11664.84375,49480.3828125,,10628.9560546875,26400.0,,,,
2023-04-19,14632.08984375,,32203.82421875,17550.994140625,,49467.78125,64924.3046875,,9989.359375,15757.576171875,9181.5673828125,9906.55078125,,,,70067.5546875,6963.166015625,22801.591796875,16690.828125,,13273.142578125,11434.6162109375,49761.5234375,,10526.01171875,26300.0,,,,
2023-04-20,14542.1376953125,,32348.88671875,17581.5703125,,49530.16015625,65195.953125,,10068.015625,15757.576171875,9282.095703125,9933.916015625,,,,70108.671875,6963.166015625,22838.19140625,16534.107421875,,13204.48828125,11460.197265625,49649.06640625,,10500.2763671875,26300.0,,,,
2023-04-21,14542.1376953125,,32058.76171875,17489.83984375,,49467.78125,64788.48046875,,9858.265625,15681.818359375,9148.0576171875,9879.18359375,,,,70108.671875,6809.79248046875,22764.9921875,16965.08984375,,13135.833984375,11536.9404296875,49199.24609375,,10371.5947265625,26350.0,,,,
2023-04-24,14512.1533203125,,31696.107421875,17673.298828125,,49343.01953125,63226.48828125,,9832.046875,15643.939453125,8980.51171875,9988.6484375,,,,70355.390625,6748.44287109375,22764.9921875,16847.548828125,,13501.990234375,11690.4248046875,49424.15625,,10448.8037109375,26300.0,,,,
2023-04-25,14482.169921875,,31587.310546875,17428.685546875,,48906.35546875,62479.453125,,9622.296875,15946.9697265625,8779.455078125,9988.6484375,,,,70314.265625,6687.09326171875,22581.994140625,16534.107421875,,13273.142578125,11639.2626953125,49649.06640625,,10294.3876953125,26250.0,,,,
2023-04-26,14482.169921875,,31986.23046875,17367.533203125,,48843.9765625,63430.22265625,,9910.7021484375,16666.666015625,9382.6240234375,10043.380859375,,,,70314.265625,6779.11767578125,22252.59765625,16730.0078125,,13730.8369140625,11767.166015625,50267.5703125,,10526.01171875,25950.0,,,,
2023-04-27,14482.169921875,,31841.169921875,17336.955078125,,48843.9765625,62615.28125,,9963.140625,16439.39453125,9516.6611328125,10070.7470703125,,,,71547.8515625,6779.11767578125,22398.99609375,16573.28515625,,13685.068359375,11792.748046875,50604.9375,,10423.068359375,25250.0,,,,
2023-04-28,14512.1533203125,,31551.04296875,17642.72265625,,48344.9296875,63022.75,,9858.265625,16401.515625,9382.6240234375,10098.11328125,,,,70725.4609375,6871.1416015625,23387.185546875,16886.73046875,,13501.990234375,12176.458984375,50886.078125,,10551.748046875,26050.0,,,,
2023-05-04,14811.9921875,,31732.37109375,17275.8046875,,48968.73046875,62479.453125,,9858.265625,16136.36328125,9148.0576171875,9961.2822265625,,,,68505.015625,6779.11767578125,23021.189453125,17043.451171875,,13296.02734375,12074.1357421875,49761.5234375,,10397.33203125,25650.0,,,,
2023-05-05,14782.0078125,,31514.779296875,17031.189453125,,48906.35546875,62411.5390625,,9989.359375,16250.0,9181.5673828125,9906.55078125,,,,68052.6953125,6717.7685546875,23021.189453125,16808.369140625,,13135.833984375,11946.232421875,50492.484375,,10371.5947265625,25350.0,,,,
2023-05-08,14961.91015625,,32421.419921875,17061.765625,,48968.73046875,63226.48828125,,10068.015625,16363.63671875,9148.0576171875,9988.6484375,,,,68463.890625,6871.1416015625,23094.388671875,17474.435546875,,13456.2197265625,11895.0712890625,52291.76953125,,10474.5390625,25450.0,,,,
2023-05-09,14931.927734375,,32711.54296875,17122.919921875,,49218.2578125,63905.6171875,,9989.359375,16515.15234375,9382.6240234375,10016.0146484375,,,,67888.21875,6871.1416015625,23094.388671875,17435.25390625,,13410.451171875,12048.5556640625,51898.17578125,,10423.068359375,25300.0,,,,
2023-05-10,14931.927734375,,32639.009765625,17275.8046875,,49280.640625,63294.3984375,,10041.796875,16439.39453125,9416.1328125,10125.4794921875,,,,67929.3359375,7116.53955078125,22984.58984375,17631.15625,,13410.451171875,12150.87890625,51729.4921875,,10628.9560546875,25300.0,,,,
2023-05-11,14931.927734375,,32639.009765625,17336.955078125,,49343.01953125,62615.28125,,10068.015625,16477.2734375,9282.095703125,10125.4794921875,,,,67641.5,7055.1904296875,22838.19140625,17552.794921875,,13318.912109375,12074.1357421875,51167.21484375,,10577.482421875,25250.0,,,,
2023-05-12,14991.8955078125,,32639.009765625,17367.533203125,,50216.34765625,62819.015625,,10172.890625,16931.818359375,9315.6044921875,10207.578125,,,,67394.7890625,7116.53955078125,22691.79296875,18218.861328125,,13410.451171875,12048.5556640625,52179.3125,,10551.748046875,25850.0,,,,
2023-05-15,14991.8955078125,,32566.48046875,17184.07421875,,50528.25,62615.28125,,10172.890625,16742.423828125,9282.095703125,10317.04296875,,,,67477.03125,7055.1904296875,22545.39453125,17944.599609375,,13685.068359375,12227.62109375,51560.80859375,,10731.8994140625,27200.0,,,,
2023-05-16,14991.8955078125,,32639.009765625,17092.34375,,50840.15234375,62751.10546875,,10225.328125,16666.666015625,9315.6044921875,10289.6767578125,,,,67024.71875,7116.53955078125,22215.99609375,17944.599609375,,13639.2978515625,12202.041015625,52066.859375,,10757.634765625,26450.0,,,,
2023-05-17,14931.927734375,,32493.947265625,16817.15234375,,50840.15234375,62411.5390625,,10277.7666015625,16515.15234375,9248.5859375,10098.11328125,,,,66819.1171875,7177.8896484375,21996.3984375,17591.9765625,,13387.56640625,11895.0712890625,52179.3125,,10706.1630859375,26600.0,,,,
2023-05-18,14991.8955078125,,32385.15234375,16970.037109375,,51713.48046875,63158.5703125,,10172.890625,16628.787109375,9382.6240234375,10180.2119140625,,,,66736.875,7116.53955078125,21996.3984375,17866.23828125,,13524.875,11971.8125,53416.32421875,,11040.7314453125,26600.0,,,,
2023-05-19,14961.91015625,,32203.82421875,17122.919921875,,51651.09765625,64448.9140625,,10172.890625,16515.15234375,9382.6240234375,10207.578125,,,,66078.9609375,7239.23876953125,21923.19921875,17944.599609375,,13570.6435546875,11997.39453125,52966.5,,11014.9951171875,26250.0,,,,
2023-05-22,15021.87890625,,32203.82421875,17092.34375,,51463.9609375,64313.08984375,,10199.109375,16590.908203125,9516.6611328125,10317.04296875,,,,66078.9609375,7361.93798828125,22069.59765625,17944.599609375,,13959.6845703125,12176.458984375,52347.99609375,,11117.939453125,26050.0,,,,
2023-05-23,15201.7822265625,,31804.90234375,17061.765625,,51152.0546875,63294.3984375,,10225.328125,16439.39453125,9416.1328125,10262.3095703125,,,,65379.93359375,7331.2626953125,21959.798828125,17905.41796875,,13891.0302734375,12125.2978515625,52179.3125,,10963.5224609375,26300.0,,,,
2023-05-24,15081.845703125,,31551.04296875,16970.037109375,,50715.39453125,62819.015625,,10225.328125,16136.36328125,9315.6044921875,10180.2119140625,,,,65174.33203125,7269.91357421875,21886.599609375,17787.876953125,,13639.2978515625,12022.974609375,52066.859375,,10809.1083984375,26300.0,,,,
2023-05-25,15051.8623046875,,31732.37109375,16878.306640625,,51900.625,64313.08984375,,10225.328125,16060.6064453125,9349.1142578125,10098.11328125,,,,64968.73046875,7208.56396484375,21886.599609375,17631.15625,,13639.2978515625,11971.8125,52404.2265625,,10757.634765625,26300.0,,,,
2023-05-26,14991.8955078125,,31478.51171875,17000.61328125,,51838.23828125,63633.96875,,10225.328125,15984.8486328125,9483.15234375,10098.11328125,,,,63940.75,7085.865234375,21996.3984375,17670.3359375,,13685.068359375,12099.716796875,51729.4921875,,10834.8427734375,26000.0,,,,
2023-05-29,15081.845703125,,31841.169921875,17122.919921875,,51838.23828125,63701.875,,9858.265625,16250.0,9650.6982421875,10262.3095703125,,,,63858.515625,7177.8896484375,22106.197265625,18336.40234375,,13822.3759765625,12432.2666015625,52347.99609375,,10963.5224609375,26350.0,,,,
2023-05-30,15111.8291015625,,31768.638671875,17153.49609375,,52399.6640625,63090.671875,,9858.265625,16174.2421875,9717.716796875,10262.3095703125,,,,64146.3515625,7208.56396484375,22106.197265625,18297.22265625,,13822.3759765625,12329.9443359375,53135.1875,,10963.5224609375,26200.0,,,,
2023-05-31,15231.7646484375,,31913.69921875,17122.919921875,,52462.04296875,63022.75,,9648.515625,16060.6064453125,9717.716796875,10180.2119140625,,,,64968.73046875,7208.56396484375,22215.99609375,18140.5,,13707.9521484375,12790.3984375,52854.046875,,11014.9951171875,26000.0,,,,
2023-06-01,14758.021484375,,31841.169921875,17092.34375,,52087.76171875,62479.453125,,9753.390625,16212.12109375,9851.7548828125,10289.6767578125,,,,65050.97265625,7208.56396484375,22362.396484375,18375.58203125,,13868.1455078125,13378.7568359375,52797.81640625,,11092.203125,26000.0,,,,
2023-06-02,15033.8720703125,,32421.419921875,17520.416015625,,52274.90625,62479.453125,,9989.359375,16363.63671875,10052.8115234375,10782.2666015625,,,,64968.73046875,7392.61279296875,22911.390625,18884.927734375,,14737.7646484375,13455.4990234375,53360.09765625,,11864.283203125,26000.0,,,,
2023-06-05,14999.390625,,32421.419921875,17581.5703125,,53023.46875,63837.70703125,,9989.359375,16401.515625,10253.8671875,10837.0,,,,65544.40625,7576.6611328125,23057.7890625,18884.927734375,,14600.45703125,13353.1767578125,55103.15625,,11941.4892578125,26050.0,,,,
2023-06-06,15033.8720703125,,32493.947265625,17550.994140625,,53210.61328125,64584.73828125,,10068.015625,16477.2734375,10287.3759765625,11192.7587890625,,,,65791.1171875,7668.68505859375,23094.388671875,19707.71484375,,14966.61328125,13199.69140625,55665.43359375,,12147.3779296875,26600.0,,,,
2023-06-07,15068.3525390625,,32167.560546875,17673.298828125,,53023.46875,64177.2578125,,9963.140625,17121.212890625,10052.8115234375,11138.0263671875,,,,65708.8828125,7545.986328125,23130.98828125,19668.533203125,,14920.8427734375,13429.9189453125,54540.87890625,,12147.3779296875,26400.0,,,,
2023-06-08,14895.9462890625,,31696.107421875,17459.263671875,,52150.14453125,63566.05078125,,9805.8271484375,17272.7265625,9818.2451171875,10946.46484375,,,,65708.8828125,7484.63671875,22984.58984375,19041.6484375,,14531.802734375,13097.369140625,56227.70703125,,11761.337890625,26200.0,,,,
2023-06-09,14861.46484375,,31514.779296875,17336.955078125,,52773.953125,63633.96875,,9700.9521484375,17348.484375,10153.33984375,11083.2958984375,,,,64968.73046875,7453.9619140625,22947.990234375,19786.07421875,,14829.3037109375,13281.0048828125,56508.84765625,,12044.43359375,26150.0,,,,
2023-06-12,14792.501953125,,31659.83984375,17367.533203125,,52961.08984375,63769.78515625,,9648.515625,17386.36328125,10186.8486328125,11138.0263671875,,,,66613.515625,7484.63671875,23094.388671875,19864.435546875,,14966.61328125,13102.9755859375,56789.98828125,,12095.9052734375,26700.0,,,,
2023-06-13,14895.9462890625,,32167.560546875,17306.37890625,,52649.1953125,63837.70703125,,9753.390625,17727.2734375,10019.3017578125,11110.6611328125,,,,66531.28125,7515.3115234375,23057.7890625,19864.435546875,,15012.3818359375,12924.9462890625,57633.3984375,,12044.43359375,27050.0,,,,
2023-06-14,14930.427734375,,31913.69921875,17550.994140625,,52524.42578125,64245.18359375,,9779.609375,17500.0,9952.283203125,10809.6337890625,,,,66613.515625,7699.35986328125,23057.7890625,19903.6171875,,14920.8427734375,12924.9462890625,57689.62890625,,11992.9619140625,26900.0,,,,
2023-06-15,14964.91015625,,31804.90234375,17734.453125,,52462.04296875,65603.4296875,,9779.609375,17537.87890625,9818.2451171875,10782.2666015625,,,,65379.93359375,7638.009765625,23057.7890625,20138.697265625,,14943.7275390625,12924.9462890625,58195.6796875,,11915.75390625,26750.0,,,,
2023-06-16,15033.8720703125,,31696.107421875,17428.685546875,,52711.5703125,64856.39453125,,9753.390625,17765.15234375,9885.263671875,10782.2666015625,,,,63735.1484375,7730.03466796875,23021.189453125,20452.140625,,14897.9580078125,12960.5517578125,59039.09375,,11890.0185546875,26750.0,,,,
2023-06-19,14930.427734375,,31405.98046875,17489.83984375,,52836.32421875,64652.6484375,,9622.296875,17689.39453125,9851.7548828125,10700.1689453125,,,,64475.30078125,7852.73291015625,23021.189453125,20687.22265625,,14691.99609375,13031.763671875,57183.58203125,,11890.0185546875,26050.0,,,,
2023-06-20,14930.427734375,,31551.04296875,17856.759765625,,53335.375,65535.51171875,,9805.8271484375,17916.666015625,9952.283203125,10754.9013671875,,,,63858.515625,7791.3837890625,23057.7890625,20138.697265625,,14714.880859375,12996.158203125,56171.48046875,,11992.9619140625,26000.0,,,,
2023-06-21,14964.91015625,,31478.51171875,17826.18359375,,53522.515625,65060.12109375,,9779.609375,18636.36328125,10086.3203125,10864.3662109375,,,,63735.1484375,7791.3837890625,23240.787109375,20373.78125,,14875.07421875,13102.9755859375,56227.70703125,,11992.9619140625,26200.0,,,,
2023-06-22,14930.427734375,,31877.43359375,18009.642578125,,53335.375,64924.3046875,,9805.8271484375,18825.7578125,10186.8486328125,10891.7314453125,,,,63652.9140625,7791.3837890625,23350.5859375,20452.140625,,14920.8427734375,13102.9755859375,56452.62109375,,12198.849609375,26200.0,,,,
2023-06-23,15102.8349609375,,32131.29296875,17887.3359375,,53085.85546875,64652.6484375,,9779.609375,19242.423828125,10287.3759765625,11055.9287109375,,,,64351.9453125,7852.73291015625,23900.63671875,20373.78125,,15058.1513671875,13174.1875,56171.48046875,,12322.3828125,26000.0,,,,
2023-06-26,15344.2041015625,,32131.29296875,17887.3359375,,53522.515625,65195.953125,,9858.265625,19090.908203125,10253.8671875,11055.9287109375,,,,64146.3515625,7822.0595703125,23900.63671875,20217.05859375,,15241.228515625,13138.5810546875,56227.70703125,,12322.3828125,26100.0,,,,
2023-06-27,15309.72265625,,32131.29296875,17948.48828125,,54458.2265625,65399.68359375,,9805.8271484375,19545.455078125,10220.357421875,11001.1962890625,,,,63488.43359375,7791.3837890625,23944.65234375,20843.9453125,,15081.0361328125,13102.9755859375,56227.70703125,,12229.7333984375,26200.0,,,,
2023-06-28,15378.685546875,,32892.87109375,18345.984375,,54271.0859375,64788.48046875,,9832.046875,20151.515625,10253.8671875,11329.58984375,,,,63611.80078125,7883.40869140625,24032.68359375,20804.765625,,15241.228515625,13138.5810546875,56846.2109375,,12260.6162109375,26100.0,,,,
2023-06-29,15102.8349609375,,32276.35546875,18284.83203125,,53959.1796875,64245.18359375,,9622.296875,19545.455078125,10153.33984375,11110.6611328125,,,,63323.95703125,7730.03466796875,23900.63671875,19942.798828125,,14943.7275390625,12889.33984375,57296.03515625,,12198.849609375,25900.0,,,,
2023-06-30,15206.279296875,,31442.248046875,18040.21875,,53647.27734375,63158.5703125,,9753.390625,19810.60546875,10153.33984375,11055.9287109375,,,,63159.484375,7668.68505859375,23812.60546875,20217.05859375,,14806.4189453125,12818.1279296875,56227.70703125,,12137.0830078125,25500.0,,,,
2023-07-03,15206.279296875,,32276.35546875,17887.3359375,,53896.796875,63837.70703125,,9674.7333984375,19848.484375,10253.8671875,11055.9287109375,,,,63200.6015625,7944.7578125,23812.60546875,20138.697265625,,14646.2255859375,12924.9462890625,56227.70703125,,12137.0830078125,25550.0,,,,
2023-07-04,15171.796875,,31913.69921875,18009.642578125,,54271.0859375,64584.73828125,,9727.171875,19886.36328125,10354.3955078125,11138.0263671875,,,,63159.484375,8128.8056640625,23856.62109375,20765.5859375,,14646.2255859375,12924.9462890625,56227.70703125,,12137.0830078125,25650.0,,,,
2023-07-05,15137.3154296875,,32167.560546875,18070.794921875,,53659.75390625,64041.44140625,,9674.7333984375,20416.666015625,10421.4140625,11165.3935546875,,,,63241.7265625,8067.45654296875,24032.68359375,20530.501953125,,14623.341796875,12889.33984375,57352.265625,,12291.498046875,25500.0,,,,
2023-07-06,14964.91015625,,31877.43359375,17948.48828125,,53516.27734375,64652.6484375,,9543.6396484375,20454.544921875,10387.904296875,11055.9287109375,,,,63077.2421875,8006.107421875,25177.09765625,20608.861328125,,14440.263671875,12960.5517578125,56621.3046875,,12106.19921875,25200.0,,,,
2023-07-07,14964.91015625,,32131.29296875,18101.373046875,,54018.4375,65195.953125,,9622.296875,20795.455078125,10790.0166015625,11192.7587890625,,,,62090.37109375,8282.1806640625,25221.11328125,20726.404296875,,14440.263671875,12853.734375,59039.09375,,12229.7333984375,25050.0,,,,
2023-07-10,15137.3154296875,,34053.37109375,18162.525390625,,54018.4375,66214.640625,,9622.296875,20984.84765625,10924.0546875,11356.95703125,,,,61802.53515625,8282.1806640625,25309.146484375,21549.19140625,,14646.2255859375,12960.5517578125,57745.85546875,,12538.564453125,25450.0,,,,
2023-07-11,15171.796875,,33763.24609375,18529.443359375,,53803.2265625,66010.8984375,,9753.390625,20681.818359375,10857.03515625,11603.2529296875,,,,61679.18359375,8343.529296875,25441.193359375,21980.17578125,,14623.341796875,13031.763671875,57914.5390625,,12538.564453125,25400.0,,,,
2023-07-12,15068.3525390625,,33872.0390625,18345.984375,,54018.4375,65535.51171875,,9727.171875,20454.544921875,10521.9423828125,11493.7880859375,,,,62090.37109375,8435.5537109375,25265.12890625,21901.8125,,14486.033203125,12924.9462890625,58476.81640625,,12415.03125,25700.0,,,,
2023-07-13,15171.796875,,34017.1015625,18345.984375,,54377.1328125,67437.0625,,9753.390625,20492.423828125,10722.9990234375,11548.51953125,,,,63118.36328125,8466.228515625,25485.208984375,22254.435546875,,14623.341796875,12996.158203125,58982.8671875,,12476.7978515625,25750.0,,,,
2023-07-14,15171.796875,,33908.30859375,18284.83203125,,56170.56640625,67233.3203125,,9910.7021484375,20833.333984375,10488.4326171875,11738.71484375,,,,63241.7265625,8404.87890625,25529.224609375,22332.796875,,14623.341796875,12924.9462890625,59039.09375,,12507.6826171875,25700.0,,,,
2023-07-17,15171.796875,77737.5234375,33509.38671875,18162.525390625,64462.40625,56672.734375,67233.3203125,21111.83984375,9910.7021484375,20681.818359375,10722.9990234375,11707.2431640625,80700.0,47129.3984375,37469.80078125,63118.36328125,8404.87890625,25617.2578125,22567.880859375,28000.0,14600.45703125,12996.158203125,58926.640625,59000.0,12600.330078125,26450.0,97300.0,61870.4921875,18018.080078125,28650.0
2023-07-18,15171.796875,,33872.0390625,18254.25390625,,56457.51953125,67776.6328125,,9910.7021484375,20606.060546875,10823.5263671875,11707.2431640625,,,,62953.87890625,8680.9521484375,25793.3203125,22371.978515625,,14783.53515625,13494.640625,58645.5,,12692.98046875,26350.0,,,,
2023-07-19,15171.796875,77834.6953125,33545.65234375,18284.83203125,64101.27734375,56314.046875,67165.40625,20823.951171875,10161.0927734375,20757.576171875,10924.0546875,11581.3583984375,80800.0,46984.0859375,36692.04296875,62830.5234375,8650.27734375,25793.3203125,22332.796875,28250.0,14783.53515625,13316.6103515625,59882.51171875,58500.0,12692.98046875,26050.0,96700.0,62127.2109375,18194.296875,27950.0
2023-07-20,15171.796875,78029.0390625,33545.65234375,18131.94921875,65816.6640625,57605.32421875,67029.5859375,20632.025390625,10251.546875,21363.63671875,10890.544921875,11612.8310546875,79500.0,47565.33203125,36326.03515625,62995.00390625,8803.650390625,25793.3203125,21940.99609375,27850.0,14600.45703125,13387.822265625,59039.09375,57700.0,12662.09765625,26000.0,97800.0,62127.2109375,18502.673828125,28050.0
2023-07-21,15240.7607421875,77348.8359375,33908.30859375,18162.525390625,65906.9453125,58107.48828125,67504.9765625,21111.83984375,10372.154296875,21515.15234375,10890.544921875,11738.71484375,83000.0,50859.06640625,37058.046875,62953.87890625,8834.3251953125,25793.3203125,22528.701171875,28750.0,14783.53515625,13352.216796875,59039.09375,59000.0,12692.98046875,26050.0,98000.0,62897.375,18855.10546875,28400.0
2023-07-24,15206.279296875,76960.1484375,33944.5703125,18254.25390625,65274.96484375,58107.48828125,66893.765625,21303.767578125,10402.3056640625,21401.515625,10957.5634765625,11801.65625,84000.0,52796.5546875,36875.046875,63735.1484375,9121.4404296875,25881.3515625,22489.51953125,28700.0,14852.1884765625,13281.0048828125,58814.18359375,59100.0,12970.9287109375,26000.0,96800.0,62982.95703125,19251.58984375,28400.0
2023-07-25,15378.685546875,,34198.4296875,18284.83203125,,58322.6953125,67097.5,,10372.154296875,21401.515625,11058.091796875,11833.1279296875,,,,64968.73046875,9121.4404296875,25969.384765625,22567.880859375,,15332.767578125,13530.2470703125,60893.31640625,,12940.046875,25750.0,,,,
2023-07-26,15378.685546875,76182.7734375,34343.4921875,18223.677734375,65004.11328125,59327.02734375,66690.03125,20727.98828125,10372.154296875,21515.15234375,10957.5634765625,11801.65625,84600.0,50955.9375,37058.046875,66449.0390625,9121.4404296875,26057.416015625,22724.599609375,28300.0,15309.8828125,13387.822265625,62022.203125,59000.0,12847.396484375,25500.0,96500.0,64180.9921875,19251.58984375,28900.0
2023-07-27,15275.2412109375,,33872.0390625,17948.48828125,,60044.40625,66690.03125,,10372.154296875,21515.15234375,11058.091796875,11707.2431640625,,,,65873.359375,9049.0478515625,26101.431640625,23077.22265625,,15149.6904296875,13209.7939453125,61557.36328125,,12754.7470703125,25550.0,,,,
2023-07-28,15309.72265625,75794.078125,33872.0390625,18040.21875,65545.8125,60546.5703125,67572.890625,21111.83984375,10402.3056640625,21439.39453125,10924.0546875,11770.1865234375,86100.0,53303.23828125,36646.2890625,64557.54296875,9121.4404296875,26145.447265625,23312.306640625,28650.0,15470.0771484375,13316.6103515625,61756.58203125,58900.0,12816.5126953125,25750.0,97800.0,66234.7890625,19471.86328125,28800.0
2023-07-31,15826.9443359375,,34234.6953125,18345.984375,,61407.41796875,68999.0390625,,10462.6083984375,21363.63671875,10957.5634765625,11864.5986328125,,,,64475.30078125,9121.4404296875,25661.2734375,23233.947265625,,15698.923828125,13352.216796875,60826.91015625,,12847.396484375,27550.0,,,,
2023-08-01,15757.98046875,,34960.0078125,18590.59765625,,60618.3046875,68387.8359375,,10583.21484375,20833.333984375,11058.091796875,11864.5986328125,,,,65133.2109375,9085.2451171875,26365.52734375,22567.880859375,,15561.6162109375,13387.822265625,60561.2890625,,12754.7470703125,29450.0,,,,
2023-08-02,15930.3876953125,,35612.78515625,18988.095703125,,59900.92578125,68184.1015625,,10492.7607421875,20833.333984375,11225.6396484375,11896.0703125,,,,65338.8125,9157.6376953125,26629.623046875,22724.599609375,,15515.845703125,13459.03515625,60760.50390625,,12785.6298828125,29150.0,,,,
2023-08-03,16171.755859375,75211.0546875,35213.8671875,18896.365234375,66900.0703125,60044.40625,67640.796875,20919.9140625,10372.154296875,20340.908203125,11359.6767578125,11864.5986328125,86100.0,51542.76171875,36692.04296875,66407.9140625,9157.6376953125,26629.623046875,22332.796875,28600.0,15332.767578125,13138.5810546875,60162.86328125,60100.0,12754.7470703125,29100.0,101000.0,62127.2109375,19119.431640625,28400.0
2023-08-04,16826.90234375,75016.7109375,35105.06640625,18957.517578125,67261.203125,59757.44921875,68116.1796875,21015.876953125,10342.001953125,20719.697265625,11560.732421875,11959.01171875,86300.0,51836.17578125,36875.046875,65996.71875,9628.1865234375,25529.224609375,22881.32421875,28950.0,15378.5380859375,13494.640625,59830.8359375,63000.0,12970.9287109375,31100.0,101000.0,62469.51171875,19559.970703125,28700.0
2023-08-07,16378.6455078125,74530.8515625,35431.4609375,19935.970703125,66719.5,60618.3046875,68523.6640625,21783.580078125,10462.6083984375,20871.212890625,12364.9580078125,12179.3095703125,88200.0,52618.609375,37058.046875,66202.3203125,9736.7763671875,26629.623046875,23273.126953125,30050.0,15721.80859375,13743.880859375,60295.671875,62900.0,13217.994140625,31950.0,101900.0,64095.4296875,19956.455078125,29600.0
2023-08-08,16137.275390625,74530.8515625,35286.3984375,19935.970703125,67351.484375,60403.08984375,68727.3984375,21687.6171875,10462.6083984375,20606.060546875,12733.560546875,12084.896484375,89200.0,52423.0,37424.05078125,66449.0390625,9591.9921875,26673.638671875,22802.962890625,29800.0,15561.6162109375,13530.2470703125,60229.265625,62800.0,13094.4619140625,33500.0,103000.0,63753.13671875,19559.970703125,31000.0
2023-08-09,15999.3505859375,73947.8125,34960.0078125,19874.81640625,66809.78125,59613.9765625,68591.578125,21255.783203125,10432.45703125,21060.60546875,12666.5419921875,12053.42578125,88000.0,51444.9609375,37241.05078125,66202.3203125,9519.599609375,26409.54296875,22411.16015625,31200.0,15561.6162109375,13423.4287109375,59897.2421875,60600.0,12940.046875,32900.0,101600.0,62555.08203125,19427.806640625,30900.0
2023-08-10,15792.4599609375,71907.2109375,33726.9765625,19355.015625,66990.3515625,58968.3359375,69270.6953125,20584.04296875,10372.154296875,20719.697265625,12465.486328125,11896.0703125,83000.0,50858.1328125,37332.5546875,66037.8359375,9374.8134765625,26409.54296875,22019.35546875,30550.0,15332.767578125,13174.1875,58768.359375,60600.0,12754.7470703125,33950.0,100700.0,62555.08203125,19339.69921875,30050.0
2023-08-11,15792.4599609375,72004.3828125,33872.0390625,19630.205078125,66177.796875,58824.859375,68931.1328125,20248.173828125,10281.69921875,20984.84765625,12465.486328125,11896.0703125,84500.0,52129.58984375,37195.296875,65585.5234375,9374.8134765625,26761.669921875,22058.537109375,31850.0,15401.421875,13281.0048828125,60030.05078125,60900.0,12692.98046875,36300.0,101100.0,62897.375,19383.75390625,30750.0
2023-08-14,15895.9052734375,71421.3515625,34524.8203125,19752.51171875,66268.078125,59255.2890625,68319.9296875,20680.0078125,10342.001953125,21325.7578125,12633.0322265625,11927.541015625,82200.0,53009.82421875,37103.796875,64968.73046875,9374.8134765625,26189.462890625,22842.142578125,31900.0,15470.0771484375,13281.0048828125,59100.3828125,61200.0,12785.6298828125,36650.0,100200.0,62811.796875,19339.69921875,30300.0
2023-08-15,15757.98046875,71129.8359375,34089.6328125,19813.6640625,68976.5859375,60259.61328125,68184.1015625,20584.04296875,10281.69921875,21174.2421875,12666.5419921875,11927.541015625,82400.0,52814.21484375,36920.79296875,64680.90234375,9374.8134765625,25969.384765625,22489.51953125,31500.0,15584.5,13530.2470703125,59033.9765625,61700.0,12723.8642578125,35350.0,101900.0,62298.35546875,19383.75390625,31300.0
2023-08-16,15792.4599609375,70838.3203125,34452.2890625,19783.0859375,68344.6015625,61048.7265625,68048.2734375,20488.080078125,10342.001953125,21174.2421875,12700.05078125,11959.01171875,81800.0,52618.609375,36829.2890625,64680.90234375,9338.6181640625,25969.384765625,22607.05859375,32900.0,16156.6181640625,13601.458984375,59233.19140625,62900.0,12754.7470703125,37800.0,100800.0,62555.08203125,19736.1875,31500.0
2023-08-17,15654.53515625,69963.765625,34162.16796875,19935.970703125,68254.3125,61694.37109375,67912.4453125,20440.099609375,10342.001953125,21287.87890625,12767.0703125,11864.5986328125,82100.0,52716.41015625,36371.78125,64022.9921875,9302.421875,25881.3515625,23469.02734375,32350.0,15882.001953125,13423.4287109375,59366.00390625,61000.0,12785.6298828125,35950.0,100000.0,62982.95703125,19515.916015625,30600.0
2023-08-18,15102.8349609375,66076.8984375,32058.76171875,18774.05859375,63649.859375,61335.68359375,66282.546875,19048.63671875,9769.12109375,20075.7578125,12230.919921875,11392.533203125,79000.0,49097.66015625,34175.75390625,63159.484375,8687.0869140625,24164.732421875,22176.076171875,31300.0,14875.07421875,12889.33984375,59432.41015625,56800.0,12075.3173828125,33450.0,97900.0,62726.234375,18150.244140625,29100.0
2023-08-21,15171.796875,67437.3046875,33074.1953125,19569.05078125,63198.4453125,61622.62890625,67301.2421875,18520.83984375,9769.12109375,19848.484375,13001.6357421875,11424.00390625,78400.0,47924.01171875,34313.00390625,62789.40234375,8795.6748046875,23416.4609375,22607.05859375,31800.0,14989.4970703125,13174.1875,59631.625,56000.0,12260.6162109375,32900.0,96000.0,62383.93359375,18326.458984375,29500.0
2023-08-22,15206.279296875,66562.75,33219.26171875,19293.861328125,64101.27734375,62053.05078125,68116.1796875,18280.93359375,9889.7275390625,19810.60546875,12241.9775390625,11455.474609375,77700.0,48902.05078125,34496.0078125,61679.18359375,8759.4794921875,24824.970703125,24056.734375,32150.0,15149.6904296875,13209.7939453125,58701.953125,55500.0,12260.6162109375,32250.0,97300.0,62212.77734375,18150.244140625,29300.0
2023-08-23,15068.3525390625,65785.3828125,33146.73046875,19140.978515625,65365.25,62053.05078125,69202.78125,18424.87890625,9708.8173828125,19431.818359375,12241.9775390625,11329.58984375,77500.0,48608.640625,34221.5,61720.296875,8687.0869140625,24824.970703125,23821.65234375,30900.0,15195.4599609375,13174.1875,57307.453125,54500.0,12198.849609375,32500.0,96500.0,62897.375,17841.86328125,28750.0
2023-08-24,15206.279296875,65105.171875,33219.26171875,19416.16796875,67802.8984375,65566.3125,69542.359375,19000.654296875,9769.12109375,19924.2421875,12481.2353515625,11486.9462890625,80000.0,49195.46484375,34587.5078125,63118.36328125,8759.4794921875,25045.05078125,25075.421875,31550.0,15470.0771484375,13387.822265625,57772.28515625,55400.0,12198.849609375,32100.0,97500.0,63924.28125,18062.134765625,29050.0
2023-08-25,15137.3154296875,64619.31640625,32784.0703125,19049.248046875,72046.21875,66003.4296875,68863.21875,18856.7109375,9799.2724609375,19659.091796875,12521.111328125,11392.533203125,79700.0,49391.0703125,34358.7578125,64228.5859375,8650.890625,24824.970703125,25232.14453125,31100.0,15401.421875,13423.4287109375,57241.046875,54100.0,12106.19921875,31750.0,97000.0,64095.4296875,17797.8125,28700.0
2023-08-28,15206.279296875,67437.3046875,32929.1328125,19049.248046875,75657.5625,68480.375,70085.6484375,19384.5078125,9829.4248046875,20340.908203125,12600.86328125,11455.474609375,80700.0,50564.72265625,34907.765625,64269.71484375,8759.4794921875,24913.001953125,25428.044921875,31650.0,15561.6162109375,13530.2470703125,57772.28515625,54700.0,12229.7333984375,32350.0,98000.0,66662.671875,17885.91796875,29750.0
2023-08-29,15206.279296875,69283.5703125,33219.26171875,19110.40234375,74935.296875,68188.9765625,70965.5,19816.341796875,9769.12109375,20454.544921875,12640.7392578125,11486.9462890625,80000.0,51738.37109375,34816.265625,65009.859375,8868.0673828125,24957.017578125,25349.685546875,31750.0,15515.845703125,13530.2470703125,58701.953125,54600.0,12229.7333984375,31700.0,97500.0,66234.7890625,18370.513671875,29250.0
2023-08-30,15482.1298828125,69769.4296875,33509.38671875,19630.205078125,75567.2734375,70374.515625,70539.2890625,19864.3203125,9859.576171875,20606.060546875,12680.6162109375,11581.3583984375,79600.0,52618.609375,35136.515625,65708.8828125,8868.0673828125,24736.939453125,26250.83203125,32500.0,15561.6162109375,13921.9111328125,59166.7890625,54600.0,12353.2666015625,31000.0,96900.0,66577.09375,18326.458984375,29700.0
2023-08-31,15585.57421875,70158.1171875,34053.37109375,19844.240234375,78998.0546875,70447.3671875,70042.03125,20967.896484375,10161.0927734375,20909.091796875,12800.244140625,11644.30078125,81500.0,52618.609375,35273.7734375,64968.73046875,9012.8525390625,24736.939453125,26172.47265625,32650.0,15790.462890625,13957.517578125,59166.7890625,54700.0,12569.447265625,31050.0,98000.0,66577.09375,18458.62109375,30300.0
2023-09-05,15689.017578125,69283.5703125,34452.2890625,19966.546875,82157.9765625,70520.2109375,70752.3984375,21111.83984375,10311.8505859375,21060.60546875,12840.1201171875,12053.42578125,81500.0,53107.62890625,35822.7734375,65297.68359375,9157.6376953125,24208.748046875,26133.291015625,32700.0,16019.3095703125,13993.123046875,59830.8359375,55300.0,12723.8642578125,31150.0,100500.0,68545.3125,18502.673828125,30150.0
2023-09-06,15826.9443359375,69186.3984375,34307.23046875,19966.546875,81977.40625,72122.9453125,72102.0859375,21111.83984375,10372.154296875,21969.697265625,12879.99609375,12116.3671875,82700.0,53792.25390625,35960.03125,65379.93359375,9157.6376953125,24472.84375,26642.63671875,33050.0,16110.849609375,14064.3359375,59897.2421875,55900.0,12754.7470703125,30800.0,101700.0,68459.7421875,19207.537109375,30300.0
2023-09-07,15792.4599609375,68992.0546875,34343.4921875,19966.546875,80352.3046875,71321.59375,73096.59375,21495.689453125,10432.45703125,21704.544921875,12879.99609375,12147.8388671875,82000.0,53792.25390625,36005.77734375,65996.71875,9230.029296875,24164.732421875,26368.373046875,33000.0,16362.58203125,13993.123046875,59432.41015625,55100.0,12785.6298828125,30400.0,101000.0,68031.8671875,19163.484375,30300.0
2023-09-08,15689.017578125,70546.796875,34089.6328125,19752.51171875,83421.9453125,71103.03125,72599.34375,21783.580078125,10462.6083984375,21780.302734375,12840.1201171875,12021.9541015625,81800.0,54281.27734375,36051.53125,66037.8359375,9193.8330078125,24208.748046875,26446.734375,32500.0,16179.50390625,13815.09375,59432.41015625,54000.0,12723.8642578125,29550.0,101400.0,68459.7421875,19207.537109375,29600.0
2023-09-11,15413.166015625,68992.0546875,33726.9765625,19507.896484375,82067.6875,70957.328125,72031.046875,20871.93359375,10311.8505859375,21212.12109375,12919.873046875,11801.65625,79600.0,53303.23828125,36463.28515625,68875.0859375,8904.263671875,23768.58984375,26250.83203125,31600.0,15813.34765625,13494.640625,58768.359375,52500.0,12476.7978515625,29550.0,99000.0,68031.8671875,19295.646484375,28700.0
2023-09-12,15689.017578125,69769.4296875,34089.6328125,19752.51171875,83241.375,72050.1015625,72954.53125,21783.580078125,10492.7607421875,21780.302734375,12999.625,12116.3671875,81000.0,54574.6875,36600.5390625,69450.75,9085.2451171875,24076.701171875,28053.12890625,32350.0,16156.6181640625,13672.6708984375,59698.02734375,53500.0,12600.330078125,30150.0,101900.0,68716.46875,19648.078125,29500.0
2023-09-13,15551.091796875,68992.0546875,34089.6328125,19905.39453125,81977.40625,71394.4375,75014.5859375,21399.728515625,10522.912109375,21515.15234375,12999.625,11990.482421875,80100.0,56237.359375,36875.046875,68587.25,8940.4599609375,23900.63671875,28053.12890625,31950.0,16019.3095703125,13708.275390625,59166.7890625,52100.0,12970.9287109375,29600.0,99000.0,67689.5546875,19780.240234375,29000.0
2023-09-14,15482.1298828125,68311.8515625,33908.30859375,20302.890625,81977.40625,69864.5546875,75298.734375,21111.83984375,10553.0625,21060.60546875,12760.3681640625,12053.42578125,78600.0,56041.75390625,36600.5390625,70067.5546875,8904.263671875,23152.3671875,27935.587890625,31800.0,15973.5400390625,13530.2470703125,59166.7890625,49000.0,13403.29296875,27750.0,99000.0,67946.28125,19736.1875,28900.0
2023-09-15,15620.0546875,67048.6171875,33944.5703125,20027.701171875,81977.40625,71030.171875,77856.046875,21687.6171875,10854.5791015625,20909.091796875,12560.9873046875,12210.7802734375,79700.0,54672.4921875,36737.7890625,68340.5234375,8831.8720703125,23768.58984375,27818.046875,32500.0,15973.5400390625,13672.6708984375,59631.625,50500.0,13310.6435546875,26800.0,99700.0,68031.8671875,19868.349609375,28400.0
2023-09-18,15482.1298828125,66076.8984375,33182.9921875,19599.626953125,80532.875,70593.0625,77429.828125,21255.783203125,10613.3662109375,20909.091796875,12281.8544921875,12053.42578125,78500.0,53792.25390625,36234.53515625,66449.0390625,8759.4794921875,23592.525390625,27974.767578125,32600.0,15607.384765625,13494.640625,58967.5703125,48950.0,12940.046875,26500.0,98800.0,67518.40625,19515.916015625,27700.0
2023-09-19,15378.685546875,66076.8984375,32784.0703125,19630.205078125,83783.078125,71685.8359375,78140.1953125,21399.728515625,10673.6689453125,21325.7578125,12162.2255859375,11959.01171875,79000.0,54281.27734375,36509.0390625,64968.73046875,8723.2822265625,23592.525390625,28366.5703125,33300.0,15515.845703125,13565.8525390625,58502.73828125,49350.0,12785.6298828125,25850.0,99400.0,67518.40625,19295.646484375,27600.0
2023-09-20,15482.1298828125,68020.3359375,33146.73046875,19599.626953125,86581.8671875,71758.6953125,77429.828125,22167.431640625,10764.1240234375,21515.15234375,12281.8544921875,12084.896484375,79700.0,54574.6875,36966.546875,66202.3203125,8831.8720703125,23328.4296875,28562.474609375,33250.0,15721.80859375,13886.3056640625,58436.33203125,50700.0,12970.9287109375,26750.0,99400.0,67004.96875,19295.646484375,28100.0
2023-09-21,15447.6474609375,68603.3671875,32784.0703125,19385.591796875,84866.484375,70520.2109375,75653.9140625,22263.39453125,10583.21484375,21515.15234375,11962.8447265625,11927.541015625,78800.0,53009.82421875,37059.66015625,65791.1171875,8723.2822265625,23328.4296875,27230.341796875,32350.0,15698.923828125,13565.8525390625,57772.28515625,50200.0,12754.7470703125,26100.0,99300.0,66748.2421875,19075.375,28150.0
2023-09-22,15378.685546875,67534.46875,33400.58984375,19355.015625,88477.8203125,70447.3671875,77486.65625,20967.896484375,10583.21484375,20681.818359375,11484.33203125,11770.1865234375,75400.0,50955.9375,36454.41015625,64639.7890625,8542.3017578125,22448.111328125,25545.5859375,32900.0,15561.6162109375,13209.7939453125,59299.59765625,48000.0,12538.564453125,25000.0,97600.0,66320.3671875,18722.9453125,27400.0
2023-09-25,15171.796875,66076.8984375,32711.54296875,18223.677734375,82338.5390625,68698.9375,76293.2421875,19528.453125,10492.7607421875,19696.96875,10846.3134765625,11392.533203125,70300.0,49880.09375,34918.01953125,62501.5625,7963.16259765625,22888.271484375,23782.470703125,31650.0,15012.3818359375,12818.1279296875,59299.59765625,47000.0,11766.4853515625,23250.0,98000.0,66405.9296875,17974.02734375,26600.0
2023-09-26,15102.8349609375,64036.28515625,32167.560546875,18529.443359375,81706.5546875,68116.109375,75696.5390625,18184.97265625,10492.7607421875,19848.484375,10527.3037109375,11486.9462890625,73000.0,50369.11328125,34545.55859375,61925.89453125,7818.37744140625,23064.333984375,24213.455078125,31350.0,14829.3037109375,12604.4931640625,57772.28515625,45000.0,11890.0185546875,22500.0,98000.0,65122.32421875,18018.080078125,25800.0
2023-09-27,15171.796875,64327.80078125,32203.82421875,18957.517578125,82699.6796875,68698.9375,75781.78125,19048.63671875,10492.7607421875,20075.7578125,10567.1796875,11644.30078125,76000.0,50858.1328125,34033.4296875,60939.03125,8035.5546875,23108.349609375,25859.029296875,31800.0,14920.8427734375,12675.705078125,58303.5234375,45100.0,12075.3173828125,22600.0,99700.0,65550.1875,18502.673828125,26100.0
2023-09-28,14999.390625,65299.51953125,32167.560546875,18865.787109375,84776.1953125,68480.375,77998.1171875,18808.73046875,10432.45703125,20151.515625,10846.3134765625,11644.30078125,76500.0,51836.17578125,35150.80859375,59540.96875,7926.966796875,22007.953125,25310.50390625,30750.0,15401.421875,12853.734375,58436.33203125,44500.0,11951.7841796875,22500.0,99300.0,64009.8515625,18678.888671875,25450.0
2023-09-29,15068.3525390625,67534.46875,32167.560546875,18376.5625,84415.0625,67606.1640625,77316.1640625,18712.767578125,10462.6083984375,19924.2421875,11045.6943359375,11644.30078125,76300.0,51444.9609375,34918.01953125,59623.20703125,8035.5546875,22007.953125,24918.701171875,30650.0,15401.421875,12711.310546875,58104.3125,45500.0,11951.7841796875,23425.0,99300.0,63496.40625,19119.431640625,26100.0
2023-10-02,15102.8349609375,67437.3046875,31877.43359375,18315.408203125,84595.6328125,67897.5546875,76122.7578125,19576.43359375,10311.8505859375,19848.484375,10886.1884765625,11707.2431640625,77400.0,50760.328125,34918.01953125,60034.40625,7999.35888671875,22007.953125,25153.783203125,30850.0,15172.5751953125,12462.068359375,57440.2578125,45750.0,12013.5517578125,23450.0,98500.0,64694.4453125,19207.537109375,26850.0
2023-10-03,14895.9462890625,66562.75,30136.6875,17795.60546875,82157.9765625,67169.046875,73565.4375,18232.953125,10311.8505859375,18787.87890625,10487.427734375,11361.0615234375,74000.0,47924.01171875,33521.30078125,57813.953125,7637.3974609375,21919.921875,23664.9296875,29200.0,14875.07421875,11892.3740234375,57307.453125,44050.0,11612.0703125,22250.0,97900.0,63325.25,18502.673828125,26300.0
2023-10-04,14895.9462890625,67048.6171875,30825.732421875,17673.298828125,85317.8984375,67387.609375,73139.2265625,18712.767578125,10311.8505859375,19128.787109375,10766.560546875,11424.00390625,73500.0,48119.6171875,33754.0859375,57567.23046875,7709.7900390625,21523.77734375,24879.521484375,30200.0,14760.650390625,11821.1630859375,57307.453125,44600.0,11673.8349609375,23050.0,96800.0,63667.55078125,18502.673828125,27000.0
2023-10-05,14895.9462890625,66951.4375,30172.953125,17184.07421875,83963.640625,66731.9375,71775.3203125,19000.654296875,10221.3955078125,18863.63671875,10846.3134765625,11361.0615234375,72800.0,45967.9296875,32031.46484375,57156.0390625,7601.20068359375,21567.79296875,24801.16015625,29900.0,14554.6865234375,11785.556640625,56112.16015625,44550.0,11426.7705078125,22800.0,95500.0,62212.77734375,18326.458984375,26800.0
2023-10-06,15033.8720703125,67534.46875,30608.140625,17550.994140625,85769.3125,67533.3125,71775.3203125,19384.5078125,10311.8505859375,18901.515625,10965.94140625,11424.00390625,72700.0,47239.3828125,32590.150390625,57238.28125,7745.9853515625,21567.79296875,25819.849609375,30950.0,14669.111328125,11963.5859375,56709.8046875,46050.0,11550.3037109375,22975.0,97000.0,63496.40625,18458.62109375,27450.0
2023-10-09,15516.611328125,66951.4375,30426.8125,17826.18359375,87574.984375,69646.0,73821.1640625,19576.43359375,10281.69921875,19318.181640625,11245.07421875,11518.4169921875,73500.0,46897.0703125,33241.95703125,56580.3671875,7782.181640625,21611.810546875,26015.75,31200.0,14691.99609375,11999.1923828125,56178.56640625,47000.0,11704.7197265625,22600.0,97100.0,63068.52734375,18855.10546875,27050.0
2023-10-10,15723.5,66951.4375,30499.34375,17917.912109375,86040.1640625,70155.9609375,73650.6875,19240.5625,10492.7607421875,19696.96875,11284.9501953125,11612.8310546875,73200.0,47777.3046875,33521.30078125,56580.3671875,7854.57470703125,21655.826171875,25623.947265625,31250.0,14875.07421875,11927.9794921875,57174.640625,48000.0,11982.66796875,22450.0,97300.0,63667.55078125,19031.322265625,27000.0
2023-10-11,15654.53515625,66368.4140625,30463.076171875,18040.21875,87574.984375,70665.9140625,73309.703125,19864.3203125,10613.3662109375,19848.484375,11324.826171875,11644.30078125,73800.0,48217.421875,34359.328125,55922.45703125,7890.7705078125,21787.873046875,26642.63671875,31750.0,14920.8427734375,11927.9794921875,57440.2578125,47400.0,12106.19921875,22725.0,97600.0,63667.55078125,19207.537109375,27000.0
2023-10-12,15654.53515625,65688.203125,30571.873046875,18101.373046875,88387.53125,70228.8125,73309.703125,20008.265625,10553.0625,19545.455078125,11324.826171875,11549.888671875,73100.0,47337.18359375,34173.1015625,56662.60546875,7854.57470703125,21787.873046875,26329.193359375,31600.0,14875.07421875,12248.4345703125,57108.234375,47550.0,12137.0830078125,23250.0,97700.0,64608.875,19251.58984375,27200.0
2023-10-13,15620.0546875,64813.65625,30825.732421875,17917.912109375,89651.5078125,70010.2578125,73139.2265625,20536.0625,10613.3662109375,19507.576171875,11324.826171875,11612.8310546875,72700.0,48413.03125,34173.1015625,57649.4765625,7818.37744140625,21831.888671875,26290.013671875,31500.0,14737.7646484375,12284.0400390625,57506.6640625,46900.0,11951.7841796875,23050.0,103800.0,64865.6015625,19339.69921875,27350.0
2023-10-16,15585.57421875,63841.94140625,30209.21875,17612.14453125,87484.703125,70520.2109375,74076.90625,20584.04296875,10492.7607421875,18939.39453125,11284.9501953125,11455.474609375,71600.0,47532.79296875,34266.21484375,58307.37890625,7673.59326171875,21831.888671875,25153.783203125,30200.0,14554.6865234375,11963.5859375,57174.640625,45550.0,11642.953125,22500.0,102500.0,64352.14453125,19824.29296875,26700.0
2023-10-17,15482.1298828125,62384.36328125,29955.359375,17489.83984375,81435.7109375,67824.7109375,72627.7578125,19384.5078125,10583.21484375,18787.87890625,11165.322265625,11392.533203125,71000.0,45283.30078125,33521.30078125,57484.99609375,7673.59326171875,21787.873046875,24644.439453125,30000.0,14531.802734375,11749.951171875,57041.83203125,44500.0,11519.419921875,22000.0,102900.0,64009.8515625,20000.5078125,27000.0
2023-10-18,15206.279296875,61023.95703125,29012.455078125,17336.955078125,82248.2578125,67751.859375,70752.3984375,19192.58203125,10583.21484375,18181.818359375,11165.322265625,11172.2353515625,68300.0,43718.43359375,32590.150390625,56169.171875,7528.80859375,21743.857421875,24722.798828125,29700.0,14302.955078125,11571.921875,57041.83203125,43300.0,11395.8876953125,21900.0,104900.0,63239.67578125,19824.29296875,26500.0
2023-10-19,15033.8720703125,61218.296875,29157.515625,17489.83984375,81074.5703125,67023.34375,69814.7109375,19192.58203125,10553.0625,17954.544921875,11205.1982421875,11109.29296875,66400.0,42055.76171875,32590.150390625,56169.171875,7456.41650390625,21655.826171875,23586.5703125,29000.0,14028.3388671875,11500.708984375,56112.16015625,42500.0,11272.35546875,21600.0,105100.0,61100.30859375,18899.162109375,26400.0
2023-10-20,15102.8349609375,62773.05078125,29375.109375,17979.064453125,82067.6875,67679.015625,70922.8828125,19672.396484375,10703.8212890625,18446.96875,11603.958984375,11298.119140625,69000.0,43718.43359375,32962.61328125,57567.23046875,7565.00439453125,21523.77734375,24526.8984375,30100.0,14234.30078125,11749.951171875,56311.375,44500.0,11334.1201171875,21675.0,105200.0,61870.4921875,19031.322265625,26600.0
2023-10-23,15033.8720703125,61801.33203125,29230.046875,17917.912109375,78998.0546875,66294.828125,68706.5390625,18952.67578125,10553.0625,18181.818359375,11723.587890625,11203.7060546875,66000.0,42055.76171875,32916.05078125,55757.98046875,7456.41650390625,21831.888671875,23978.373046875,29700.0,14142.76171875,11714.3447265625,56112.16015625,44500.0,11148.822265625,21700.0,103500.0,60073.4140625,18546.728515625,26000.0
2023-10-24,15102.8349609375,61606.98828125,29955.359375,18040.21875,81164.859375,67023.34375,69218.0078125,19624.4140625,10583.21484375,18181.818359375,11763.46484375,11266.6484375,66900.0,42055.76171875,33055.7265625,56827.08203125,7673.59326171875,22712.20703125,24330.994140625,30000.0,14348.724609375,11963.5859375,57108.234375,44600.0,11426.7705078125,21725.0,103600.0,60158.984375,18546.728515625,26600.0
2023-10-25,15102.8349609375,60829.61328125,29556.4375,17734.453125,80623.15625,66221.9765625,68536.046875,19672.396484375,10553.0625,18219.697265625,11843.216796875,11203.7060546875,66000.0,42544.78515625,32916.05078125,56909.3203125,7637.3974609375,22800.23828125,24135.09375,29550.0,14280.0712890625,11927.9794921875,56975.42578125,44900.0,11303.23828125,22350.0,102800.0,59046.51171875,18502.673828125,26450.0
2023-10-26,14551.1337890625,57914.45703125,29411.375,17336.955078125,76740.96875,63235.07421875,64359.10546875,18328.916015625,10251.546875,17272.7265625,11404.5791015625,10826.052734375,61400.0,41077.72265625,30634.7421875,54442.15625,7275.4345703125,22448.111328125,22489.51953125,28100.0,13639.2978515625,11393.892578125,56112.16015625,41800.0,10716.4580078125,20800.0,99800.0,57335.0234375,17797.8125,24600.0
2023-10-27,14861.46484375,57331.42578125,30463.076171875,17245.2265625,76740.96875,63380.7734375,66149.2265625,18520.83984375,10402.3056640625,17689.39453125,12202.1025390625,10983.4091796875,57800.0,41077.72265625,30727.857421875,51892.74609375,7456.41650390625,22492.126953125,23077.22265625,28700.0,13524.875,11536.3154296875,56444.1875,39200.0,11179.705078125,20800.0,99800.0,58190.76953125,17797.8125,22900.0
2023-10-30,14689.05859375,57817.28125,29737.765625,16908.8828125,73581.046875,61923.7421875,65296.78515625,17273.322265625,10372.154296875,17424.2421875,11524.20703125,10700.1689453125,58000.0,39610.6640625,30588.185546875,50001.25390625,7347.8271484375,22316.064453125,21549.19140625,27000.0,12861.2177734375,11393.892578125,57041.83203125,39200.0,10870.8740234375,20750.0,98000.0,57848.47265625,17533.486328125,23100.0
2023-10-31,14758.021484375,56942.734375,29157.515625,16939.4609375,71323.953125,60466.71875,65296.78515625,16217.732421875,10372.154296875,17424.2421875,11683.7119140625,10763.111328125,58200.0,36872.1484375,29703.595703125,46629.45703125,7311.63134765625,22712.20703125,20177.87890625,27000.0,12678.1396484375,11251.4677734375,57639.47265625,39000.0,11056.1728515625,20250.0,99000.0,58190.76953125,17621.595703125,22200.0
2023-11-01,14895.9462890625,56359.70703125,29012.455078125,16756.0,72497.6328125,62215.15234375,65552.515625,16601.58203125,10402.3056640625,18143.939453125,12042.59765625,10826.052734375,59500.0,34329.2421875,30076.052734375,47205.1328125,7492.61181640625,22800.23828125,21274.9296875,27650.0,12906.9873046875,11251.4677734375,58303.5234375,38450.0,11117.939453125,20200.0,104400.0,60244.56640625,17445.37890625,22700.0
2023-11-02,15378.685546875,57137.08203125,30209.21875,17275.8046875,77463.234375,64837.8125,67513.125,17753.138671875,10613.3662109375,19128.787109375,12281.8544921875,11140.7646484375,62700.0,36187.51953125,31100.31640625,50494.69140625,7890.7705078125,22844.255859375,22646.240234375,29000.0,13433.3359375,11678.7392578125,59100.3828125,39950.0,11457.654296875,20725.0,104900.0,60672.44140625,17885.91796875,23250.0
2023-11-03,15206.279296875,56845.56640625,30100.421875,17122.919921875,77463.234375,63380.7734375,67427.890625,17753.138671875,11065.640625,19015.15234375,12162.2255859375,10951.9365234375,63900.0,38094.69921875,30820.97265625,52550.6640625,7745.9853515625,21391.73046875,22646.240234375,28500.0,14188.5322265625,11429.498046875,59033.9765625,40500.0,11488.537109375,20800.0,106500.0,59902.2578125,17445.37890625,24400.0
2023-11-06,15309.72265625,57720.109375,30318.013671875,17459.263671875,79810.6015625,64473.546875,67342.640625,17753.138671875,11005.337890625,19507.576171875,12281.8544921875,11298.119140625,64000.0,37214.4609375,30960.64453125,54442.15625,7963.16259765625,22272.048828125,22724.599609375,29450.0,14188.5322265625,11821.1630859375,59432.41015625,41000.0,11673.8349609375,21050.0,107300.0,60758.015625,18326.458984375,24000.0
2023-11-07,15240.7607421875,56554.05078125,30318.013671875,17459.263671875,79449.46875,64327.83984375,67172.15625,17705.15625,10854.5791015625,19545.455078125,12361.6064453125,11203.7060546875,62000.0,37361.16796875,30867.529296875,53537.53125,7854.57470703125,21479.76171875,22215.255859375,29000.0,14005.4541015625,11785.556640625,58635.55078125,40000.0,11550.3037109375,21025.0,106000.0,60586.86328125,18238.349609375,23150.0
2023-11-08,15723.5,57914.45703125,31115.857421875,17887.3359375,83963.640625,67460.4609375,68195.078125,18904.693359375,11337.005859375,20416.666015625,12560.9873046875,11549.888671875,63800.0,38730.42578125,31845.234375,53537.53125,8216.5361328125,21963.9375,23743.291015625,30000.0,14554.6865234375,12284.0400390625,59432.41015625,41000.0,11982.66796875,21500.0,113000.0,61100.30859375,18811.052734375,23700.0
2023-11-09,15551.091796875,59274.86328125,31079.58984375,18040.21875,83783.078125,67387.609375,68195.078125,18904.693359375,11306.853515625,20227.2734375,12521.111328125,11549.888671875,62800.0,39415.05078125,31612.447265625,52550.6640625,8144.14404296875,21567.79296875,24174.275390625,29650.0,14417.37890625,12177.22265625,58369.9296875,42900.0,11920.900390625,22700.0,108400.0,60501.28515625,18487.51953125,24300.0
2023-11-10,15447.6474609375,58691.83203125,30608.140625,17979.064453125,83963.640625,66659.0859375,67086.90625,18568.822265625,11367.1572265625,20075.7578125,12202.1025390625,11329.58984375,61700.0,38534.8203125,31053.759765625,51317.078125,8071.7509765625,20951.5703125,24135.09375,29500.0,14211.4169921875,12106.009765625,57108.234375,42300.0,11735.6025390625,22475.0,109000.0,59559.96484375,18071.552734375,23950.0
2023-11-13,15482.1298828125,58108.80078125,30535.607421875,17979.064453125,84234.4921875,66586.2421875,67342.640625,18664.78515625,11337.005859375,20606.060546875,12202.1025390625,11392.533203125,62000.0,39121.640625,31053.759765625,50412.44921875,7999.35888671875,20247.31640625,24644.439453125,29250.0,14142.76171875,12284.0400390625,56776.2109375,41350.0,11859.1357421875,22400.0,108000.0,58789.7890625,17748.01953125,23500.0
2023-11-14,15654.53515625,58303.140625,31188.388671875,18223.677734375,84415.0625,67460.4609375,67427.890625,18904.693359375,11306.853515625,20454.544921875,12521.111328125,11612.8310546875,62600.0,40588.703125,31193.431640625,50988.125,8288.927734375,20379.365234375,24879.521484375,30000.0,14417.37890625,12390.8564453125,57108.234375,41000.0,12106.19921875,22475.0,107800.0,58960.9453125,18117.76953125,24000.0
2023-11-15,16033.830078125,60246.58203125,32022.49609375,18468.29296875,84866.484375,67314.7578125,68280.3203125,19048.63671875,11397.3076171875,20454.544921875,12521.111328125,11675.7724609375,65800.0,40979.91796875,31659.005859375,51974.98828125,8361.3212890625,20687.4765625,25036.2421875,30000.0,14440.263671875,12604.4931640625,58237.1171875,41450.0,12137.0830078125,22700.0,108700.0,60501.28515625,18441.302734375,24100.0
2023-11-16,16068.3125,60635.26953125,31732.37109375,18498.869140625,86491.578125,67751.859375,68195.078125,19244.0078125,11427.4599609375,20606.060546875,12481.2353515625,11644.30078125,66000.0,40588.703125,32078.021484375,52797.37890625,8397.517578125,20643.458984375,25310.50390625,30200.0,14508.91796875,12462.068359375,58436.33203125,41150.0,12106.19921875,22550.0,108500.0,60158.984375,18395.083984375,23850.0
2023-11-17,15654.53515625,59663.546875,31115.857421875,18162.525390625,84234.4921875,66294.828125,67086.90625,18999.794921875,11156.095703125,20075.7578125,12241.9775390625,11455.474609375,64100.0,40490.8984375,31193.431640625,52386.18359375,8107.94775390625,20379.365234375,24683.619140625,29350.0,14257.185546875,12106.009765625,56842.61328125,38950.0,11828.2509765625,21100.0,105500.0,59902.2578125,17840.45703125,22800.0
2023-11-20,15516.611328125,59663.546875,31297.185546875,18070.794921875,84234.4921875,66076.2890625,66745.9375,19537.064453125,11276.7021484375,20189.39453125,12241.9775390625,11329.58984375,63600.0,39659.56640625,31193.431640625,51810.51171875,8107.94775390625,20379.365234375,25388.865234375,29200.0,14188.5322265625,12248.4345703125,57174.640625,38950.0,11735.6025390625,21350.0,105700.0,59303.24609375,18025.33203125,22550.0
2023-11-21,15585.57421875,58497.48828125,31877.43359375,17979.064453125,85679.03125,66950.4921875,67342.640625,19585.90625,11276.7021484375,20492.423828125,12441.3583984375,11392.533203125,64600.0,40001.87890625,31472.775390625,51892.74609375,8144.14404296875,20379.365234375,25506.40625,29300.0,14096.9931640625,12141.6162109375,57506.6640625,39100.0,11766.4853515625,21300.0,106600.0,59474.39453125,18163.98828125,22600.0
2023-11-22,15654.53515625,58205.97265625,31623.576171875,18101.373046875,86852.71875,67751.859375,67342.640625,19683.591796875,11216.3994140625,20606.060546875,12321.73046875,11361.0615234375,64900.0,38926.03515625,31705.560546875,52221.70703125,8180.33984375,20335.34765625,25780.66796875,29100.0,14165.646484375,12177.22265625,57573.0703125,39000.0,11859.1357421875,21000.0,108200.0,59388.828125,18163.98828125,22800.0
2023-11-23,15309.72265625,57234.25,31188.388671875,17856.759765625,83873.359375,66149.125,65637.765625,18853.265625,10884.73046875,19583.333984375,11962.8447265625,11266.6484375,63300.0,36480.9296875,31379.66015625,49672.30078125,7926.966796875,20247.31640625,24213.455078125,28200.0,13913.9150390625,12106.009765625,56776.2109375,39000.0,11612.0703125,20650.0,105000.0,58789.7890625,17701.80078125,22600.0
2023-11-24,15206.279296875,57137.08203125,31659.83984375,18101.373046875,86220.7265625,66440.5390625,66063.9765625,19097.478515625,11035.4892578125,20000.0,12082.4736328125,11235.177734375,61800.0,37703.484375,31100.31640625,51810.51171875,7926.966796875,20335.34765625,25075.421875,28300.0,13753.7216796875,12106.009765625,57108.234375,39100.0,11612.0703125,20675.0,106300.0,58447.49609375,17748.01953125,22600.0
2023-11-27,15068.3525390625,57622.94140625,31188.388671875,17979.064453125,85047.046875,66076.2890625,65467.27734375,18853.265625,10914.8828125,19924.2421875,11803.33984375,11077.8212890625,60900.0,37165.55859375,31286.544921875,52879.6171875,7782.181640625,20291.33203125,24291.81640625,27400.0,13410.451171875,11856.7685546875,56975.42578125,39800.0,11395.8876953125,20925.0,106000.0,58276.34765625,17748.01953125,22600.0
2023-11-28,15102.8349609375,57622.94140625,31754.177734375,17917.912109375,85137.328125,66367.6796875,65637.765625,19146.32421875,10884.73046875,20227.2734375,11962.8447265625,11235.177734375,61300.0,37165.55859375,31379.66015625,53373.046875,7854.57470703125,20291.33203125,24605.2578125,28150.0,13707.9521484375,11927.9794921875,56975.42578125,40750.0,11550.3037109375,21200.0,106500.0,58618.64453125,17886.677734375,22800.0
2023-11-29,15206.279296875,57327.4375,32121.986328125,17979.064453125,86491.578125,66804.7890625,66319.7109375,19390.537109375,10884.73046875,20454.544921875,12122.349609375,11235.177734375,62900.0,37947.9921875,33335.0703125,54442.15625,7854.57470703125,20291.33203125,24761.978515625,27800.0,13685.068359375,11999.1923828125,56510.59375,41200.0,11612.0703125,21275.0,106800.0,58533.07421875,17794.23828125,23200.0
2023-11-30,15137.3154296875,57327.4375,31754.177734375,17971.736328125,85317.8984375,66950.4921875,65211.54296875,19537.064453125,10854.5791015625,20113.63671875,12202.1025390625,11203.7060546875,60500.0,37654.58203125,32683.267578125,53455.2890625,7818.37744140625,19895.189453125,24526.8984375,27500.0,13501.990234375,12106.009765625,56244.97265625,41300.0,11550.3037109375,20875.0,102000.0,57677.328125,17655.58203125,22100.0
2023-12-01,15137.3154296875,57327.4375,32203.724609375,17971.736328125,85859.59375,67314.7578125,66234.4765625,19683.591796875,10975.185546875,20378.787109375,12202.1025390625,11203.7060546875,61500.0,37899.08984375,32776.3828125,53455.2890625,7854.57470703125,19983.220703125,25075.421875,27500.0,13616.4140625,12177.22265625,56444.1875,40900.0,11704.7197265625,21050.0,105400.0,58533.07421875,17840.45703125,22800.0
2023-12-04,15378.685546875,58312.4453125,32530.6640625,18142.5703125,88026.3984375,68188.9765625,67342.640625,20123.17578125,11156.095703125,20833.333984375,12202.1025390625,11361.0615234375,62200.0,39072.73828125,33055.7265625,53208.57421875,8035.5546875,20027.236328125,26329.193359375,28200.0,13822.3759765625,12248.4345703125,57108.234375,41300.0,11828.2509765625,21475.0,105800.0,58875.37109375,18025.33203125,23000.0
2023-12-05,15275.2412109375,62350.9765625,32408.060546875,18108.404296875,87845.828125,69063.1953125,67342.640625,20123.17578125,11125.9443359375,20643.939453125,12241.9775390625,11361.0615234375,61400.0,39121.640625,33102.28125,52632.8984375,7926.966796875,19983.220703125,26094.111328125,27800.0,13753.7216796875,12141.6162109375,56709.8046875,40500.0,11828.2509765625,21400.0,105100.0,58276.34765625,17701.80078125,22850.0
2023-12-06,15378.685546875,65010.49609375,32694.134765625,18210.90234375,88477.8203125,69208.8984375,68024.5859375,20318.546875,11216.3994140625,20909.091796875,12560.9873046875,11392.533203125,62100.0,40050.78125,33428.1875,53619.765625,7963.16259765625,19983.220703125,26329.193359375,28100.0,13913.9150390625,12426.462890625,57041.83203125,40450.0,11859.1357421875,21400.0,105800.0,58618.64453125,17932.89453125,22900.0
2023-12-07,15447.6474609375,63828.48828125,33184.546875,18381.73828125,87755.5546875,68698.9375,66404.9609375,19732.43359375,11276.7021484375,20909.091796875,12760.3681640625,11486.9462890625,63500.0,39952.9765625,32729.82421875,53948.7265625,7999.35888671875,19983.220703125,25741.48828125,28550.0,14119.8779296875,12497.6748046875,56576.99609375,39700.0,11920.900390625,21400.0,105700.0,58533.07421875,18163.98828125,22800.0
2023-12-08,15447.6474609375,64025.48828125,34247.10546875,18381.73828125,88297.25,68626.0859375,66149.2265625,19585.90625,11306.853515625,20984.84765625,13039.501953125,11455.474609375,66200.0,41664.546875,33195.3984375,53948.7265625,7963.16259765625,19983.220703125,25545.5859375,28200.0,14165.646484375,12426.462890625,56444.1875,39650.0,11951.7841796875,21475.0,104200.0,59046.51171875,18117.76953125,23350.0
2023-12-11,15447.6474609375,64123.98828125,33838.4296875,18347.572265625,88297.25,69208.8984375,66745.9375,19878.9609375,11306.853515625,20833.333984375,12919.873046875,11424.00390625,67500.0,41566.74609375,33195.3984375,53866.484375,8071.7509765625,19939.205078125,25623.947265625,27850.0,14119.8779296875,12355.2509765625,55912.9453125,41000.0,11859.1357421875,22025.0,104200.0,59902.2578125,17932.89453125,23650.0
2023-12-12,15516.611328125,63434.484375,34247.10546875,18450.0703125,87574.984375,70520.2109375,66660.6875,19878.9609375,11337.005859375,21174.2421875,12800.244140625,11486.9462890625,66200.0,41566.74609375,33009.16796875,53455.2890625,8035.5546875,19939.205078125,25545.5859375,28000.0,14211.4169921875,12355.2509765625,55912.9453125,41050.0,11859.1357421875,22125.0,104500.0,59388.828125,17979.11328125,23650.0
2023-12-13,15378.685546875,62941.98046875,34001.8984375,18279.23828125,86581.8671875,69354.59375,65552.515625,19488.220703125,11367.1572265625,20719.697265625,12600.86328125,11361.0615234375,65800.0,40784.3125,32310.806640625,52632.8984375,7890.7705078125,19895.189453125,25075.421875,27450.0,13959.6845703125,12106.009765625,55580.921875,40750.0,11766.4853515625,21950.0,105000.0,58361.91796875,17748.01953125,23000.0
2023-12-14,15516.611328125,,34001.8984375,18279.23828125,,70083.1171875,65552.515625,,11397.3076171875,20492.423828125,12481.2353515625,11361.0615234375,,,,,7818.37744140625,19895.189453125,25075.421875,,13982.5693359375,12034.7978515625,56045.75390625,,11673.8349609375,21900.0,,,17563.14453125,
2023-12-15,15689.017578125,61070.46484375,33920.1640625,18245.0703125,84234.4921875,70083.1171875,64785.32421875,19439.37890625,11457.611328125,20303.03125,12521.111328125,11361.0615234375,63000.0,39855.171875,31938.34765625,51646.03515625,7818.37744140625,19895.189453125,24918.701171875,27100.0,14005.4541015625,12070.404296875,54584.84765625,39900.0,11612.0703125,21850.0,103000.0,58276.34765625,17285.83203125,22550.0
2023-12-18,15723.5,59789.95703125,33511.48828125,17800.90234375,84685.9140625,68480.375,64359.10546875,18999.794921875,11095.7919921875,20151.515625,12321.73046875,11329.58984375,62900.0,38730.42578125,31565.890625,50576.9296875,7745.9853515625,19895.189453125,24840.33984375,26300.0,13753.7216796875,12034.7978515625,54120.015625,39900.0,11457.654296875,21600.0,105000.0,57335.0234375,17008.517578125,22600.0
2023-12-19,15895.9052734375,60085.4609375,33674.95703125,18108.404296875,86084.90625,68917.4765625,63932.890625,19146.32421875,11427.4599609375,20606.060546875,12202.1025390625,11424.00390625,62200.0,39757.3671875,31612.447265625,51152.6015625,7745.9853515625,19895.189453125,25192.9609375,26600.0,14005.4541015625,12106.009765625,53920.80078125,39500.0,11519.419921875,21600.0,104300.0,57335.0234375,16916.08203125,22700.0
2023-12-20,15999.3505859375,60380.9609375,33756.69140625,18142.5703125,85432.046875,68990.3359375,64103.37890625,19292.8515625,11337.005859375,20606.060546875,12281.8544921875,11424.00390625,63900.0,41468.94140625,32031.46484375,50988.125,7745.9853515625,19895.189453125,25310.50390625,26950.0,13891.0302734375,12034.7978515625,53854.39453125,39950.0,11550.3037109375,21625.0,104300.0,58276.34765625,16869.86328125,23000.0
2023-12-21,16033.830078125,60873.46484375,34165.37109375,18142.5703125,84872.4453125,69281.75,63677.15625,19439.37890625,11306.853515625,20606.060546875,12241.9775390625,11424.00390625,63700.0,41713.44921875,31659.005859375,50988.125,7709.7900390625,19895.189453125,25232.14453125,26600.0,14028.3388671875,12034.7978515625,53721.58203125,40200.0,11581.1865234375,21600.0,105300.0,58019.62109375,16823.642578125,22950.0
2023-12-22,15999.3505859375,60873.46484375,34696.65234375,18074.236328125,84406.1171875,68917.4765625,63677.15625,19781.27734375,11427.4599609375,20492.423828125,12441.3583984375,11518.4169921875,63000.0,41420.0390625,31472.775390625,50576.9296875,7745.9853515625,19895.189453125,25349.685546875,27200.0,14005.4541015625,12034.7978515625,53721.58203125,40300.0,11581.1865234375,21575.0,106200.0,57848.47265625,16777.42578125,22950.0
2023-12-25,16102.794921875,60971.96484375,35309.66796875,18381.73828125,85618.578125,69937.40625,65211.54296875,19732.43359375,11548.06640625,20795.455078125,12441.3583984375,11581.3583984375,66400.0,41713.44921875,32264.25,50988.125,7782.181640625,19939.205078125,25506.40625,27500.0,14165.646484375,12141.6162109375,54319.2265625,41200.0,11766.4853515625,21700.0,107800.0,58105.203125,17100.95703125,23400.0
2023-12-26,16033.830078125,61365.96875,35146.1953125,18313.404296875,87577.171875,70811.6171875,65126.3046875,19830.119140625,11578.2177734375,21060.60546875,12481.2353515625,11612.8310546875,66200.0,41762.3515625,32078.021484375,51563.7890625,7745.9853515625,19983.220703125,25663.126953125,27500.0,14096.9931640625,12106.009765625,54983.28125,41900.0,11828.2509765625,21775.0,108000.0,58190.76953125,17100.95703125,23300.0
2023-12-27,16068.3125,61661.47265625,35146.1953125,18347.572265625,87763.703125,70593.0625,65041.05078125,19781.27734375,11638.521484375,21022.7265625,12521.111328125,11581.3583984375,67000.0,41909.05859375,32078.021484375,51070.359375,7782.181640625,19939.205078125,25702.30859375,27400.0,14119.8779296875,12355.2509765625,54916.875,41900.0,11859.1357421875,21800.0,107900.0,58190.765625,17100.95703125,23250.0
2023-12-28,16378.6455078125,61759.97265625,34900.9921875,18518.404296875,87670.4375,70374.515625,64785.32421875,19830.119140625,11668.6728515625,21174.2421875,12600.86328125,11675.7724609375,67000.0,42104.6640625,32124.578125,51152.6015625,7818.37744140625,20819.5234375,25859.029296875,27600.0,14417.37890625,12319.646484375,54983.28125,43700.0,13043.17578125,22225.0,108000.0,59052.859375,17378.26953125,23500.0
2023-12-29,16482.08984375,61956.97265625,35473.13671875,18518.404296875,88043.5078125,70010.2578125,64359.10546875,20709.287109375,12241.552734375,21174.2421875,12560.9873046875,11738.71484375,67000.0,41860.15625,32124.578125,51810.51171875,7818.37744140625,21039.603515625,25702.30859375,27950.0,14554.6865234375,12390.8564453125,53323.15625,43200.0,13009.986328125,22300.0,108000.0,58276.98046875,17748.01953125,23300.0
2024-01-02,16861.3828125,60971.96484375,35146.1953125,18586.740234375,87483.90625,69864.5546875,64444.3515625,20465.07421875,12000.3408203125,20795.455078125,12800.244140625,11864.5986328125,68400.0,41517.84375,32171.134765625,52221.70703125,7926.966796875,21083.619140625,25467.2265625,27750.0,14691.99609375,12319.646484375,55448.11328125,43000.0,13142.7431640625,22000.0,107000.0,58880.4375,17424.48828125,23100.0
2024-01-03,17240.6796875,60577.9609375,35800.078125,18860.07421875,87670.4375,70155.9609375,64785.32421875,21100.029296875,12060.64453125,21060.60546875,12959.7490234375,12053.42578125,68900.0,42251.375,32497.037109375,52221.70703125,8144.14404296875,20511.412109375,25819.849609375,28500.0,14920.8427734375,12426.462890625,56112.16015625,43400.0,13341.875,22075.0,107700.0,59483.89453125,17655.58203125,23250.0
2024-01-04,17447.568359375,59888.45703125,35677.47265625,19543.41015625,89535.7734375,70811.6171875,65382.03125,20904.658203125,12301.8564453125,21022.7265625,13159.12890625,12651.3759765625,68100.0,42251.375,32683.267578125,52558.62109375,8288.927734375,20731.4921875,26329.193359375,28600.0,15149.6904296875,12746.9169921875,57041.83203125,43450.0,13541.0068359375,22075.0,107800.0,59483.89453125,17886.677734375,23400.0
2024-01-05,17551.009765625,59592.95703125,36372.2265625,19816.744140625,89069.4375,70957.328125,65808.25,21295.400390625,12362.1591796875,21060.60546875,13238.8818359375,12903.14453125,67900.0,42887.09765625,32776.3828125,52137.4765625,8361.3212890625,20775.5078125,26760.177734375,29300.0,15195.4599609375,12818.1279296875,57241.046875,43100.0,13740.1396484375,22050.0,107600.0,59311.48828125,17748.01953125,23350.0
2024-01-08,17482.048828125,59395.953125,37925.19921875,20192.578125,87763.703125,70884.484375,65467.27734375,21002.34375,12392.3115234375,21098.484375,13199.005859375,13029.029296875,66600.0,42251.375,32869.49609375,52305.93359375,8469.9091796875,20511.412109375,26720.99609375,29200.0,15607.384765625,12782.5224609375,57639.47265625,43350.0,13872.8955078125,22175.0,106600.0,58794.23046875,17794.23828125,23700.0
2024-01-09,17240.6796875,58706.44921875,37639.12109375,20500.080078125,87577.171875,70374.515625,64700.078125,20904.658203125,12392.3115234375,20984.84765625,13119.25390625,13123.44140625,66100.0,41762.3515625,32264.25,51884.7890625,8469.9091796875,20643.458984375,26642.63671875,29200.0,15790.462890625,12640.0986328125,58303.5234375,43000.0,13906.0849609375,21950.0,106500.0,58708.02734375,17701.80078125,23350.0
2024-01-10,17413.083984375,58312.4453125,38742.55078125,21183.4140625,86271.4453125,68990.3359375,64359.10546875,21100.029296875,12482.7666015625,20719.697265625,13159.12890625,13154.9140625,66200.0,41322.234375,32450.48046875,51210.9609375,8687.0869140625,20599.443359375,26407.5546875,29450.0,15744.693359375,13174.1875,59432.41015625,42700.0,13972.4609375,21800.0,105700.0,58190.765625,18117.76953125,23300.0
2024-01-11,17413.083984375,59494.453125,38006.93359375,21183.4140625,86271.4453125,69208.8984375,64785.32421875,20709.287109375,12543.0693359375,20833.333984375,13199.005859375,12997.5576171875,66100.0,41517.84375,33009.16796875,51716.3359375,8759.4794921875,20775.5078125,26564.275390625,29500.0,15630.26953125,13174.1875,59299.59765625,42000.0,14038.8388671875,21825.0,105800.0,58535.61328125,18163.98828125,23450.0
2024-01-12,17792.37890625,59001.94921875,37598.25390625,21525.08203125,85432.046875,68990.3359375,64018.125,19927.8046875,12603.373046875,20568.181640625,13238.8818359375,13438.1533203125,64800.0,40979.91796875,32543.59375,51463.6484375,8904.263671875,20643.458984375,26525.095703125,29900.0,15859.1171875,13209.7939453125,58901.171875,41300.0,13972.4609375,21500.0,105300.0,57932.140625,18163.98828125,23100.0
2024-01-15,17447.568359375,58607.94921875,38088.66796875,21456.75,85338.78125,69500.296875,64529.58984375,20074.333984375,12663.67578125,20530.302734375,13238.8818359375,13501.0947265625,65600.0,41957.9609375,32264.25,50874.046875,8795.6748046875,20511.412109375,25859.029296875,29800.0,15698.923828125,13031.763671875,59764.4296875,41600.0,14072.02734375,21525.0,105200.0,57759.7265625,17886.677734375,22950.0
2024-01-16,17516.529296875,58509.4453125,38333.875,21456.75,87204.1015625,69718.84375,64444.3515625,20465.07421875,12663.67578125,21060.60546875,13318.634765625,13532.56640625,67100.0,43327.21875,32357.36328125,50874.046875,8831.8720703125,20203.30078125,26250.83203125,29900.0,15630.26953125,13245.3984375,59764.4296875,42650.0,14271.16015625,21575.0,105400.0,58104.5703125,17979.11328125,23100.0
2024-01-17,17516.529296875,59001.94921875,38293.00390625,21285.916015625,85618.578125,69718.84375,64103.37890625,20709.287109375,12573.220703125,20946.96875,13478.138671875,13532.56640625,66300.0,43914.0390625,32171.134765625,50874.046875,8687.0869140625,20291.33203125,26368.373046875,29700.0,15584.5,13067.369140625,60362.078125,41900.0,14204.7822265625,21600.0,104600.0,57845.94140625,17840.45703125,23300.0
2024-01-18,17654.455078125,,38824.28515625,21525.08203125,,69646.0,64188.6171875,,12543.0693359375,20946.96875,13876.900390625,13658.451171875,,,,,8723.2822265625,20291.33203125,26485.9140625,,15744.693359375,13138.5810546875,60494.8828125,,14204.7822265625,21675.0,,,,
2024-01-19,17895.82421875,60282.4609375,40745.06640625,22276.751953125,85618.578125,70155.9609375,65382.03125,20806.97265625,12633.5244140625,21060.60546875,13876.900390625,13878.748046875,67800.0,45038.79296875,32450.48046875,51716.3359375,8795.6748046875,20335.34765625,26407.5546875,30300.0,15996.42578125,13245.3984375,61490.9609375,43050.0,14549.755859375,21650.0,105000.0,58621.8125,18210.208984375,23850.0
2024-01-22,18137.1953125,60282.4609375,40704.1953125,22310.919921875,85338.78125,70228.8125,65041.05078125,20562.759765625,12784.2822265625,21439.39453125,13757.2724609375,13910.2197265625,67700.0,45136.59375,32357.36328125,51295.19140625,8795.6748046875,20467.396484375,26603.455078125,30250.0,15996.42578125,13281.0048828125,61092.53125,43000.0,14549.755859375,21650.0,105600.0,58880.4375,18302.64453125,23900.0
2024-01-23,17964.787109375,61070.46484375,40377.25390625,22003.41796875,83566.7109375,69646.0,64870.5703125,20416.232421875,12663.67578125,21477.2734375,13757.2724609375,13815.8056640625,67500.0,44403.0625,32450.48046875,50789.81640625,8759.4794921875,20335.34765625,26485.9140625,30500.0,16225.271484375,13245.3984375,60760.50390625,42350.0,14446.322265625,21550.0,105000.0,58363.1875,18210.208984375,23750.0
2024-01-24,17792.37890625,61070.46484375,39968.578125,21866.751953125,83286.9140625,69208.8984375,64614.83984375,20416.232421875,12754.130859375,21401.515625,13797.1474609375,13784.3359375,66200.0,43425.0234375,32264.25,50789.81640625,8831.8720703125,20335.34765625,26642.63671875,30750.0,16133.734375,13031.763671875,60494.8828125,42500.0,14377.3662109375,21575.0,104700.0,58018.35546875,18163.98828125,23950.0
2024-01-25,17792.37890625,60676.46484375,39559.90234375,21900.91796875,82074.453125,69281.75,64273.86328125,20416.232421875,12693.8271484375,21401.515625,13916.7763671875,13784.3359375,66800.0,44207.45703125,32124.578125,49526.38671875,8868.0673828125,20335.34765625,26603.455078125,30500.0,16019.3095703125,12924.9462890625,60428.484375,42100.0,14204.9755859375,21400.0,104900.0,57673.5234375,18163.98828125,23800.0
2024-01-26,18137.1953125,60873.46484375,40009.44921875,21935.0859375,82913.8515625,69864.5546875,64103.37890625,20953.501953125,12844.5859375,21477.2734375,13916.7763671875,13847.27734375,65800.0,43914.0390625,32124.578125,48262.96484375,8940.4599609375,20335.34765625,26720.99609375,30300.0,16202.3876953125,13031.763671875,61092.53125,42000.0,14342.8876953125,21400.0,105700.0,57759.7265625,18256.427734375,23750.0
2024-01-29,17895.82421875,61168.96875,39805.109375,22071.751953125,83846.515625,69864.5546875,65296.78515625,21979.197265625,12904.888671875,21212.12109375,14036.4052734375,13941.6904296875,65600.0,43620.62890625,32310.806640625,48768.3359375,8904.263671875,20247.31640625,26603.455078125,30350.0,16133.734375,12924.9462890625,60561.2890625,41800.0,14342.8876953125,21325.0,105800.0,57759.7265625,18256.427734375,23300.0
2024-01-30,17895.82421875,64320.9921875,39600.7734375,22003.41796875,84312.8515625,69646.0,65126.3046875,22418.78125,13176.2529296875,21212.12109375,14156.033203125,13910.2197265625,66100.0,44403.0625,32357.36328125,48178.734375,8904.263671875,20247.31640625,26760.177734375,30700.0,16110.849609375,13031.763671875,60428.484375,42000.0,14411.84375,21350.0,105600.0,57673.5234375,18210.208984375,23400.0
2024-01-31,17757.8984375,64320.9921875,38987.7578125,21593.41796875,84312.8515625,69718.84375,64273.86328125,21881.51171875,13146.1015625,21022.7265625,14076.28125,13689.921875,64400.0,44011.84765625,32217.693359375,47420.6796875,8397.517578125,20159.28515625,26956.078125,29900.0,15813.34765625,12711.310546875,58768.359375,41500.0,14308.4091796875,21250.0,104600.0,57759.7265625,17932.89453125,22450.0
2024-02-01,17930.3046875,65010.49609375,38619.9453125,21900.91796875,84499.3828125,72778.6171875,64359.10546875,23395.6328125,13146.1015625,21098.484375,14275.662109375,13784.3359375,65100.0,45185.49609375,32217.693359375,48431.421875,8397.517578125,20027.236328125,27151.98046875,29800.0,15630.26953125,12711.310546875,59631.625,41200.0,14239.453125,21175.0,105500.0,58190.765625,17701.80078125,22650.0
2024-02-02,18102.712890625,63532.984375,38333.875,21661.75,84592.640625,74308.4921875,64103.37890625,24030.587890625,13477.76953125,21136.36328125,14195.9091796875,13689.921875,65400.0,46359.14453125,32217.693359375,48010.2734375,8288.927734375,20027.236328125,27269.5234375,29900.0,15630.26953125,12462.068359375,59963.64453125,41200.0,13963.6298828125,21050.0,104800.0,58104.5703125,17378.26953125,22300.0
2024-02-05,19171.634765625,62547.9765625,39764.2421875,23165.08984375,84685.9140625,75401.265625,64103.37890625,24470.171875,13658.6796875,21212.12109375,14514.91796875,14445.228515625,64900.0,46359.14453125,32171.134765625,48010.2734375,8506.10546875,20247.31640625,27387.0625,30600.0,16248.158203125,12924.9462890625,59764.4296875,41250.0,14618.7119140625,21100.0,105300.0,58621.8125,17748.01953125,21800.0
2024-02-06,19206.115234375,62843.48046875,39886.84375,23506.7578125,89162.703125,75838.375,64529.58984375,24616.701171875,13869.7412109375,21250.0,14435.166015625,14508.169921875,64800.0,45967.9296875,32310.806640625,48262.96484375,8361.3212890625,20247.31640625,27426.2421875,30800.0,16316.8115234375,12889.33984375,59432.41015625,41000.0,14756.625,21150.0,104500.0,58276.98046875,17840.45703125,21700.0
2024-02-07,19309.560546875,63040.48046875,40009.44921875,24258.427734375,89722.296875,76421.1875,64529.58984375,24763.228515625,14201.408203125,21325.7578125,14475.04296875,14791.41015625,64900.0,45576.7109375,32357.36328125,48684.10546875,8433.712890625,20423.380859375,27504.603515625,31100.0,17072.0078125,13174.1875,59764.4296875,41800.0,14963.4931640625,21200.0,105300.0,58276.98046875,18117.76953125,21900.0
2024-02-15,18757.857421875,62744.98046875,40009.44921875,23916.759765625,88976.171875,75765.5234375,64529.58984375,24372.486328125,14261.7109375,21742.423828125,14514.91796875,15200.5341796875,64900.0,44843.1796875,32869.49609375,49189.4765625,8614.693359375,20467.396484375,27504.603515625,31250.0,17575.47265625,13423.4287109375,59698.02734375,41950.0,15239.3193359375,21275.0,104500.0,58276.98046875,18302.64453125,22000.0
2024-02-16,19033.708984375,62646.48046875,39682.5078125,24087.59375,89069.4375,76566.890625,65296.78515625,26033.13671875,14050.6494140625,21666.666015625,14315.5380859375,15106.1201171875,66200.0,45283.30078125,32869.49609375,48852.5625,8614.693359375,20467.396484375,27426.2421875,30800.0,17621.2421875,13459.03515625,59498.8125,42700.0,15239.3193359375,21975.0,105300.0,60345.98046875,18348.86328125,22500.0
2024-02-19,19102.673828125,63335.984375,40295.51953125,24190.091796875,90095.3671875,76494.03125,67598.3671875,26179.6640625,14080.8017578125,22121.212890625,14116.1572265625,15074.650390625,68900.0,45772.32421875,33754.0859375,48768.3359375,8687.0869140625,20291.33203125,27582.96484375,30700.0,17804.318359375,13387.822265625,59897.2421875,45550.0,15170.361328125,23500.0,105200.0,61983.9453125,18302.64453125,24050.0
2024-02-20,18999.228515625,62843.48046875,40377.25390625,24053.42578125,92053.9609375,75984.0703125,67001.6640625,27547.259765625,14231.5595703125,22121.212890625,14156.033203125,15011.70703125,68800.0,45772.32421875,33614.4140625,49357.93359375,8578.498046875,20247.31640625,27661.326171875,30700.0,17804.318359375,13352.216796875,60627.6953125,46150.0,15308.2734375,24250.0,104300.0,61639.1171875,18117.76953125,25500.0
2024-02-21,19102.673828125,64813.49609375,40663.33203125,24292.59375,94851.953125,77149.703125,66234.4765625,27498.41796875,14171.255859375,21818.181640625,14156.033203125,15106.1201171875,68000.0,45087.69140625,33288.51171875,48936.79296875,8614.693359375,20203.30078125,27387.0625,31500.0,17850.087890625,13886.3056640625,60561.2890625,45000.0,15377.23046875,23625.0,103200.0,61466.70703125,18256.427734375,26000.0
2024-02-22,19068.19140625,64123.98828125,40663.33203125,24395.09375,94385.625,76202.6328125,66404.9609375,27303.046875,13809.4375,21628.787109375,14116.1572265625,15074.650390625,68100.0,44305.2578125,33381.625,48852.5625,8759.4794921875,20247.31640625,27151.98046875,31050.0,18445.091796875,13921.9111328125,59432.41015625,44800.0,15515.142578125,23800.0,103600.0,61725.32421875,18210.208984375,26400.0
2024-02-23,18826.822265625,62350.9765625,42502.375,24053.42578125,93266.4296875,75692.671875,65126.3046875,26912.3046875,13568.224609375,21515.15234375,13637.6435546875,15043.1787109375,66700.0,43033.8046875,32683.267578125,48010.2734375,8578.498046875,20247.31640625,26760.177734375,30650.0,18353.552734375,13601.458984375,59033.9765625,43300.0,15170.361328125,22600.0,103800.0,61208.07421875,18025.33203125,25450.0
2024-02-26,18964.748046875,62350.9765625,43810.140625,24360.927734375,99795.0703125,78679.578125,64955.8125,28133.373046875,13688.8310546875,21818.181640625,13717.3955078125,15106.1201171875,66700.0,43376.12109375,32776.3828125,47673.359375,8506.10546875,20159.28515625,27504.603515625,30500.0,18857.015625,13637.0654296875,59432.41015625,43350.0,15135.8837890625,22300.0,104500.0,61208.07421875,17794.23828125,26000.0
2024-02-27,19033.708984375,62350.9765625,43319.7265625,24702.595703125,104085.328125,78606.7265625,66149.2265625,28231.05859375,13688.8310546875,22992.423828125,13717.3955078125,15263.4755859375,67600.0,43767.3359375,33195.3984375,47420.6796875,8614.693359375,20159.28515625,28131.490234375,30750.0,19200.287109375,13637.0654296875,60494.8828125,44200.0,15135.8837890625,22575.0,103500.0,62070.15234375,17886.677734375,26400.0
2024-02-28,19309.560546875,62449.4765625,44055.34375,24565.9296875,103059.3984375,79043.8359375,66490.203125,28231.05859375,13990.3466796875,23181.818359375,13797.1474609375,15357.8896484375,68300.0,44305.2578125,33707.52734375,48599.87890625,8614.693359375,20203.30078125,28288.2109375,31400.0,19314.7109375,14242.365234375,64678.39453125,44400.0,15239.3193359375,22800.0,103400.0,62242.5703125,18395.083984375,27800.0
2024-02-29,19309.560546875,62350.9765625,43319.7265625,24292.59375,104458.3984375,79408.09375,65978.734375,27938.0,14050.6494140625,23484.84765625,13637.6435546875,15200.5341796875,70400.0,45185.49609375,33381.625,49273.70703125,8542.3017578125,20159.28515625,28993.458984375,31550.0,19314.7109375,14135.546875,64611.9921875,43400.0,15101.40625,22500.0,103100.0,62070.15234375,18395.083984375,26500.0
2024-03-01,19171.634765625,62646.48046875,43728.40625,24326.76171875,106323.7265625,80719.421875,66149.2265625,28475.271484375,14050.6494140625,23371.212890625,13597.7666015625,15106.1201171875,70500.0,45576.7109375,33428.1875,49357.93359375,8614.693359375,20203.30078125,29267.71875,31950.0,19154.517578125,14135.546875,64611.9921875,43950.0,15101.40625,22625.0,103300.0,61639.1171875,18163.98828125,26650.0
2024-03-04,19171.634765625,64419.4921875,43728.40625,24600.095703125,104551.6640625,81156.53125,66319.7109375,29110.2265625,14050.6494140625,23333.333984375,13717.3955078125,15232.0048828125,70800.0,46359.14453125,33474.7421875,49105.24609375,8578.498046875,20115.26953125,29110.998046875,31750.0,19154.517578125,13957.517578125,63748.7265625,43950.0,15170.361328125,22625.0,103600.0,62070.15234375,18117.76953125,27000.0
2024-03-05,19275.078125,64517.9921875,44464.0234375,24907.595703125,105764.1328125,80646.5703125,67342.640625,29012.541015625,14171.255859375,23598.484375,14076.28125,15483.7734375,75700.0,48902.05078125,33474.7421875,49610.6171875,8578.498046875,20115.26953125,29306.900390625,31900.0,19314.7109375,13815.09375,63416.703125,43650.0,15239.3193359375,22650.0,104400.0,62932.25,18256.427734375,26700.0
2024-03-06,19033.708984375,65207.5,44464.0234375,24668.427734375,105391.0625,79480.9453125,68280.3203125,28231.05859375,14141.1044921875,23333.333984375,14235.78515625,15483.7734375,76900.0,47630.6015625,33754.0859375,51632.10546875,8542.3017578125,20027.236328125,29071.81640625,31550.0,19566.443359375,13672.6708984375,63483.109375,43100.0,15101.40625,22650.0,103900.0,61897.7421875,17932.89453125,25850.0
2024-03-07,18964.748046875,67965.515625,43564.93359375,24463.427734375,112759.109375,81083.6796875,68536.046875,28426.427734375,13960.1943359375,23484.84765625,14116.1572265625,15357.8896484375,80800.0,47924.01171875,34918.01953125,51042.5078125,8614.693359375,20027.236328125,29541.98046875,31300.0,19497.787109375,13708.275390625,63615.9140625,43200.0,15066.927734375,22800.0,103900.0,62070.15234375,17979.11328125,26000.0
2024-03-08,18654.4140625,68261.0234375,41766.7578125,23575.08984375,111360.109375,80136.6171875,67768.859375,28328.7421875,13869.7412109375,22954.544921875,13637.6435546875,14854.3525390625,78500.0,46701.4609375,34266.21484375,50537.13671875,8469.9091796875,19983.220703125,28836.734375,30650.0,18765.478515625,13245.3984375,63151.08203125,42550.0,14860.05859375,22400.0,103700.0,60345.98046875,17563.14453125,25400.0
2024-03-11,18447.52734375,66094.0078125,41276.34765625,23335.923828125,110054.3828125,80136.6171875,66319.7109375,28866.01171875,13930.04296875,22651.515625,13199.005859375,14445.228515625,77500.0,45381.10546875,33474.7421875,49947.53515625,8252.732421875,19851.173828125,28484.11328125,30200.0,18490.859375,13174.1875,62487.03515625,42550.0,14687.6689453125,22175.0,103000.0,61393.95703125,17147.17578125,24500.0
2024-03-12,18447.52734375,66882.0078125,42502.375,23575.08984375,110893.7734375,81520.7890625,66404.9609375,30868.5625,13839.5888671875,22878.787109375,13438.2626953125,14539.6416015625,78700.0,45723.41796875,33847.19921875,49779.078125,8180.33984375,19851.173828125,28444.931640625,30250.0,18857.015625,13174.1875,62686.25,42700.0,14687.6689453125,22075.0,102500.0,61131.96484375,17147.17578125,25200.0
2024-03-13,19068.19140625,68162.5234375,42992.7890625,24019.259765625,118634.890625,85236.21875,67342.640625,31552.357421875,13930.04296875,23333.333984375,13557.8916015625,15011.70703125,80900.0,47483.890625,34545.55859375,50200.22265625,8361.3212890625,19895.189453125,29737.884765625,30850.0,19223.171875,13530.2470703125,63748.7265625,42950.0,15204.841796875,22500.0,102200.0,61830.62109375,17609.36328125,25900.0
2024-03-14,18792.337890625,66882.0078125,42257.171875,23540.923828125,119567.5625,85236.21875,69047.5078125,32040.78515625,13839.5888671875,22992.423828125,13358.5107421875,14759.9384765625,78900.0,46212.4375,34778.34765625,49442.16015625,8288.927734375,19895.189453125,29659.521484375,30450.0,18948.556640625,13352.216796875,63084.6796875,42900.0,14963.4931640625,22975.0,102000.0,61568.625,17378.26953125,25900.0
2024-03-15,18861.302734375,66488.0078125,42665.84765625,23745.92578125,118448.359375,84507.6953125,70155.6875,33799.12109375,13869.7412109375,22803.03125,13199.005859375,14980.236328125,78500.0,46310.2421875,35057.69140625,48852.5625,8252.732421875,19895.189453125,29620.341796875,30500.0,18948.556640625,13387.822265625,62420.62890625,42400.0,15515.142578125,22200.0,102700.0,60860.9375,17239.61328125,25750.0
2024-03-18,18550.97265625,63631.484375,42502.375,22755.087890625,110240.9140625,82322.15625,68365.5703125,31796.572265625,13447.6181640625,22424.2421875,12800.244140625,14602.5830078125,77900.0,44892.0859375,33986.87109375,47757.58984375,8071.7509765625,19763.142578125,28719.193359375,30250.0,18353.552734375,13031.763671875,61756.58203125,42100.0,15342.7529296875,23050.0,101800.0,60064.79296875,16823.642578125,27550.0
2024-03-19,18516.48828125,63434.484375,42175.43359375,22755.087890625,110987.0390625,81593.6484375,67939.3515625,31796.572265625,13477.76953125,22575.7578125,12879.99609375,14602.5830078125,77400.0,44500.8671875,34871.46484375,47926.046875,8107.94775390625,19763.142578125,28327.390625,30400.0,18445.091796875,12960.5517578125,61424.5546875,42900.0,15239.3193359375,23500.0,101000.0,59976.3359375,16777.42578125,26750.0
2024-03-20,18964.748046875,64025.48828125,43319.7265625,23472.58984375,114531.171875,83414.9296875,69047.5078125,32040.78515625,13628.52734375,22727.2734375,13557.8916015625,15200.5341796875,77300.0,46945.96875,34871.46484375,47926.046875,8216.5361328125,19851.173828125,29150.177734375,31150.0,19360.48046875,13245.3984375,61889.390625,42500.0,16273.6611328125,23250.0,101200.0,60153.25390625,17239.61328125,26350.0
2024-03-21,19309.560546875,64714.99609375,43319.7265625,23848.42578125,114717.703125,84653.390625,69047.5078125,32480.3671875,14412.4697265625,22916.666015625,13438.2626953125,15578.1865234375,78000.0,47434.98828125,35802.609375,48178.734375,8288.927734375,19851.173828125,29502.80078125,31500.0,20642.025390625,13352.216796875,63217.48828125,42900.0,16756.353515625,23250.0,102600.0,60507.09375,17332.05078125,26950.0
2024-03-22,19413.00390625,64714.99609375,44300.55078125,24395.09375,115277.3046875,83706.3359375,68621.3046875,32480.3671875,14352.166015625,23143.939453125,13398.38671875,15767.013671875,78500.0,48021.81640625,35383.59375,48262.96484375,8361.3212890625,19675.109375,29620.341796875,31650.0,20550.486328125,13352.216796875,64014.34765625,42800.0,16687.3984375,23300.0,102200.0,59976.3359375,17378.26953125,26700.0
2024-03-25,18964.748046875,64123.98828125,43319.7265625,23711.7578125,111919.7109375,83050.65625,68536.046875,31161.6171875,14201.408203125,22878.787109375,13199.005859375,15546.7158203125,75500.0,47239.3828125,34824.90234375,48010.2734375,8288.927734375,19455.029296875,29385.26171875,30850.0,20504.716796875,13530.2470703125,63549.515625,42550.0,16515.0078125,23425.0,100700.0,59534.03125,17470.70703125,26050.0
2024-03-26,19275.078125,64123.98828125,43319.7265625,24053.42578125,112572.5703125,83779.1875,68791.78125,33115.32421875,14593.37890625,23143.939453125,13438.2626953125,15892.8974609375,74000.0,47581.6953125,35383.59375,47926.046875,8325.125,19631.09375,29777.064453125,31000.0,21031.06640625,13637.0654296875,63947.94140625,42750.0,16790.833984375,23525.0,101900.0,59887.875,18117.76953125,26400.0
2024-03-27,19309.560546875,64222.4921875,42911.05078125,24258.427734375,112572.5703125,83924.890625,68450.8125,32626.89453125,14563.2275390625,23181.818359375,13358.5107421875,15924.3671875,75400.0,49586.68359375,35383.59375,48431.421875,8325.125,19543.0625,30168.869140625,30900.0,20847.98828125,13672.6708984375,63615.9140625,42500.0,16687.3984375,23525.0,103000.0,59887.875,18117.76953125,25950.0
2024-03-28,19550.931640625,64320.9921875,42992.7890625,24429.259765625,115557.1015625,85309.0625,68450.8125,32284.998046875,14623.53125,23143.939453125,13478.138671875,16050.25390625,76000.0,49880.09375,34964.578125,48178.734375,8397.517578125,19543.0625,30678.212890625,32000.0,21969.33984375,13601.458984375,63549.515625,43300.0,16721.876953125,23800.0,103200.0,59887.875,18163.98828125,25650.0
2024-03-29,19654.373046875,63926.98828125,42584.109375,24292.59375,115090.765625,84871.953125,68365.5703125,32382.68359375,14533.076171875,22916.666015625,13996.5283203125,15987.3115234375,74200.0,49977.8984375,34731.7890625,47757.58984375,8252.732421875,19455.029296875,30168.869140625,31600.0,21763.375,13601.458984375,63018.2734375,42850.0,16963.224609375,23825.0,103000.0,59799.41015625,18256.427734375,25850.0
2024-04-01,19619.890625,63335.984375,42584.109375,23916.759765625,112199.5078125,85090.515625,68706.5390625,32187.3125,14472.7724609375,22803.03125,13797.1474609375,15672.599609375,73400.0,50271.30859375,34871.46484375,47841.8203125,8288.927734375,19455.029296875,30403.94921875,31400.0,21717.607421875,13352.216796875,63217.48828125,42900.0,16756.353515625,23925.0,102700.0,59268.64453125,18163.98828125,25700.0
2024-04-02,19585.41015625,64419.4921875,42420.640625,23916.759765625,114344.640625,85236.21875,70326.171875,34434.07421875,14412.4697265625,23030.302734375,13837.0244140625,15609.658203125,74500.0,50466.91796875,35290.4765625,47504.90625,8252.732421875,19411.013671875,30482.30859375,30200.0,21809.146484375,13423.4287109375,62752.65625,43150.0,16618.44140625,23900.0,103000.0,59534.03125,18071.552734375,25550.0
2024-04-03,19309.560546875,63434.484375,41685.0234375,23267.58984375,114158.1015625,83852.03125,69729.46875,33457.22265625,14110.953125,22689.39453125,13757.2724609375,15232.0048828125,73400.0,49097.66015625,35011.1328125,47167.9921875,8144.14404296875,19366.998046875,29816.24609375,30100.0,21420.10546875,13174.1875,62287.8203125,43100.0,16239.18359375,23875.0,102200.0,59003.265625,17886.677734375,25500.0
2024-04-04,18999.228515625,62547.9765625,41685.0234375,22925.921875,114344.640625,83050.65625,69473.734375,32333.83984375,14080.8017578125,22424.2421875,13597.7666015625,14980.236328125,73400.0,49586.68359375,34592.1171875,47589.1328125,8107.94775390625,19366.998046875,29502.80078125,29700.0,21053.94921875,13102.9755859375,63748.7265625,43000.0,15997.8359375,23925.0,102200.0,60330.1796875,17840.45703125,25300.0
2024-04-05,18723.376953125,61661.47265625,41031.13671875,22686.75390625,111639.9140625,82832.109375,68962.2734375,30770.876953125,14080.8017578125,22310.60546875,13637.6435546875,14696.9970703125,71900.0,49880.09375,34592.1171875,47252.21875,8071.7509765625,19322.982421875,28836.734375,29600.0,20687.794921875,12960.5517578125,63018.2734375,42950.0,15653.0556640625,23900.0,101900.0,60064.79296875,17979.11328125,24700.0
2024-04-08,18723.376953125,61070.46484375,41521.5546875,22891.755859375,108189.0546875,82030.7421875,68024.5859375,30966.24609375,14412.4697265625,22424.2421875,13837.0244140625,14791.41015625,71900.0,48902.05078125,34499.00390625,46578.39453125,8035.5546875,19278.966796875,28758.375,29000.0,20825.103515625,12996.158203125,63018.2734375,43000.0,15653.0556640625,23850.0,101100.0,59268.64453125,17932.89453125,23600.0
2024-04-09,18826.822265625,60873.46484375,43074.5234375,23404.2578125,109121.71875,82322.15625,68109.8359375,31552.357421875,14442.62109375,22651.515625,14794.0517578125,15106.1201171875,73500.0,51640.56640625,34592.1171875,46325.70703125,8107.94775390625,19278.966796875,29385.26171875,29150.0,20962.412109375,13245.3984375,62619.84375,43200.0,15894.4013671875,23850.0,102200.0,59268.64453125,17886.677734375,24200.0
2024-04-10,18688.896484375,60380.9609375,42502.375,22994.25390625,109961.1171875,82904.96875,67513.125,30917.404296875,14442.62109375,22462.12109375,14953.556640625,14980.236328125,72500.0,50858.1328125,34079.984375,46578.39453125,8107.94775390625,19366.998046875,28954.27734375,29100.0,20893.7578125,13067.369140625,62752.65625,44200.0,15790.9677734375,24250.0,102000.0,59091.7265625,17886.677734375,24250.0
2024-04-11,18723.376953125,59395.953125,43319.7265625,23028.423828125,111826.4453125,83706.3359375,67172.15625,31161.6171875,14472.7724609375,22651.515625,14594.6708984375,14948.7646484375,71800.0,51151.54296875,33800.640625,46662.62109375,8035.5546875,19411.013671875,29110.998046875,28850.0,20642.025390625,13067.369140625,62420.62890625,44150.0,15790.9677734375,24150.0,101000.0,58914.8046875,17886.677734375,23900.0
2024-04-12,19309.560546875,60085.4609375,43646.66796875,24531.76171875,111173.578125,84143.4375,67939.3515625,31259.302734375,14653.6826171875,22689.39453125,15591.5751953125,15515.244140625,71900.0,50858.1328125,34312.7734375,47167.9921875,8180.33984375,19895.189453125,29424.44140625,29100.0,21694.72265625,13316.6103515625,62819.0625,44500.0,16273.6611328125,24225.0,107000.0,59003.265625,18210.208984375,24150.0
2024-04-15,18516.48828125,55948.42578125,40622.4609375,22857.587890625,103618.9921875,81302.234375,64785.32421875,29110.2265625,14171.255859375,21590.908203125,14913.6806640625,14728.466796875,66900.0,48804.25,33521.30078125,46325.70703125,8216.5361328125,19675.109375,27387.0625,27500.0,20321.640625,12462.068359375,61092.53125,42400.0,15515.142578125,23500.0,105900.0,57410.97265625,17193.392578125,22500.0
2024-04-16,18723.376953125,54766.41796875,41112.87109375,23267.58984375,105857.390625,82322.15625,64785.32421875,29647.494140625,14171.255859375,21477.2734375,15511.8212890625,15043.1787109375,66100.0,48804.25,33474.7421875,46157.25,8325.125,19499.046875,27582.96484375,27300.0,20825.103515625,12533.2802734375,60428.484375,42700.0,15549.6201171875,23200.0,106000.0,56614.828125,17332.05078125,22200.0
2024-04-17,18447.52734375,53485.91015625,39314.69921875,22345.0859375,103618.9921875,81447.9296875,64018.125,27986.84375,13869.7412109375,21212.12109375,16030.212890625,14539.6416015625,66800.0,48315.2265625,32869.49609375,45483.421875,8035.5546875,19543.0625,26956.078125,26800.0,20527.6015625,12106.009765625,60096.45703125,41800.0,15418.3642578125,22500.0,103400.0,56791.75,16777.42578125,22000.0
2024-04-19,18344.08203125,50826.38671875,39519.03515625,21593.41796875,100727.7421875,79408.09375,63932.890625,27449.57421875,13417.4658203125,21060.60546875,16030.212890625,14287.873046875,66500.0,47141.578125,32264.25,44219.9921875,8071.7509765625,19455.029296875,26015.75,26800.0,20367.408203125,11821.1630859375,60096.45703125,41500.0,15131.5107421875,21300.0,103300.0,56791.75,16731.20703125,21300.0
2024-04-22,18482.0078125,51909.8984375,40949.40234375,22071.751953125,102593.0703125,80355.1640625,63932.890625,28035.685546875,13507.9208984375,21212.12109375,16189.716796875,14224.9306640625,66900.0,47532.79296875,32264.25,44809.59375,8144.14404296875,19499.046875,27504.603515625,27650.0,20710.6796875,12462.068359375,60162.86328125,41450.0,15203.2236328125,21000.0,103300.0,56614.828125,16916.08203125,22400.0
2024-04-23,18378.5625,49742.87890625,40377.25390625,21525.08203125,102593.0703125,81812.203125,63250.9375,26961.1484375,13387.314453125,20909.091796875,16349.220703125,13847.27734375,64700.0,48706.4453125,32590.150390625,44641.13671875,7926.966796875,19366.998046875,27034.439453125,27800.0,21145.490234375,12284.0400390625,59830.8359375,40200.0,15059.796875,20500.0,102800.0,56172.5234375,17008.517578125,21900.0
2024-04-24,18654.4140625,51515.89453125,40867.66796875,22515.919921875,108468.8515625,87494.6015625,63591.91796875,28817.16796875,13507.9208984375,21818.181640625,16787.859375,14193.458984375,66900.0,51151.54296875,32822.9375,45146.5078125,8107.94775390625,19455.029296875,27935.587890625,28600.0,21511.64453125,12818.1279296875,60162.86328125,40600.0,15346.6513671875,20800.0,103500.0,56614.828125,17193.392578125,22550.0
2024-04-25,18482.0078125,51712.89453125,40540.7265625,22550.087890625,108282.3203125,89753.0,63080.4453125,28719.484375,13568.224609375,21628.787109375,16588.478515625,14004.6328125,68100.0,52618.609375,32683.267578125,45820.33203125,8035.5546875,19366.998046875,27700.5078125,28450.0,21122.603515625,12782.5224609375,60428.484375,40700.0,15167.3671875,21000.0,103500.0,57234.0546875,17193.392578125,22550.0
2024-04-26,18516.48828125,51614.39453125,40213.78515625,22413.419921875,110800.515625,89753.0,62654.23046875,29305.595703125,14231.5595703125,21515.15234375,16668.23046875,14004.6328125,67200.0,53694.453125,33241.95703125,45820.33203125,8288.927734375,19366.998046875,27582.96484375,28200.0,21328.568359375,12746.9169921875,60561.2890625,40800.0,15131.5107421875,22225.0,104000.0,57499.4375,17147.17578125,22450.0
2024-05-02,18619.93359375,53190.40625,40213.78515625,22105.91796875,112106.2421875,92739.9140625,62995.203125,29305.595703125,14261.7109375,21477.2734375,16349.220703125,14099.044921875,68000.0,54379.08203125,33335.0703125,47673.359375,8469.9091796875,19322.982421875,27191.16015625,27600.0,21442.990234375,12568.88671875,61026.125,41150.0,15346.6513671875,22200.0,103900.0,57853.27734375,16916.08203125,22750.0
2024-05-03,18964.748046875,52993.40625,40213.78515625,22140.0859375,110987.0390625,91719.9921875,63250.9375,28719.484375,14744.13671875,21704.544921875,16109.9658203125,14099.044921875,69800.0,54476.88671875,33521.30078125,47757.58984375,8397.517578125,19278.966796875,27151.98046875,27550.0,22060.87890625,12462.068359375,61424.5546875,41100.0,15203.2236328125,22225.0,106000.0,58030.19921875,17008.517578125,23400.0
2024-05-06,19033.708984375,54273.9140625,41276.34765625,22686.75390625,114251.375,92958.46875,63762.3984375,30477.818359375,14653.6826171875,22196.96875,16189.716796875,14413.7568359375,71100.0,57019.79296875,34173.1015625,48010.2734375,8506.10546875,19366.998046875,27935.587890625,28100.0,22129.53125,12675.705078125,61756.58203125,41150.0,15561.791015625,22375.0,113400.0,58207.125,17332.05078125,23350.0
2024-05-07,19068.19140625,53978.4140625,40867.66796875,22413.419921875,114251.375,95653.9609375,65041.05078125,30722.033203125,14653.6826171875,22840.908203125,16269.4697265625,14319.34375,71200.0,57997.83203125,36035.39453125,48599.87890625,8433.712890625,19411.013671875,27857.2265625,28300.0,21923.5703125,12640.0986328125,61690.17578125,41050.0,15561.791015625,22500.0,118600.0,60153.25390625,17378.26953125,23350.0
2024-05-08,18999.228515625,53682.91015625,40704.1953125,22276.751953125,115184.03125,95435.4140625,65978.734375,30966.24609375,14533.076171875,23257.576171875,16189.716796875,14193.458984375,72300.0,57802.2265625,37245.88671875,49610.6171875,8614.693359375,19278.966796875,27935.587890625,27950.0,22060.87890625,12640.0986328125,61756.58203125,40900.0,15454.220703125,22700.0,117400.0,60064.79296875,17147.17578125,23200.0
2024-05-09,19033.708984375,57130.4375,40458.9921875,22481.75390625,116396.5,94925.46875,64870.5703125,31015.08984375,14291.86328125,23068.181640625,15950.4599609375,14256.400390625,71400.0,57606.6171875,37432.1171875,48515.65234375,8506.10546875,19322.982421875,27582.96484375,27800.0,22175.302734375,12924.9462890625,61424.5546875,40950.0,15490.0771484375,22700.0,117900.0,58914.8046875,17332.05078125,22850.0
2024-05-10,19102.673828125,56145.4296875,40091.18359375,22447.587890625,115463.8359375,95435.4140625,64359.10546875,30917.404296875,14291.86328125,23068.181640625,16030.212890625,14224.9306640625,70800.0,57606.6171875,37339.00390625,48515.65234375,8397.517578125,19146.91796875,27778.865234375,27600.0,22198.185546875,12889.33984375,61092.53125,40350.0,15454.220703125,22500.0,116900.0,58826.34375,17100.95703125,22500.0
2024-05-13,19102.673828125,55357.421875,39723.375,22071.751953125,114344.640625,94488.3515625,64103.37890625,31259.302734375,14020.498046875,22878.787109375,15870.7080078125,14256.400390625,70800.0,57019.79296875,37106.21484375,47926.046875,8433.712890625,19146.91796875,27896.40625,27250.0,22152.41796875,12818.1279296875,60428.484375,40100.0,15310.7939453125,22500.0,118800.0,58207.125,17378.26953125,22250.0
2024-05-14,19137.15234375,57524.4375,39314.69921875,22071.751953125,115930.1640625,95071.1640625,64103.37890625,31747.728515625,14050.6494140625,22878.787109375,16030.212890625,14382.28515625,70600.0,58780.265625,36283.78515625,48094.5078125,8397.517578125,19102.90234375,27818.046875,27250.0,21923.5703125,12818.1279296875,60162.86328125,40150.0,15597.6474609375,23025.0,117000.0,58826.34375,17655.58203125,22250.0
2024-05-15,19102.673828125,57721.44140625,39723.375,22105.91796875,117608.9609375,97693.8125,64359.10546875,31991.94140625,14171.255859375,23636.36328125,16428.974609375,14413.7568359375,72200.0,59464.8984375,36961.08203125,48515.65234375,8397.517578125,19146.91796875,28170.669921875,27800.0,22015.109375,12782.5224609375,60428.484375,40250.0,15669.3603515625,23175.0,117300.0,59268.64453125,17609.36328125,22350.0
2024-05-16,19481.966796875,57228.9375,40540.7265625,22686.75390625,117515.6953125,98640.890625,64700.078125,31796.572265625,14593.37890625,23939.39453125,17545.5078125,14728.466796875,72400.0,58584.66015625,36961.08203125,48431.421875,8578.498046875,19455.029296875,28288.2109375,28400.0,22838.958984375,13067.369140625,61490.9609375,40250.0,15992.0703125,23375.0,117500.0,59445.5703125,17932.89453125,22650.0
2024-05-17,19481.966796875,57918.44140625,40336.390625,22618.419921875,117702.2265625,97985.21875,64529.58984375,32578.052734375,14653.6826171875,23939.39453125,18502.533203125,14634.0537109375,75500.0,58291.24609375,36719.1875,48936.79296875,8687.0869140625,19366.998046875,28523.294921875,28500.0,22770.306640625,13102.9755859375,60959.72265625,40850.0,15992.0703125,23425.0,117400.0,59268.64453125,17932.89453125,23100.0
2024-05-20,19481.966796875,61956.97265625,40540.7265625,22789.255859375,116209.9609375,96892.4453125,64785.32421875,32822.265625,14985.349609375,24242.423828125,18343.029296875,14759.9384765625,76400.0,58682.46484375,36767.56640625,48684.10546875,8578.498046875,19366.998046875,28719.193359375,28300.0,22747.419921875,13138.5810546875,61026.125,40450.0,16135.4970703125,23350.0,114600.0,58737.8828125,18302.64453125,22850.0
2024-05-21,19447.486328125,63335.984375,40867.66796875,22994.25390625,117515.6953125,99077.9921875,65382.03125,32578.052734375,14894.89453125,24128.787109375,18183.525390625,14854.3525390625,75800.0,59171.48046875,36283.78515625,48852.5625,8578.498046875,19322.982421875,28836.734375,28300.0,22990.96875,13067.369140625,60494.8828125,40200.0,16207.2109375,23225.0,112500.0,58560.9609375,18302.64453125,23150.0
2024-05-22,19275.078125,62153.9765625,40704.1953125,22550.087890625,117422.4296875,100535.0234375,65296.78515625,32040.78515625,14683.833984375,23712.12109375,18542.41015625,14602.5830078125,73900.0,59660.50390625,36477.296875,48431.421875,8433.712890625,19278.966796875,28562.474609375,28000.0,22601.291015625,12924.9462890625,60229.265625,40350.0,15920.3564453125,22750.0,109100.0,58207.125,17815.873046875,23150.0
2024-05-23,19619.890625,63237.484375,40458.9921875,22720.921875,119007.9609375,100170.765625,68109.8359375,32626.89453125,14894.89453125,24583.333984375,18582.287109375,14836.1875,75800.0,60638.54296875,38992.97265625,50115.99609375,8506.10546875,19322.982421875,28758.375,28550.0,22650.0,13031.763671875,60428.484375,40550.0,15956.21484375,22775.0,111400.0,59268.64453125,18010.58203125,23000.0
2024-05-24,20171.59375,60577.9609375,40213.78515625,22208.419921875,118448.359375,96091.0859375,67342.640625,33457.22265625,14593.37890625,24083.333984375,18741.791015625,14608.439453125,73500.0,59171.48046875,39670.26953125,48852.5625,8361.3212890625,19234.951171875,27622.14453125,28700.0,22601.291015625,12640.0986328125,59897.2421875,39800.0,15776.9296875,22475.0,108000.0,58384.0390625,17523.80859375,22300.0
2024-05-27,20309.521484375,61168.96875,39968.578125,22140.0859375,117795.4921875,96746.75,69047.5078125,34434.07421875,14352.166015625,24083.333984375,18701.9140625,14608.439453125,73500.0,58682.46484375,39960.5390625,49273.70703125,8397.517578125,19058.88671875,27504.603515625,28700.0,22650.0,12604.4931640625,59897.2421875,39800.0,15776.9296875,22525.0,109000.0,58472.50390625,17523.80859375,22300.0
2024-05-28,20447.447265625,61759.97265625,40132.05078125,22003.41796875,118355.09375,99806.5078125,69814.7109375,34775.9765625,14563.2275390625,24291.666015625,19977.951171875,14706.0458984375,75500.0,60149.5234375,40202.43359375,51379.41796875,8469.9091796875,19058.88671875,27896.40625,28850.0,22844.83984375,12711.310546875,60229.265625,39950.0,15992.0703125,22525.0,109600.0,59091.7265625,17572.486328125,22450.0
2024-05-29,20171.59375,60971.96484375,39723.375,21627.583984375,118075.296875,98859.4375,70070.4453125,34092.17578125,14141.1044921875,23833.333984375,20735.59765625,14510.8330078125,75000.0,59171.48046875,40154.0546875,50958.27734375,8361.3212890625,19014.87109375,27582.96484375,28250.0,22650.0,12604.4931640625,59631.625,39450.0,15705.2177734375,22200.0,107900.0,58649.42578125,17572.486328125,22150.0
2024-05-30,20275.037109375,60085.4609375,38987.7578125,21730.083984375,116583.03125,98349.46875,69132.765625,35166.71484375,13930.04296875,23541.666015625,20775.474609375,14218.013671875,77200.0,61420.9765625,40008.91796875,49947.53515625,8252.732421875,18926.83984375,27308.701171875,27850.0,22796.12890625,12604.4931640625,58834.765625,39000.0,15776.9296875,21575.0,107000.0,58118.66015625,17475.1328125,21600.0
2024-05-31,20470.0078125,59888.45703125,38497.34375,21798.416015625,117515.6953125,98058.0703125,68280.3203125,34336.390625,14020.498046875,23833.333984375,20576.09375,14152.9423828125,76600.0,62203.41015625,39670.26953125,49105.24609375,8252.732421875,18926.83984375,27191.16015625,27850.0,22893.548828125,12568.88671875,57905.09375,38850.0,15597.6474609375,21775.0,107100.0,57853.27734375,17523.80859375,21750.0
2024-06-03,20594.5703125,62055.47265625,38660.81640625,22276.751953125,116956.1015625,99733.65625,68536.046875,34189.859375,14472.7724609375,24166.666015625,20576.09375,14706.0458984375,77700.0,62594.625,40154.0546875,50031.76171875,8433.712890625,19014.87109375,27739.685546875,29750.0,22966.61328125,12853.734375,58569.14453125,39300.0,15992.0703125,21975.0,108700.0,58472.50390625,17815.873046875,22300.0
2024-06-04,20345.443359375,61365.96875,38906.01953125,22413.419921875,115650.3671875,101336.3984375,68877.03125,34287.546875,14442.62109375,24416.666015625,20576.09375,14640.9755859375,77500.0,62399.01953125,40347.56640625,51716.3359375,8361.3212890625,19014.87109375,27739.685546875,29950.0,23185.806640625,12853.734375,58901.171875,39400.0,16063.783203125,22050.0,108400.0,58384.0390625,17718.517578125,22100.0
2024-06-05,20220.87890625,62646.48046875,38946.88671875,22140.0859375,114717.703125,102064.8984375,68706.5390625,34336.390625,14291.86328125,24375.0,20536.216796875,14445.76171875,78100.0,60638.54296875,40492.703125,55253.9375,8361.3212890625,19102.90234375,27739.685546875,29600.0,23137.09765625,12818.1279296875,58967.5703125,39300.0,16063.783203125,22100.0,108000.0,60595.55859375,17621.1640625,22500.0
2024-06-06,20220.87890625,63631.484375,39151.2265625,22276.751953125,112759.109375,101700.640625,68450.8125,33994.4921875,14291.86328125,24416.666015625,20815.3515625,14543.3681640625,78100.0,60540.7421875,40541.08203125,55169.70703125,8578.498046875,19102.90234375,27739.685546875,30700.0,23380.646484375,12996.158203125,59100.3828125,39050.0,16063.783203125,21850.0,108600.0,59445.5703125,17621.1640625,22500.0
2024-06-07,20428.486328125,63631.484375,39028.62109375,22413.419921875,113598.5,103449.078125,68450.8125,34189.859375,14291.86328125,24416.666015625,20855.2265625,14608.439453125,77600.0,60736.34765625,40154.0546875,57191.19140625,8542.3017578125,19058.88671875,27778.865234375,30750.0,23916.453125,12889.33984375,58768.359375,39000.0,16063.783203125,21750.0,109000.0,59976.3359375,17523.80859375,22200.0
2024-06-10,20262.400390625,62350.9765625,38946.88671875,22891.755859375,113318.7109375,104906.109375,68450.8125,35362.0859375,14412.4697265625,24416.666015625,20934.978515625,14738.5810546875,77100.0,61616.5859375,40589.4609375,57022.734375,8506.10546875,19058.88671875,27700.5078125,31100.0,23819.033203125,13067.369140625,58436.33203125,38900.0,16171.353515625,21725.0,109000.0,59445.5703125,17572.486328125,22100.0
2024-06-11,20054.794921875,61956.97265625,38701.6796875,22686.75390625,113785.0390625,106727.3984375,68450.8125,34775.9765625,14201.408203125,24250.0,20496.33984375,14673.509765625,75800.0,60931.95703125,41798.91796875,56938.50390625,8433.712890625,18970.85546875,28053.12890625,31200.0,24038.2265625,12960.5517578125,57905.09375,38150.0,16422.349609375,21600.0,105800.0,58826.34375,17815.873046875,21700.0
2024-06-12,20386.96484375,63237.484375,39151.2265625,22891.755859375,114904.234375,111595.9375,68536.046875,34922.50390625,14472.7724609375,24666.666015625,20815.3515625,15031.4013671875,77800.0,62007.80078125,41702.16015625,56433.1328125,8542.3017578125,19014.87109375,28680.013671875,31350.0,24062.58203125,13138.5810546875,58901.171875,38500.0,16458.20703125,21650.0,106300.0,59268.64453125,18886.771484375,21850.0
2024-06-13,20594.5703125,63434.484375,39519.03515625,23165.08984375,114997.5,109905.0859375,68365.5703125,34531.7578125,14533.076171875,24583.333984375,21214.111328125,15324.220703125,78600.0,62594.625,40831.3515625,55253.9375,8687.0869140625,19102.90234375,28601.65234375,31650.0,24062.58203125,13530.2470703125,58701.953125,38250.0,16422.349609375,21600.0,106000.0,59180.1875,18935.44921875,21700.0
2024-06-14,20428.486328125,61858.47265625,38824.28515625,22413.419921875,113505.234375,110750.515625,67342.640625,32236.154296875,14442.62109375,24250.0,21931.8828125,15031.4013671875,78000.0,61616.5859375,39186.484375,53400.90625,8469.9091796875,19366.998046875,28288.2109375,30550.0,23916.453125,13281.0048828125,58104.3125,38200.0,16135.4970703125,21000.0,104800.0,58560.9609375,18205.291015625,21450.0
2024-06-17,20386.96484375,60971.96484375,38006.93359375,22379.251953125,113318.7109375,108890.578125,66149.2265625,32578.052734375,14201.408203125,24541.666015625,21692.626953125,15129.0068359375,76200.0,60638.54296875,38605.9453125,53569.36328125,8433.712890625,19719.125,28131.490234375,30500.0,23672.904296875,13209.7939453125,57838.69140625,38300.0,15812.7880859375,21000.0,104800.0,58384.0390625,18253.96875,21150.0
2024-06-18,20386.96484375,61661.47265625,38006.93359375,22105.91796875,121246.3515625,108214.2421875,66490.203125,33164.16796875,14291.86328125,24500.0,21612.873046875,15129.0068359375,76200.0,60834.15234375,39670.26953125,53569.36328125,8397.517578125,19983.220703125,28288.2109375,30550.0,23770.322265625,13245.3984375,57838.69140625,38300.0,15812.7880859375,21050.0,104600.0,58295.578125,18107.935546875,21100.0
2024-06-19,20470.0078125,61759.97265625,37679.98828125,22208.419921875,119567.5625,111173.21875,66660.6875,32822.265625,14291.86328125,24458.333984375,21572.99609375,15161.54296875,75600.0,61909.99609375,40154.0546875,52221.70703125,8397.517578125,20159.28515625,28366.5703125,30900.0,23526.775390625,13209.7939453125,57506.6640625,38000.0,15776.9296875,20750.0,103300.0,57764.81640625,18497.353515625,20650.0
2024-06-20,20594.5703125,63040.48046875,37189.578125,22003.41796875,121246.3515625,112694.984375,66490.203125,33213.01171875,14231.5595703125,24458.333984375,21572.99609375,15129.0068359375,75800.0,62105.609375,39960.5390625,52305.93359375,8397.517578125,20467.396484375,28131.490234375,30750.0,24160.0,13453.0537109375,57108.234375,38000.0,15776.9296875,20725.0,103800.0,58384.0390625,19178.8359375,20250.0
2024-06-21,20386.96484375,63040.48046875,37271.3125,22003.41796875,122925.1484375,115062.171875,66404.9609375,33750.27734375,13960.1943359375,24208.333984375,22968.6640625,15096.4716796875,76200.0,62105.609375,40928.109375,51800.5625,8361.3212890625,20907.5546875,27818.046875,30650.0,23867.7421875,13342.48046875,57108.234375,37750.0,15633.50390625,20825.0,102500.0,58384.0390625,19081.48046875,20000.0
2024-06-24,20013.2734375,60971.96484375,36780.90234375,21627.583984375,116209.9609375,111680.4765625,65211.54296875,32236.154296875,13477.76953125,23916.666015625,22530.025390625,14738.5810546875,73700.0,60638.54296875,39428.37890625,51800.5625,8180.33984375,19895.189453125,27112.80078125,29500.0,23331.935546875,12826.47265625,56776.2109375,37450.0,15274.9375,20550.0,101600.0,57941.73828125,18351.322265625,19950.0
2024-06-25,19971.751953125,62055.47265625,36127.01953125,21593.41796875,116303.234375,109905.0859375,65041.05078125,32822.265625,13628.52734375,23916.666015625,22609.77734375,14706.0458984375,73900.0,60638.54296875,39670.26953125,51042.5078125,8252.732421875,18618.728515625,27073.619140625,29600.0,23380.646484375,12937.0458984375,56776.2109375,37800.0,15274.9375,20600.0,101600.0,57941.73828125,18497.353515625,21300.0
2024-06-26,20013.2734375,65010.49609375,36372.2265625,21388.416015625,116583.03125,111426.84375,65211.54296875,35117.875,13688.8310546875,24083.333984375,22928.787109375,14640.9755859375,74000.0,61225.37109375,41024.86328125,50537.13671875,8216.5361328125,18618.728515625,26956.078125,29500.0,23380.646484375,12937.0458984375,56576.99609375,37500.0,15239.0810546875,20600.0,101600.0,57676.359375,18497.353515625,20800.0
2024-06-27,19888.7109375,64222.4921875,36045.28515625,21388.416015625,115463.8359375,112272.265625,65211.54296875,35166.71484375,13839.5888671875,24041.666015625,22849.033203125,14640.9755859375,74500.0,62007.80078125,39960.5390625,51042.5078125,8180.33984375,18310.6171875,26877.71875,29200.0,22844.83984375,12863.3310546875,56576.99609375,37600.0,15167.3671875,20500.0,102000.0,57764.81640625,18497.353515625,20400.0
2024-06-28,19764.14453125,62843.48046875,35350.53125,21183.4140625,114251.375,110327.7890625,65296.78515625,33408.37890625,13869.7412109375,23583.333984375,22490.1484375,14445.76171875,74700.0,61514.890625,39573.51171875,50537.13671875,8252.732421875,18310.6171875,26603.455078125,28800.0,22747.419921875,12679.04296875,56576.99609375,37650.0,15059.796875,20600.0,101500.0,57941.73828125,18156.61328125,20450.0
2024-07-01,19764.14453125,62153.9765625,35881.8125,21866.751953125,113785.0390625,108721.4921875,66234.4765625,33506.06640625,13930.04296875,23625.0,22250.892578125,14608.439453125,76000.0,64866.6640625,39476.7578125,51295.19140625,8397.517578125,18354.6328125,26564.275390625,29300.0,22065.484375,12789.615234375,57174.640625,37700.0,15203.2236328125,20675.0,100700.0,58384.0390625,18497.353515625,21850.0
2024-07-02,19971.751953125,62843.48046875,37393.91796875,22071.751953125,114997.5,108214.2421875,66660.6875,33799.12109375,14533.076171875,23916.666015625,23606.6796875,14771.1171875,76300.0,65063.828125,40008.91796875,51547.87890625,8506.10546875,18398.6484375,26916.8984375,29600.0,22309.033203125,12863.3310546875,58569.14453125,38150.0,15346.6513671875,20800.0,101000.0,58560.9609375,18448.677734375,21700.0
2024-07-03,20137.837890625,62941.98046875,38579.08203125,22105.91796875,116396.5,110750.515625,66660.6875,33799.12109375,14774.2880859375,23958.333984375,24085.1953125,14901.2587890625,76500.0,64570.921875,40492.703125,51800.5625,8506.10546875,18442.6640625,26995.259765625,29900.0,22893.548828125,12937.0458984375,58768.359375,38100.0,15310.7939453125,20675.0,101200.0,58560.9609375,18497.353515625,21300.0
2024-07-04,20054.794921875,62843.48046875,38660.81640625,22071.751953125,116583.03125,114808.5390625,66660.6875,34189.859375,14804.439453125,23916.666015625,25002.34765625,14836.1875,76800.0,64176.59375,42476.21484375,51379.41796875,8469.9091796875,18398.6484375,26956.078125,29900.0,22893.548828125,13010.76171875,58436.33203125,38450.0,15239.0810546875,20700.0,101200.0,58737.8828125,18546.03125,21250.0
2024-07-05,20179.359375,63040.48046875,38660.81640625,22345.0859375,116583.03125,117260.28125,67001.6640625,34287.546875,14713.9853515625,23875.0,25680.240234375,14836.1875,76700.0,64669.50390625,42524.59375,50508.58203125,8506.10546875,18398.6484375,27151.98046875,30100.0,22893.548828125,13047.619140625,58436.33203125,38450.0,15203.2236328125,20700.0,101600.0,59445.5703125,18643.38671875,20800.0
2024-07-08,20137.837890625,63631.484375,38415.609375,22276.751953125,118728.15625,118021.1484375,67086.90625,35655.140625,14713.9853515625,24000.0,25720.1171875,14771.1171875,76200.0,66049.640625,44991.890625,49115.2421875,8469.9091796875,18354.6328125,27073.619140625,30150.0,22844.83984375,13084.4775390625,57905.09375,38000.0,15274.9375,20200.0,101300.0,59799.41015625,18546.03125,20300.0
2024-07-09,20179.359375,65700.0,38824.28515625,22345.0859375,119381.0234375,116245.765625,67342.640625,37120.421875,15226.5625,24166.666015625,25480.859375,15063.9365234375,76500.0,65852.484375,44508.109375,49899.0,8542.3017578125,18398.6484375,27151.98046875,30350.0,22747.419921875,13195.05078125,58502.73828125,38300.0,15346.6513671875,20400.0,101400.0,59710.953125,18886.771484375,20500.0
2024-07-10,20137.837890625,64320.9921875,38333.875,22140.0859375,117982.03125,113286.7890625,66916.421875,36143.56640625,15045.6533203125,24125.0,24882.716796875,15161.54296875,76800.0,64275.17578125,45040.26953125,49115.2421875,8578.498046875,18398.6484375,26916.8984375,29850.0,22552.58203125,13158.1923828125,58834.765625,38250.0,15310.7939453125,20300.0,101000.0,59091.7265625,18692.0625,20550.0
2024-07-11,20054.794921875,63729.98828125,38252.140625,22003.41796875,117702.2265625,112441.359375,66660.6875,36094.72265625,15256.71484375,24041.666015625,24922.59375,15031.4013671875,75800.0,63880.8515625,45282.16015625,49028.16015625,8578.498046875,18398.6484375,27269.5234375,29850.0,22211.61328125,13195.05078125,58502.73828125,38450.0,15274.9375,20550.0,101000.0,58649.42578125,18546.03125,20700.0
2024-07-12,19930.23046875,64025.48828125,38088.66796875,21866.751953125,117049.3671875,113117.6953125,66490.203125,37022.73828125,15517.7734375,23750.0,24922.59375,14966.330078125,74800.0,63880.8515625,44798.37890625,48766.90625,8578.498046875,18310.6171875,26995.259765625,29750.0,22211.61328125,13231.908203125,58170.7109375,38500.0,15274.9375,20875.0,102000.0,58649.42578125,18497.353515625,20750.0
2024-07-15,19888.7109375,66192.5078125,38047.80078125,21935.0859375,116956.1015625,112187.734375,66745.9375,37608.84765625,15678.4130859375,23708.333984375,25042.22265625,14998.865234375,74500.0,63387.94140625,46443.2421875,48592.7421875,8650.890625,18310.6171875,26877.71875,29750.0,22065.484375,13010.76171875,58104.3125,38000.0,15274.9375,20675.0,104200.0,58560.9609375,18302.64453125,20350.0
2024-07-16,20013.2734375,67473.015625,38538.2109375,22208.419921875,116956.1015625,113286.7890625,66745.9375,37315.79296875,15903.3076171875,23708.333984375,25201.7265625,15324.220703125,74000.0,63190.77734375,45572.43359375,48592.7421875,8614.693359375,18310.6171875,26956.078125,29900.0,22114.193359375,13158.1923828125,58369.9296875,37900.0,15274.9375,20525.0,105500.0,58472.50390625,18497.353515625,20200.0
2024-07-17,20345.443359375,66389.5078125,39232.9609375,22550.087890625,115463.8359375,111511.3828125,66490.203125,34727.1328125,16192.458984375,23500.0,25520.736328125,15942.39453125,71800.0,62599.2890625,43540.5390625,47025.234375,8578.498046875,18310.6171875,26760.177734375,30400.0,23088.38671875,13158.1923828125,58436.33203125,37300.0,15490.0771484375,20300.0,105500.0,58118.66015625,18497.353515625,19750.0
2024-07-18,20594.5703125,66980.5078125,39641.63671875,22857.587890625,114717.703125,108129.6953125,66575.4453125,35215.55859375,16128.203125,23666.666015625,25440.984375,16202.6787109375,71200.0,64078.01171875,45959.4609375,47286.484375,8752.1259765625,18486.6796875,26916.8984375,30600.0,23088.38671875,13268.7646484375,58436.33203125,37450.0,15454.220703125,20275.0,105700.0,58295.578125,18546.03125,20150.0
2024-07-19,20843.701171875,66783.5078125,38987.7578125,22823.421875,113132.1796875,106523.390625,66319.7109375,33701.43359375,16031.8193359375,23500.0,25680.240234375,16528.033203125,71000.0,64669.50390625,45378.91796875,48070.23828125,8637.4697265625,18530.6953125,27269.5234375,30300.0,22796.12890625,13563.626953125,58104.3125,37850.0,15382.5068359375,20375.0,105600.0,57764.81640625,18302.64453125,19900.0
2024-07-22,20553.048828125,66685.0078125,38987.7578125,22994.25390625,106323.7265625,104917.0859375,65637.765625,31991.94140625,16256.71484375,23375.0,25321.35546875,16397.892578125,72200.0,64373.7578125,44846.7578125,48505.66015625,8561.0322265625,18618.728515625,27151.98046875,30000.0,23039.677734375,13711.056640625,58237.1171875,37900.0,15310.7939453125,20375.0,105300.0,57853.27734375,18302.64453125,20050.0
2024-07-23,19930.23046875,65700.0,37598.25390625,22140.0859375,101100.8046875,106100.6796875,65467.27734375,29891.708984375,16096.0751953125,23166.666015625,25321.35546875,15551.96875,71000.0,61613.47265625,44024.32421875,47634.81640625,8408.15625,18882.82421875,26525.095703125,29000.0,22455.162109375,13084.4775390625,58104.3125,37850.0,15131.5107421875,20425.0,106000.0,58295.578125,17913.2265625,20050.0
2024-07-24,20096.31640625,65897.0,37679.98828125,22003.41796875,102593.0703125,106523.390625,65637.765625,31943.099609375,16096.0751953125,23083.333984375,24882.716796875,15584.5048828125,71500.0,60529.078125,44991.890625,47547.734375,8484.59375,19322.982421875,25780.66796875,29200.0,22406.453125,13231.908203125,58104.3125,37850.0,15059.796875,20450.0,107900.0,58030.19921875,18010.58203125,20150.0
2024-07-25,19971.751953125,68064.0234375,37598.25390625,21559.25,103525.7265625,105677.96875,65467.27734375,32236.154296875,16096.0751953125,22791.666015625,24244.69921875,15584.5048828125,71000.0,60134.75,44846.7578125,47025.234375,8446.375,19278.966796875,24997.0625,28800.0,22162.904296875,13121.3349609375,57971.5,37800.0,14916.37109375,20800.0,107900.0,58030.19921875,17864.55078125,19700.0
2024-07-26,20013.2734375,71413.046875,37802.59375,21900.91796875,105577.59375,108214.2421875,65808.25,32333.83984375,16128.203125,22875.0,23447.17578125,15812.2529296875,74000.0,60134.75,46249.73046875,47896.0703125,8484.59375,19322.982421875,25153.783203125,29100.0,22162.904296875,13158.1923828125,57971.5,37750.0,14988.083984375,20800.0,107800.0,58207.125,17913.2265625,19300.0
2024-07-29,20054.794921875,72201.0546875,38497.34375,21935.0859375,105391.0625,109059.6640625,65637.765625,32724.580078125,16224.5869140625,23250.0,23766.185546875,15682.1103515625,74000.0,61120.56640625,46249.73046875,47808.984375,8446.375,19322.982421875,25232.14453125,29100.0,22162.904296875,13342.48046875,57971.5,37100.0,14988.083984375,20800.0,106200.0,59445.5703125,17913.2265625,18950.0
2024-07-30,20054.794921875,72201.0546875,38252.140625,21866.751953125,104831.4609375,108214.2421875,65808.25,32480.3671875,16256.71484375,23250.0,23526.9296875,15942.39453125,74600.0,62106.3828125,45572.43359375,47721.90234375,8484.59375,19278.966796875,25036.2421875,28900.0,22357.7421875,13268.7646484375,58104.3125,36700.0,14772.9443359375,21100.0,105400.0,59887.875,18059.259765625,18750.0
2024-07-31,20386.96484375,71905.546875,38906.01953125,21866.751953125,104458.3984375,108721.4921875,68109.8359375,32236.154296875,16899.2734375,22666.666015625,23247.794921875,15877.32421875,74100.0,62895.03515625,44411.3515625,48244.40625,8522.8125,19190.935546875,24918.701171875,29000.0,22650.0,13379.337890625,59233.19140625,36700.0,15203.2236328125,21150.0,105900.0,63337.84765625,18497.353515625,18600.0
2024-08-01,19888.7109375,66882.0078125,38252.140625,21490.916015625,98862.40625,105508.8828125,67257.3984375,30673.189453125,16577.994140625,22250.0,23128.16796875,15226.61328125,71800.0,61219.1484375,43830.8125,47896.0703125,8331.71875,19322.982421875,23743.291015625,28050.0,22406.453125,13047.619140625,60229.265625,36450.0,14844.6572265625,21050.0,104200.0,62187.8515625,18059.259765625,18200.0
2024-08-02,19888.7109375,67768.515625,39028.62109375,21559.25,99888.3359375,104156.203125,67257.3984375,31601.201171875,16770.76171875,22708.333984375,22729.40625,15486.8974609375,72200.0,62007.80078125,45959.4609375,47983.15625,8293.5,19895.189453125,24487.716796875,28400.0,22893.548828125,13084.4775390625,58901.171875,36000.0,15131.5107421875,21000.0,104800.0,63249.38671875,18253.96875,17950.0
2024-08-05,19265.888671875,66488.0078125,37679.98828125,20602.578125,94385.625,100267.2578125,65211.54296875,29403.28125,15742.66796875,21625.0,21612.873046875,14933.7939453125,70500.0,60726.23828125,44024.32421875,45283.55859375,7873.09228515625,19278.966796875,23194.765625,27200.0,21724.517578125,12384.1806640625,57705.87890625,34500.0,14521.947265625,20650.0,99900.0,61391.69921875,17669.841796875,16800.0
2024-08-06,19515.017578125,69935.53125,38211.26953125,20875.9140625,98862.40625,102127.1875,65893.4921875,30624.34765625,15967.5634765625,21916.666015625,22211.015625,15226.61328125,73200.0,61416.3125,45475.67578125,46415.64453125,8025.96728515625,19366.998046875,23978.373046875,28400.0,21724.517578125,12789.615234375,57971.5,34800.0,14916.37109375,20650.0,100500.0,64310.9140625,17864.55078125,17000.0
2024-08-07,19431.974609375,70920.5390625,37925.19921875,20636.74609375,98862.40625,103141.6953125,67683.6171875,31796.572265625,15967.5634765625,21708.333984375,22530.025390625,15194.0791015625,73000.0,61416.3125,46249.73046875,46067.3125,8025.96728515625,19014.87109375,23978.373046875,28400.0,21237.419921875,12568.4697265625,58237.1171875,37200.0,14808.80078125,21175.0,99300.0,65283.9765625,17523.80859375,18000.0
2024-08-08,19307.41015625,70428.0390625,37598.25390625,20636.74609375,96997.0859375,102634.4375,69644.2265625,31161.6171875,16031.8193359375,21333.333984375,22609.77734375,14998.865234375,74500.0,61514.890625,46007.8359375,45980.22265625,7949.52978515625,19014.87109375,23508.20703125,28250.0,20311.935546875,12457.896484375,57971.5,37600.0,14808.80078125,20900.0,99300.0,64310.9140625,17377.77734375,17650.0
2024-08-09,19598.05859375,70428.0390625,38170.40234375,21525.08203125,99328.7421875,107284.2734375,69558.984375,31747.728515625,16385.2265625,21708.333984375,22649.65234375,15259.1494140625,75200.0,64669.50390625,46443.2421875,46676.8984375,8025.96728515625,19102.90234375,24526.8984375,28850.0,20555.484375,12605.3271484375,58237.1171875,37200.0,14988.083984375,20600.0,100900.0,64841.6640625,17523.80859375,17500.0
2024-08-12,19764.14453125,70132.5390625,38252.140625,21661.75,101287.3359375,109905.0859375,70326.171875,32431.525390625,16417.353515625,21541.666015625,22809.158203125,15421.8271484375,75200.0,65655.3203125,47265.67578125,47025.234375,8025.96728515625,19146.91796875,25075.421875,29200.0,20701.61328125,12715.900390625,58303.5234375,36500.0,14916.37109375,20300.0,101100.0,64576.28515625,17669.841796875,17400.0
2024-08-13,19598.05859375,70132.5390625,38129.53515625,21764.25,101660.40625,109651.4609375,69473.734375,32333.83984375,16674.376953125,21166.666015625,22968.6640625,15356.755859375,74800.0,65753.8984375,47265.67578125,47286.484375,8025.96728515625,18750.775390625,24840.33984375,29150.0,20458.064453125,12715.900390625,59432.41015625,36350.0,14737.0869140625,20350.0,102800.0,65283.9765625,17669.841796875,17450.0
2024-08-14,19556.5390625,70920.5390625,38456.4765625,21730.083984375,100354.671875,109482.3671875,69899.9609375,32626.89453125,16642.25,21208.333984375,22968.6640625,15226.61328125,76500.0,65655.3203125,47604.32421875,48505.66015625,7987.748046875,19014.87109375,24605.2578125,29200.0,20652.904296875,12679.04296875,58436.33203125,37200.0,14772.9443359375,20400.0,102500.0,65460.89453125,17523.80859375,18000.0
2024-08-15,19515.017578125,69738.53125,38129.53515625,21764.25,99328.7421875,108806.0390625,69218.0078125,31894.2578125,16802.888671875,21000.0,23447.17578125,15129.0068359375,75000.0,64965.24609375,47410.8125,48505.66015625,7949.52978515625,18970.85546875,24213.455078125,28950.0,20604.193359375,12605.3271484375,58170.7109375,37850.0,14916.37109375,20400.0,102800.0,65283.9765625,17523.80859375,17800.0
2024-08-16,19930.23046875,71216.046875,38824.28515625,22208.419921875,103339.1953125,110412.34375,70411.421875,33750.27734375,17381.19140625,21333.333984375,24603.5859375,15649.5751953125,77300.0,68021.2734375,48958.91796875,49028.16015625,8102.4052734375,21600.0,25623.947265625,29350.0,20896.451171875,12900.1884765625,58502.73828125,38400.0,15167.3671875,20575.0,105000.0,65283.9765625,17913.2265625,18300.0
2024-08-19,19971.751953125,71413.046875,39151.2265625,22310.919921875,103432.4609375,110327.7890625,72031.046875,33945.6484375,17349.0625,21541.666015625,25121.974609375,15649.5751953125,77800.0,68021.2734375,48765.40625,50334.4140625,8102.4052734375,19014.87109375,25388.865234375,29650.0,21334.83984375,12900.1884765625,58967.5703125,38600.0,15418.3642578125,20575.0,105000.0,67230.109375,17961.904296875,18300.0
2024-08-20,20013.2734375,71413.046875,40172.91796875,22686.75390625,104458.3984375,111173.21875,72031.046875,34287.546875,17220.55078125,21500.0,24882.716796875,15779.716796875,77600.0,68514.1796875,47846.21484375,50508.58203125,8140.62451171875,19014.87109375,25584.767578125,29650.0,21286.12890625,12937.0458984375,60295.671875,39400.0,15346.6513671875,20850.0,105400.0,66876.265625,18107.935546875,18750.0
2024-08-21,20262.400390625,70920.5390625,41358.08203125,23370.091796875,105204.5234375,112864.0625,72457.2734375,34434.07421875,17413.318359375,21791.666015625,25161.8515625,16105.072265625,77500.0,68809.9296875,47217.296875,49986.08203125,8178.8427734375,19058.88671875,25898.208984375,29950.0,21432.2578125,13195.05078125,61623.76953125,39750.0,15310.7939453125,20925.0,104900.0,66610.8828125,18253.96875,18900.0
2024-08-22,20262.400390625,70920.5390625,41112.87109375,23643.42578125,105391.0625,113117.6953125,72031.046875,33994.4921875,17413.318359375,21458.333984375,25281.478515625,15877.32421875,78000.0,69007.09375,47410.8125,49637.7421875,8140.62451171875,19983.220703125,25937.390625,29900.0,21773.2265625,13268.7646484375,61358.1484375,39800.0,15438.443359375,20775.0,104500.0,65637.8125,18253.96875,19700.0
2024-08-23,20303.921875,71314.546875,41276.34765625,23882.591796875,105297.796875,112525.8984375,72201.546875,34629.4453125,17413.318359375,21708.333984375,25121.974609375,15974.9306640625,77900.0,69007.09375,47410.8125,49550.66015625,8140.62451171875,20000.0,26329.193359375,29950.0,21821.935546875,13195.05078125,61358.1484375,39750.0,15438.443359375,20775.0,104500.0,66257.046875,18253.96875,19500.0
2024-08-26,20303.921875,69837.03125,41031.13671875,23643.42578125,103525.7265625,111173.21875,71775.3203125,34238.703125,17413.318359375,21666.666015625,25121.974609375,15909.859375,76200.0,68809.9296875,46975.40625,49376.4921875,8102.4052734375,19850.0,26603.455078125,29750.0,21919.35546875,13121.3349609375,61092.53125,40500.0,15396.4912109375,21075.0,104500.0,64930.12890625,18497.353515625,19850.0
2024-08-27,20303.921875,,40540.7265625,23814.2578125,,112018.640625,71178.609375,,17413.318359375,21458.333984375,24962.470703125,15877.32421875,,,,,8102.4052734375,19400.0,26172.47265625,,,13084.4775390625,60760.50390625,,15354.5390625,22550.0,,,,
2024-08-28,20345.443359375,68458.0234375,40540.7265625,23848.42578125,102593.0703125,112694.984375,71434.34375,34824.81640625,17381.19140625,21416.666015625,25042.22265625,16040.0009765625,77100.0,68415.6015625,47797.8359375,49986.08203125,8102.4052734375,19250.0,26681.81640625,29550.0,22406.453125,13084.4775390625,60494.8828125,40900.0,15354.5390625,22200.0,103800.0,65372.43359375,18448.677734375,19500.0
2024-08-29,20470.0078125,70428.0390625,40295.51953125,23916.759765625,103805.53125,113033.15625,71093.3671875,34482.91796875,17573.958984375,21333.333984375,25121.974609375,16170.142578125,76900.0,68119.859375,47217.296875,49986.08203125,8064.1865234375,19150.0,26603.455078125,30450.0,22406.453125,13158.1923828125,60760.50390625,41500.0,15354.5390625,22100.0,104700.0,65018.59765625,18448.677734375,19250.0
2024-08-30,20594.5703125,70920.5390625,39968.578125,23950.92578125,106043.921875,113963.1171875,71008.125,34531.7578125,17798.853515625,21250.0,25042.22265625,16170.142578125,76500.0,68809.9296875,47023.78515625,50073.1640625,8064.1865234375,19200.0,26407.5546875,30550.0,22747.419921875,13195.05078125,60893.31640625,41500.0,15396.4912109375,22100.0,105300.0,65372.43359375,18448.677734375,19200.0
2024-09-04,20470.0078125,70920.5390625,40009.44921875,24121.759765625,107442.921875,112441.359375,71519.5859375,33896.8046875,17413.318359375,21041.666015625,24603.5859375,15877.32421875,75300.0,68119.859375,45475.67578125,49811.9140625,7949.52978515625,18500.0,25976.5703125,30100.0,22406.453125,13010.76171875,60428.484375,42500.0,15270.634765625,22000.0,104300.0,65726.28125,18010.58203125,19700.0
2024-09-05,20345.443359375,70822.0390625,39805.109375,23916.759765625,106043.921875,110412.34375,71008.125,33115.32421875,17316.935546875,20875.0,24563.708984375,15584.5048828125,74100.0,66936.875,44556.484375,49637.7421875,7949.52978515625,18500.0,25937.390625,29600.0,22211.61328125,12973.904296875,59830.8359375,43750.0,15228.6826171875,22525.0,103800.0,66080.125,17815.873046875,19700.0
2024-09-06,20428.486328125,70920.5390625,40295.51953125,24258.427734375,106323.7265625,111680.4765625,71690.078125,33701.43359375,17188.423828125,21166.666015625,24763.08984375,15617.0390625,76000.0,67035.4609375,45427.296875,49376.4921875,7911.310546875,18000.0,26172.47265625,29900.0,22211.61328125,13047.619140625,59897.2421875,43900.0,15186.73046875,22325.0,103800.0,66699.34375,17961.904296875,20100.0
2024-09-09,20303.921875,70132.5390625,40091.18359375,24224.26171875,105857.390625,111004.1328125,72201.546875,33701.43359375,17027.78515625,21333.333984375,24563.708984375,15584.5048828125,75400.0,66542.5546875,44943.51171875,48941.078125,7911.310546875,18100.0,25780.66796875,29500.0,22065.484375,12973.904296875,59897.2421875,43000.0,15018.919921875,21850.0,103000.0,66168.5859375,17864.55078125,20100.0
2024-09-10,20137.837890625,70428.0390625,39641.63671875,23882.591796875,105391.0625,109905.0859375,71690.078125,33310.6953125,16899.2734375,20958.333984375,24683.3359375,15454.3623046875,75200.0,66838.296875,44895.13671875,48157.32421875,7873.09228515625,17000.0,25388.865234375,29200.0,21675.806640625,13121.3349609375,59100.3828125,42800.0,15018.919921875,21500.0,104200.0,66257.046875,17669.841796875,19200.0
2024-09-11,20054.794921875,70329.5390625,39478.16796875,23882.591796875,105297.796875,110412.34375,71263.859375,33310.6953125,16931.400390625,21125.0,24563.708984375,15551.96875,75100.0,66838.296875,44314.59375,48244.40625,7873.09228515625,16000.0,25467.2265625,29600.0,21529.677734375,13158.1923828125,58701.953125,43000.0,14976.96875,21500.0,105000.0,65991.65625,17767.1953125,19100.0
2024-09-12,20303.921875,70329.5390625,39519.03515625,23916.759765625,105857.390625,111849.5546875,71263.859375,33750.27734375,16835.017578125,20916.666015625,24483.955078125,15617.0390625,75100.0,66542.5546875,43927.56640625,48244.40625,7911.310546875,15050.0,25271.32421875,29700.0,21724.517578125,13379.337890625,59432.41015625,43100.0,15228.6826171875,21450.0,105300.0,66080.125,18010.58203125,19000.0
2024-09-13,20262.400390625,69837.03125,39396.43359375,23848.42578125,105857.390625,112441.359375,69871.3359375,33799.12109375,16963.529296875,20833.333984375,24284.57421875,15551.96875,74200.0,66246.8046875,44314.59375,48853.98828125,7873.09228515625,15250.0,25310.50390625,29800.0,21627.09765625,13379.337890625,59698.02734375,43000.0,15102.8251953125,21450.0,104800.0,64487.82421875,17961.904296875,19300.0
2024-09-16,20054.794921875,69246.03125,39028.62109375,23677.591796875,104551.6640625,110835.0546875,68272.6640625,34092.17578125,16835.017578125,20708.333984375,24085.1953125,15551.96875,72900.0,65162.41015625,43540.5390625,48592.7421875,7834.873046875,15250.0,25153.783203125,29550.0,21627.09765625,13268.7646484375,59033.9765625,41750.0,15102.8251953125,21025.0,104000.0,63603.22265625,17864.55078125,18900.0
2024-09-17,20345.443359375,70329.5390625,39805.109375,23882.591796875,106137.1875,112356.8125,68366.703125,34775.9765625,17092.0390625,21041.666015625,24483.955078125,15779.716796875,74500.0,65852.484375,43540.5390625,49202.32421875,7949.52978515625,15450.0,25623.947265625,29850.0,22162.904296875,13379.337890625,60096.45703125,44000.0,15228.6826171875,21450.0,105000.0,64930.12890625,18156.61328125,19400.0
2024-09-18,20470.0078125,70329.5390625,40091.18359375,24395.09375,105950.65625,113794.0234375,68742.859375,34727.1328125,17156.294921875,20916.666015625,24404.205078125,15877.32421875,74400.0,67232.625,43540.5390625,48853.98828125,7911.310546875,15600.0,26172.47265625,30250.0,22406.453125,13453.0537109375,60428.484375,43900.0,15312.5859375,21325.0,105100.0,64841.6640625,18156.61328125,19150.0
2024-09-19,20594.5703125,70822.0390625,40254.65625,24600.095703125,106883.328125,114301.2890625,69024.9765625,34873.66015625,17252.6796875,21041.666015625,24483.955078125,15877.32421875,74400.0,67232.625,43879.1875,49202.32421875,7911.310546875,16650.0,26329.193359375,30500.0,22601.291015625,13453.0537109375,60760.50390625,44150.0,15354.5390625,21450.0,105100.0,64841.6640625,18253.96875,19450.0
2024-09-20,21300.43359375,70231.0390625,40091.18359375,24600.095703125,107536.1875,114385.828125,68742.859375,34775.9765625,17381.19140625,21375.0,24882.716796875,16105.072265625,74700.0,67035.4609375,44508.109375,49986.08203125,7987.748046875,16550.0,26329.193359375,30850.0,22942.2578125,13342.48046875,60162.86328125,43750.0,15480.396484375,21150.0,105200.0,64310.9140625,18448.677734375,19500.0
2024-09-23,21300.43359375,70428.0390625,39805.109375,24531.76171875,107256.3828125,113286.7890625,68648.8203125,34727.1328125,17349.0625,21416.666015625,25042.22265625,16137.6083984375,74400.0,66345.390625,43782.43359375,49986.08203125,7911.310546875,15950.0,25939.130859375,30800.0,22747.419921875,13489.9111328125,60362.078125,43650.0,15522.3486328125,21175.0,105000.0,64487.82421875,18497.353515625,19000.0
2024-09-24,21424.998046875,70920.5390625,40254.65625,24634.26171875,107722.71875,113709.4921875,69307.09375,35313.2421875,17349.0625,21541.666015625,25281.478515625,16430.427734375,74800.0,67134.0390625,43734.0546875,50073.1640625,7987.748046875,16500.0,25939.130859375,31850.0,22942.2578125,13622.599609375,60561.2890625,44250.0,16025.7763671875,21275.0,105100.0,64350.515625,18692.0625,19050.0
2024-09-25,21757.16796875,71413.046875,40867.66796875,24600.095703125,107722.71875,113963.1171875,69401.1328125,35166.71484375,17509.703125,21833.333984375,25361.232421875,16755.783203125,75500.0,67725.53125,43927.56640625,49986.08203125,8064.1865234375,16650.0,26768.013671875,32700.0,23185.806640625,13799.515625,61623.76953125,44150.0,16319.4423828125,21300.0,104600.0,63709.765625,18935.44921875,19100.0
2024-09-26,21591.08203125,70920.5390625,40867.66796875,24873.4296875,107349.65625,113540.40625,69589.21875,35557.45703125,18184.388671875,21708.333984375,25600.48828125,16723.248046875,76100.0,67331.203125,44121.08203125,50595.66796875,8217.0615234375,17000.0,26816.771484375,32750.0,23478.064453125,14728.3291015625,61424.5546875,44400.0,16277.48828125,21300.0,105100.0,64716.66796875,19081.48046875,19200.0
2024-09-27,21508.0390625,70231.0390625,40949.40234375,25283.431640625,107256.3828125,113455.859375,69119.0234375,35166.71484375,18184.388671875,21708.333984375,25680.240234375,16723.248046875,75900.0,66542.5546875,43492.16015625,50944.00390625,8408.15625,17000.0,26914.28515625,33600.0,23575.484375,14949.4755859375,61424.5546875,43400.0,16235.537109375,21250.0,105100.0,64991.27734375,19227.513671875,19400.0
2024-09-30,21383.4765625,69147.53125,40622.4609375,25249.263671875,107722.71875,113709.4921875,68836.8984375,34922.50390625,18120.1328125,21958.333984375,25480.859375,16723.248046875,75700.0,67134.0390625,43056.7578125,50334.4140625,8408.15625,17050.0,27206.83203125,33350.0,23575.484375,15214.8505859375,61092.53125,42800.0,16193.5849609375,21000.0,105000.0,64167.44921875,19568.25390625,19100.0
2024-10-01,21383.4765625,69246.03125,40622.4609375,24941.763671875,108189.0546875,114893.0859375,68648.8203125,35166.71484375,17991.62109375,22291.666015625,25281.478515625,16690.7109375,76600.0,66838.296875,43056.7578125,50334.4140625,8446.375,17450.0,27109.31640625,33500.0,24013.87109375,15126.392578125,61092.53125,43450.0,16613.109375,21150.0,105300.0,64167.44921875,19373.544921875,19400.0
2024-10-02,21424.998046875,68458.0234375,40704.1953125,24600.095703125,108189.0546875,114470.3828125,68554.78125,35313.2421875,17702.470703125,21916.666015625,25082.09765625,16723.248046875,76000.0,66443.96875,43492.16015625,49550.66015625,8331.71875,17550.0,26914.28515625,33550.0,24257.419921875,15480.2255859375,61557.36328125,43400.0,16403.345703125,21025.0,105000.0,64167.44921875,19178.8359375,19150.0
2024-10-03,21341.955078125,68064.0234375,40458.9921875,24736.76171875,106883.328125,113286.7890625,68178.625,34727.1328125,17766.7265625,21833.333984375,25002.34765625,16593.10546875,76000.0,65359.57421875,42960.0,49463.578125,8369.9375,17800.0,26865.529296875,33750.0,23721.61328125,15480.2255859375,61490.9609375,41600.0,16151.6328125,20675.0,105500.0,64350.515625,19470.8984375,18650.0
2024-10-04,21092.828125,66882.0078125,40213.78515625,24326.76171875,105857.390625,113371.3203125,68930.9375,34092.17578125,17541.830078125,21833.333984375,25121.974609375,16332.8203125,75600.0,65458.15625,43637.296875,49289.40625,8293.5,17500.0,26621.740234375,33100.0,23429.35546875,15259.0810546875,61291.7421875,41500.0,16151.6328125,20500.0,105300.0,62702.85546875,19470.8984375,18300.0
2024-10-07,21134.349609375,67374.515625,40091.18359375,24463.427734375,106323.7265625,113371.3203125,68554.78125,33994.4921875,17252.6796875,22000.0,25321.35546875,16397.892578125,74800.0,65359.57421875,43492.16015625,49376.4921875,8293.5,17100.0,26914.28515625,33800.0,23526.775390625,15480.2255859375,61092.53125,41200.0,16109.6806640625,20425.0,105000.0,61421.33984375,19470.8984375,18250.0
2024-10-08,21175.869140625,67670.015625,39968.578125,24429.259765625,106230.453125,113117.6953125,68272.6640625,34238.703125,17477.57421875,22458.333984375,26557.515625,16397.892578125,75200.0,64275.17578125,43201.890625,49028.16015625,8217.0615234375,17100.0,26719.255859375,33700.0,23770.322265625,15524.455078125,60760.50390625,41600.0,16109.6806640625,20450.0,104800.0,62428.2421875,19568.25390625,18350.0
2024-10-09,21798.689453125,67374.515625,40418.125,24668.427734375,107256.3828125,114470.3828125,68366.703125,34824.81640625,17349.0625,22916.666015625,26796.7734375,16658.17578125,77000.0,63289.359375,42960.0,49115.2421875,8255.2802734375,17500.0,26621.740234375,34150.0,24013.87109375,15568.6845703125,60428.484375,42500.0,16109.6806640625,20800.0,105600.0,62062.09375,19714.28515625,18500.0
2024-10-10,21757.16796875,67276.015625,40663.33203125,24702.595703125,108002.5234375,119796.5390625,68930.9375,34824.81640625,17638.21484375,22708.333984375,26557.515625,16593.10546875,80000.0,64078.01171875,43056.7578125,50247.33203125,8217.0615234375,17500.0,26865.529296875,33600.0,23916.453125,15435.99609375,61026.125,42150.0,16025.7763671875,20700.0,106000.0,61970.5546875,20006.349609375,18450.0
2024-10-11,21674.125,67276.015625,40377.25390625,24770.927734375,107722.71875,118021.1484375,68836.8984375,34678.28515625,17573.958984375,22750.0,26198.630859375,16625.640625,81100.0,63585.10546875,43250.26953125,50073.1640625,8255.2802734375,17600.0,26768.013671875,33800.0,23819.033203125,15480.2255859375,60760.50390625,43600.0,16025.7763671875,20900.0,108900.0,61970.5546875,20152.380859375,19000.0
2024-10-14,21549.560546875,67276.015625,40377.25390625,24634.26171875,108375.578125,116330.296875,68554.78125,35459.76953125,17349.0625,22541.666015625,25879.623046875,16820.853515625,80300.0,62697.87109375,43008.37890625,49811.9140625,8255.2802734375,17400.0,26963.04296875,33900.0,23721.61328125,15435.99609375,60694.1015625,45350.0,15983.822265625,21075.0,107300.0,61512.87109375,20103.703125,19150.0
2024-10-15,21466.51953125,66783.5078125,40867.66796875,24702.595703125,107629.453125,115823.0625,68366.703125,34922.50390625,17445.447265625,22625.0,25680.240234375,16690.7109375,80800.0,63486.5234375,41460.26953125,49724.83203125,8255.2802734375,17400.0,26572.982421875,33700.0,23624.193359375,15435.99609375,60694.1015625,44650.0,16109.6806640625,20825.0,105900.0,61146.7265625,20298.412109375,18800.0
2024-10-16,21383.4765625,66783.5078125,40745.06640625,24805.09765625,107442.921875,115231.25,67708.4296875,35264.40234375,17381.19140625,22583.333984375,25321.35546875,16593.10546875,80400.0,64570.921875,40492.703125,50334.4140625,8217.0615234375,16700.0,26426.708984375,33600.0,23575.484375,15480.2255859375,60760.50390625,45000.0,16067.728515625,20750.0,105800.0,61787.484375,20298.412109375,18700.0
2024-10-17,21715.646484375,66488.0078125,41112.87109375,24975.9296875,106883.328125,115823.0625,67238.2265625,35166.71484375,17092.0390625,22708.333984375,25600.48828125,16853.388671875,81000.0,64866.6640625,40879.73046875,49899.0,8255.2802734375,16750.0,26768.013671875,34600.0,23721.61328125,15834.060546875,61225.34375,45100.0,16235.537109375,20775.0,105300.0,61879.0234375,20347.08984375,18750.0
2024-10-18,21674.125,66488.0078125,41112.87109375,24770.927734375,106323.7265625,115823.0625,67426.3046875,35020.1875,17349.0625,22458.333984375,25799.869140625,16755.783203125,80400.0,64768.08203125,40976.484375,49986.08203125,8293.5,16700.0,26670.498046875,35550.0,23819.033203125,15745.6015625,61358.1484375,45250.0,16361.39453125,20900.0,106500.0,61695.94921875,20006.349609375,18750.0
2024-10-21,21424.998046875,65503.0,40581.59375,24258.427734375,105391.0625,114554.9140625,67426.3046875,34385.23046875,17316.935546875,22291.666015625,25680.240234375,16625.640625,80200.0,64866.6640625,40250.8125,49289.40625,8255.2802734375,16700.0,26231.677734375,35250.0,23526.775390625,15480.2255859375,61092.53125,47800.0,16109.6806640625,21125.0,105600.0,61604.41015625,20103.703125,19100.0
2024-10-22,21092.828125,64025.48828125,39845.9765625,23916.759765625,103618.9921875,112525.8984375,66956.109375,32968.796875,17349.0625,22208.333984375,25281.478515625,16430.427734375,78900.0,65359.57421875,40444.32421875,48766.90625,8178.8427734375,16700.0,26036.646484375,35000.0,23575.484375,15303.310546875,60694.1015625,48250.0,15732.1103515625,21100.0,104200.0,61604.41015625,20055.025390625,18600.0
2024-10-23,21092.828125,64616.4921875,39559.90234375,23950.92578125,103525.7265625,113455.859375,66673.9921875,32724.580078125,17316.935546875,22041.666015625,25401.107421875,16430.427734375,79400.0,64768.08203125,40928.109375,48766.90625,8140.62451171875,16650.0,26231.677734375,35800.0,23575.484375,15612.9140625,60760.50390625,47000.0,15690.15625,21600.0,104400.0,61604.41015625,19908.994140625,18650.0
2024-10-24,20760.65625,64813.49609375,39232.9609375,23814.2578125,103059.3984375,113540.40625,66768.03125,32138.470703125,17284.806640625,22041.666015625,25361.232421875,16072.537109375,78500.0,64472.33984375,40395.9453125,48679.82421875,8064.1865234375,16650.0,26134.162109375,33400.0,23039.677734375,15082.1640625,60893.31640625,43850.0,15522.3486328125,21025.0,104200.0,62611.3203125,19470.8984375,18150.0
2024-10-25,20677.61328125,64616.4921875,38824.28515625,23643.42578125,101753.671875,113286.7890625,66673.9921875,31503.515625,17284.806640625,22041.666015625,25600.48828125,16040.0009765625,77200.0,64570.921875,40202.43359375,48331.48828125,7949.52978515625,16650.0,26036.646484375,33450.0,22893.548828125,15082.1640625,60959.72265625,43850.0,15312.5859375,20775.0,104200.0,62245.1640625,19568.25390625,18150.0
2024-10-28,20885.220703125,64419.4921875,38824.28515625,23711.7578125,103059.3984375,114047.6640625,66485.90625,31747.728515625,17124.16796875,22291.666015625,25680.240234375,16137.6083984375,77900.0,64570.921875,40637.8359375,48331.48828125,7987.748046875,16650.0,26134.162109375,33750.0,23039.677734375,15214.8505859375,61092.53125,42700.0,15312.5859375,20725.0,103600.0,61512.87109375,19568.25390625,18100.0
2024-10-29,20926.7421875,65798.5,38865.15234375,23882.591796875,104644.921875,114470.3828125,66579.953125,32187.3125,17541.830078125,22541.666015625,25759.9921875,16267.7509765625,78000.0,65556.734375,40541.08203125,48244.40625,8025.96728515625,16600.0,26036.646484375,34050.0,23137.09765625,15126.392578125,61092.53125,42750.0,15732.1103515625,20675.0,103900.0,61329.80078125,19714.28515625,18150.0
2024-10-30,20843.701171875,,38987.7578125,23745.92578125,,114893.0859375,66391.875,,17477.57421875,22500.0,25959.373046875,16267.7509765625,,,,,8025.96728515625,,,,,15259.0810546875,60893.31640625,,15941.8701171875,20500.0,,,,
2024-10-31,21092.828125,66094.0078125,39028.62109375,24395.09375,104738.1953125,114893.0859375,66297.8359375,32138.470703125,17284.806640625,22416.666015625,26278.3828125,16300.28515625,76600.0,65556.734375,39767.02734375,48070.23828125,8102.4052734375,16550.0,25939.130859375,35200.0,23283.2265625,15303.310546875,62155.0078125,41500.0,15899.9189453125,20775.0,105000.0,60505.96875,19908.994140625,17850.0
2024-11-01,20677.61328125,65700.0,39028.62109375,24326.76171875,103898.796875,113794.0234375,66015.7109375,31552.357421875,17059.912109375,22125.0,26158.75390625,16007.4658203125,74500.0,65063.828125,39283.2421875,48157.32421875,8064.1865234375,16950.0,25549.068359375,35000.0,23088.38671875,15082.1640625,62088.6015625,41500.0,15816.0146484375,20600.0,104700.0,60231.3515625,19616.931640625,17750.0
2024-11-04,20553.048828125,65800.0,38987.7578125,24395.09375,103059.3984375,112272.265625,65733.59375,30819.71875,16738.6328125,21916.666015625,25799.869140625,15909.859375,73200.0,64176.59375,38605.9453125,48331.48828125,7987.748046875,16700.0,25597.826171875,34900.0,22844.83984375,14639.87109375,61424.5546875,41500.0,15522.3486328125,20600.0,104000.0,60048.28125,19178.8359375,17700.0
2024-11-05,20553.048828125,,38742.55078125,23950.92578125,,112103.1875,65451.4765625,,16738.6328125,22083.333984375,25839.74609375,15909.859375,,,,,8064.1865234375,,,,,14639.87109375,61490.9609375,,15522.3486328125,20650.0,,,,
2024-11-06,20843.701171875,67400.0,39273.828125,24531.76171875,104178.6015625,113794.0234375,65921.671875,32968.796875,16963.529296875,22458.333984375,25959.373046875,16170.142578125,74200.0,64669.50390625,38847.8359375,48592.7421875,8140.62451171875,16900.0,25792.857421875,35500.0,23283.2265625,14993.705078125,61690.17578125,41550.0,15606.2529296875,20900.0,104900.0,60231.3515625,19324.8671875,18050.0
2024-11-07,20843.701171875,67400.0,38906.01953125,24326.76171875,104924.7265625,114216.7421875,65921.671875,32578.052734375,16867.14453125,22458.333984375,25999.25,16137.6083984375,73300.0,64472.33984375,38992.97265625,48418.5703125,8102.4052734375,16850.0,25695.341796875,35600.0,23234.517578125,14861.017578125,61889.390625,41400.0,15522.3486328125,20850.0,104300.0,60322.89453125,19178.8359375,18050.0
2024-11-08,20677.61328125,66600.0,38742.55078125,23916.759765625,104365.1328125,114808.5390625,65827.6328125,32138.470703125,16867.14453125,22500.0,25680.240234375,15974.9306640625,72300.0,64078.01171875,38751.08203125,48070.23828125,8064.1865234375,16750.0,25451.552734375,35500.0,22990.96875,14728.3291015625,61225.34375,40000.0,15354.5390625,20525.0,104600.0,60139.81640625,18984.126953125,17950.0
2024-11-11,20636.091796875,67500.0,38006.93359375,23882.591796875,107442.921875,116922.09375,65921.671875,32626.89453125,16417.353515625,23083.333984375,25321.35546875,15812.2529296875,73500.0,62106.3828125,37977.02734375,48157.32421875,8025.96728515625,16700.0,25061.490234375,33800.0,22601.291015625,14330.2666015625,61092.53125,40600.0,15270.634765625,20400.0,104500.0,59682.1328125,18692.0625,18000.0
2024-11-12,20636.091796875,67800.0,37843.4609375,23575.08984375,107815.984375,115653.96875,65639.5625,32138.470703125,16577.994140625,22916.666015625,25281.478515625,15682.1103515625,72500.0,59937.5859375,38122.16015625,49289.40625,7987.748046875,16650.0,25061.490234375,33550.0,22455.162109375,14241.8076171875,61026.125,40300.0,15396.4912109375,20275.0,104500.0,59407.51953125,18594.708984375,18000.0
2024-11-13,20677.61328125,67900.0,37720.859375,23472.58984375,108748.6484375,116499.390625,65357.4375,31796.572265625,16481.609375,22541.666015625,25361.232421875,15714.646484375,73000.0,61021.984375,37638.37890625,49463.578125,7987.748046875,16700.0,24817.703125,33400.0,22552.58203125,14286.037109375,61424.5546875,40300.0,15354.5390625,20300.0,103600.0,59499.05859375,18838.095703125,18100.0
2024-11-14,20386.96484375,68600.0,37189.578125,22960.087890625,108468.8515625,114977.6328125,64887.23828125,31057.1171875,16224.5869140625,21916.666015625,25042.22265625,15486.8974609375,71400.0,60430.49609375,37686.7578125,48853.98828125,7911.310546875,16750.0,24086.3359375,32500.0,22211.61328125,13932.2041015625,61092.53125,40350.0,15270.634765625,20350.0,103300.0,59499.05859375,18497.353515625,18100.0
2024-11-15,20262.400390625,68000.0,36535.6953125,22618.419921875,105577.59375,113202.234375,64511.0859375,30564.146484375,15871.1796875,21583.333984375,25082.09765625,15291.6845703125,70600.0,59050.35546875,37154.59375,48331.48828125,7796.65380859375,16800.0,23354.96875,32400.0,21870.646484375,13799.515625,60893.31640625,40250.0,15228.6826171875,20275.0,103300.0,58309.078125,18205.291015625,18200.0
2024-11-18,20345.443359375,67000.0,36331.359375,22755.087890625,105391.0625,113286.7890625,64887.23828125,30712.037109375,15774.7958984375,21500.0,25082.09765625,15226.61328125,70300.0,58064.5390625,36477.296875,48331.48828125,7796.65380859375,16850.0,23696.2734375,32600.0,21870.646484375,14153.3505859375,60428.484375,40800.0,15270.634765625,20200.0,101700.0,57851.39453125,18205.291015625,18100.0
2024-11-19,20179.359375,64000.0,36453.9609375,22789.255859375,102037.7109375,109905.0859375,63852.8046875,29972.58203125,15839.0517578125,21208.333984375,24962.470703125,15063.9365234375,70000.0,56684.39453125,37057.8359375,47896.0703125,7720.21630859375,16900.0,23257.453125,31950.0,21821.935546875,13976.4326171875,59764.4296875,42200.0,15144.77734375,20175.0,101700.0,57668.31640625,18010.58203125,17900.0
2024-11-20,20345.443359375,65700.0,36780.90234375,23233.421875,101654.46875,111934.109375,63570.69140625,30366.958984375,15839.0517578125,21333.333984375,25161.8515625,15324.220703125,70300.0,55994.32421875,37348.109375,48331.48828125,7796.65380859375,16900.0,23696.2734375,32400.0,22260.322265625,14197.578125,59963.64453125,43300.0,15228.6826171875,20175.0,102000.0,58217.54296875,18205.291015625,17900.0
2024-11-21,20636.091796875,65500.0,37066.9765625,23916.759765625,102516.7578125,112441.359375,64134.92578125,30761.333984375,15935.435546875,21541.666015625,25281.478515625,15617.0390625,71300.0,57867.375,37783.51171875,48157.32421875,7834.873046875,16900.0,23988.8203125,33050.0,22601.291015625,14374.49609375,60096.45703125,43300.0,15354.5390625,20175.0,101700.0,58492.15234375,18692.0625,18200.0
2024-11-22,20719.134765625,65800.0,37353.046875,23916.759765625,101462.8515625,113202.234375,65075.32421875,30465.552734375,15871.1796875,21750.0,25401.107421875,15617.0390625,71000.0,58163.12109375,37880.26953125,48244.40625,7834.873046875,16900.0,23745.03125,32650.0,22893.548828125,14241.8076171875,60162.86328125,41600.0,15270.634765625,20225.0,101700.0,58858.30078125,18546.03125,18100.0
2024-11-25,20677.61328125,65700.0,37230.4453125,23985.09375,102516.7578125,113202.234375,65169.36328125,30465.552734375,15871.1796875,21916.666015625,25401.107421875,15584.5048828125,72200.0,58163.12109375,38122.16015625,48331.48828125,7873.09228515625,16850.0,23891.3046875,32850.0,22893.548828125,14286.037109375,60627.6953125,42700.0,15522.3486328125,20500.0,102800.0,58858.30078125,18546.03125,18250.0
2024-11-26,20760.65625,66100.0,37802.59375,24121.759765625,102229.328125,114301.2890625,65451.4765625,30859.9296875,16096.0751953125,21958.333984375,25440.984375,15682.1103515625,72700.0,59148.93359375,37977.02734375,48853.98828125,7911.310546875,16900.0,23988.8203125,33200.0,22942.2578125,14286.037109375,61358.1484375,42400.0,15564.30078125,20525.0,103200.0,59315.98828125,18546.03125,18300.0
2024-11-27,20802.177734375,66100.0,37884.328125,24019.259765625,102420.953125,117429.3515625,65169.36328125,30810.630859375,16160.3310546875,21916.666015625,25759.9921875,15682.1103515625,72700.0,59346.09765625,37831.890625,48853.98828125,7873.09228515625,16950.0,23696.2734375,33200.0,22893.548828125,14286.037109375,61557.36328125,41900.0,15522.3486328125,20375.0,102400.0,59132.91015625,18546.03125,18100.0
2024-11-28,20885.220703125,66200.0,37679.98828125,24190.091796875,103187.4296875,117852.0703125,65169.36328125,30909.2265625,16256.71484375,22000.0,25520.736328125,15617.0390625,72400.0,59148.93359375,38702.703125,48331.48828125,7834.873046875,17000.0,23696.2734375,33150.0,22990.96875,14374.49609375,61490.9609375,41100.0,15857.966796875,20350.0,102200.0,59041.375,18546.03125,18000.0
2024-11-29,20926.7421875,66500.0,38211.26953125,24429.259765625,104912.0078125,121994.640625,65451.4765625,30859.9296875,16288.8427734375,22291.666015625,25720.1171875,15714.646484375,73200.0,59641.84375,38702.703125,48853.98828125,7873.09228515625,17000.0,23940.0625,33300.0,22990.96875,14330.2666015625,61955.796875,40800.0,15941.8701171875,20250.0,102400.0,59132.91015625,18643.38671875,17900.0
2024-12-02,20885.220703125,66500.0,38006.93359375,24497.59375,105199.4375,121185.0390625,65075.32421875,31007.8203125,16320.970703125,22416.666015625,26517.638671875,15714.646484375,72600.0,59543.26171875,38460.8125,48941.078125,7873.09228515625,16950.0,23842.546875,33100.0,23039.677734375,14241.8076171875,62553.44140625,40750.0,15816.0146484375,20175.0,102300.0,59041.375,18692.0625,17850.0
2024-12-03,20760.65625,66400.0,37639.12109375,24531.76171875,105295.25,123571.2421875,64605.125,30465.552734375,16738.6328125,22500.0,27075.90625,15584.5048828125,72700.0,58951.7734375,38702.703125,48941.078125,7873.09228515625,17000.0,23696.2734375,32600.0,23039.677734375,14153.3505859375,61756.58203125,40900.0,15774.0625,20200.0,101500.0,58492.15234375,18692.0625,17700.0
2024-12-04,20802.177734375,65200.0,36903.5078125,24121.759765625,103379.046875,122292.9140625,64511.0859375,29923.28515625,16642.25,22250.0,26677.14453125,15519.43359375,72100.0,57275.88671875,38992.97265625,49986.08203125,7796.65380859375,16950.0,23452.484375,32400.0,22844.83984375,13976.4326171875,62088.6015625,40100.0,15816.0146484375,20000.0,101400.0,57942.93359375,18497.353515625,17300.0
2024-12-05,21341.955078125,68000.0,37598.25390625,24873.4296875,105391.0625,126554.0,64793.203125,30909.2265625,17156.294921875,23208.333984375,26876.525390625,15974.9306640625,73700.0,60134.75,39283.2421875,50073.1640625,8025.96728515625,17200.0,25061.490234375,33950.0,23575.484375,14551.4130859375,62420.62890625,41400.0,16235.537109375,20425.0,103000.0,58858.30078125,18984.126953125,17850.0
2024-12-06,21300.43359375,67300.0,38088.66796875,24770.927734375,110373.1875,127406.2109375,65075.32421875,31599.384765625,17252.6796875,23000.0,27315.1640625,15844.7880859375,73400.0,60233.33203125,39138.109375,50247.33203125,7911.310546875,17250.0,25695.341796875,33800.0,23526.775390625,14374.49609375,62553.44140625,41500.0,16151.6328125,20925.0,102800.0,58675.2265625,18838.095703125,17700.0
2024-12-09,21175.869140625,67900.0,38170.40234375,24907.595703125,111139.6640625,125275.671875,65169.36328125,31648.681640625,17349.0625,23041.666015625,27235.41015625,15877.32421875,73200.0,60233.33203125,38847.8359375,50073.1640625,7911.310546875,17300.0,25549.068359375,34000.0,23526.775390625,14507.18359375,63283.89453125,41450.0,16193.5849609375,20925.0,102700.0,58675.2265625,18886.771484375,17700.0
2024-12-10,21051.306640625,68000.0,38211.26953125,24839.263671875,111331.28125,127406.2109375,64887.23828125,31303.6015625,17991.62109375,23250.0,27155.658203125,15779.716796875,72700.0,59937.5859375,38992.97265625,50595.66796875,7911.310546875,17350.0,25597.826171875,33500.0,23429.35546875,14462.9541015625,62752.65625,40950.0,16193.5849609375,20600.0,102600.0,58492.15234375,18740.740234375,17550.0
2024-12-11,21092.828125,67000.0,38088.66796875,24839.263671875,111618.71875,128258.4296875,64605.125,31007.8203125,18197.240234375,23125.0,26796.7734375,15812.2529296875,72700.0,59148.93359375,38605.9453125,50160.25,8102.4052734375,17350.0,25500.310546875,33650.0,23526.775390625,14418.724609375,61955.796875,40850.0,16067.728515625,20650.0,102900.0,58766.765625,18740.740234375,17350.0
2024-12-12,21009.78515625,67500.0,38088.66796875,24805.09765625,111522.90625,128002.7578125,64417.04296875,31205.0078125,18428.560546875,22916.666015625,26398.01171875,15812.2529296875,72100.0,59148.93359375,38122.16015625,50073.1640625,8025.96728515625,17400.0,25354.037109375,33800.0,23624.193359375,14462.9541015625,62088.6015625,40750.0,16025.7763671875,20450.0,102900.0,59132.91015625,18789.41796875,17300.0
2024-12-13,20885.220703125,67700.0,37925.19921875,24839.263671875,110085.7578125,127406.2109375,64323.00390625,30958.5234375,18274.345703125,22666.666015625,26437.888671875,15779.716796875,71100.0,60134.75,37444.86328125,49986.08203125,7949.52978515625,17350.0,25159.005859375,34000.0,23721.61328125,14374.49609375,61822.984375,40650.0,16151.6328125,20400.0,102400.0,58766.765625,18643.38671875,17350.0
2024-12-16,20885.220703125,68000.0,38211.26953125,24770.927734375,110660.6171875,127747.1015625,64040.890625,30761.333984375,18312.900390625,22500.0,26437.888671875,15682.1103515625,71100.0,60134.75,37444.86328125,49899.0,7949.52978515625,17300.0,25451.552734375,34100.0,23672.904296875,14330.2666015625,61822.984375,40950.0,16193.5849609375,20350.0,102000.0,59499.05859375,18594.708984375,17300.0
2024-12-17,20926.7421875,67800.0,38088.66796875,24770.927734375,111139.6640625,126127.8828125,63946.84375,30662.740234375,18351.453125,22500.0,26517.638671875,15714.646484375,71000.0,59444.6796875,37638.37890625,49899.0,7911.310546875,17300.0,25354.037109375,34100.0,23575.484375,14330.2666015625,61756.58203125,41300.0,16109.6806640625,20275.0,101600.0,59132.91015625,18448.677734375,17150.0
2024-12-18,20885.220703125,67800.0,38293.00390625,24770.927734375,111331.28125,126724.4453125,64417.04296875,30909.2265625,18351.453125,22791.666015625,26876.525390625,15747.1826171875,71400.0,59346.09765625,38025.40625,49986.08203125,7911.310546875,17250.0,25549.068359375,34200.0,23575.484375,14374.49609375,61822.984375,40900.0,16067.728515625,20300.0,100700.0,59224.44921875,18497.353515625,17100.0
2024-12-19,20594.5703125,66500.0,37966.0625,24736.76171875,111139.6640625,126213.109375,64417.04296875,30465.552734375,18120.1328125,22375.0,26637.26953125,15519.43359375,70400.0,58951.7734375,38122.16015625,49550.66015625,7796.65380859375,16500.0,25549.068359375,33900.0,23137.09765625,14153.3505859375,61358.1484375,40200.0,15857.966796875,20150.0,100000.0,58492.15234375,18302.64453125,17050.0
2024-12-20,20594.5703125,67700.0,37966.0625,24702.595703125,110564.8046875,127406.2109375,64511.0859375,30465.552734375,18043.025390625,22250.0,26637.26953125,15617.0390625,70300.0,59740.42578125,37735.13671875,49202.32421875,7758.43505859375,16700.0,25597.826171875,33850.0,23185.806640625,14064.8916015625,61424.5546875,40350.0,15899.9189453125,20250.0,99200.0,59499.05859375,18400.0,17050.0
2024-12-23,20677.61328125,67900.0,38175.3046875,24770.927734375,111618.71875,127661.875,64417.04296875,30416.255859375,18043.025390625,22500.0,26717.021484375,15649.5751953125,70300.0,60134.75,37493.2421875,49811.9140625,7834.873046875,16950.0,25207.763671875,34500.0,23283.2265625,14197.578125,61358.1484375,40600.0,15899.9189453125,20300.0,100600.0,58949.8359375,18448.677734375,17050.0
2024-12-24,20760.65625,67900.0,37680.80859375,24736.76171875,113534.9140625,128173.203125,64134.92578125,30268.365234375,18043.025390625,22250.0,26756.896484375,15551.96875,70200.0,60430.49609375,37202.97265625,49811.9140625,7834.873046875,17050.0,25305.279296875,34700.0,23380.646484375,14197.578125,61158.9375,40350.0,15983.822265625,20300.0,101000.0,58858.30078125,18448.677734375,17050.0
2024-12-25,21134.349609375,69300.0,38224.7578125,26103.43359375,114013.96875,128514.09375,64323.00390625,30662.740234375,18428.560546875,22625.0,27315.1640625,15909.859375,70700.0,61317.73046875,37348.109375,49986.08203125,7873.09228515625,17250.0,25890.373046875,36250.0,23819.033203125,14507.18359375,61358.1484375,40600.0,16109.6806640625,20325.0,102000.0,58949.8359375,18692.0625,17300.0
2024-12-26,21217.390625,69700.0,38570.90625,26103.43359375,112672.625,127661.875,64417.04296875,30465.552734375,18621.328125,22500.0,27036.029296875,16202.6787109375,70500.0,60627.66015625,37202.97265625,50256.765625,7873.09228515625,16900.0,25695.341796875,37100.0,23721.61328125,14639.87109375,61158.9375,40650.0,16571.154296875,20325.0,101500.0,58857.5859375,18740.740234375,17150.0
2024-12-27,21217.390625,69800.0,38719.25390625,26513.435546875,112097.765625,127491.4296875,64417.04296875,30268.365234375,19238.18359375,22375.0,28876.712890625,16300.28515625,70400.0,60529.078125,37251.3515625,50346.9921875,7873.09228515625,16900.0,25939.130859375,37400.0,23965.162109375,14816.7880859375,61225.34375,40350.0,16822.869140625,20275.0,101200.0,58857.5859375,18740.740234375,17150.0
2024-12-30,21092.828125,69800.0,37829.15625,26581.76953125,111235.4765625,128258.4296875,64134.92578125,30120.474609375,20549.001953125,22291.666015625,29389.041015625,16137.6083984375,70100.0,60134.75,36961.08203125,50617.671875,7834.873046875,16700.0,25792.857421875,37850.0,23770.322265625,14728.3291015625,61092.53125,40300.0,16571.154296875,20275.0,100100.0,58396.3203125,18740.740234375,17150.0
2024-12-31,21424.998046875,70900.0,37136.859375,25830.099609375,111714.5234375,129962.859375,64040.890625,29923.28515625,19662.271484375,22208.333984375,29109.58984375,16332.8203125,70000.0,60134.75,36283.78515625,50076.30859375,7834.873046875,16750.0,25402.794921875,36900.0,24013.87109375,14728.3291015625,60561.2890625,40000.0,16529.203125,20275.0,100000.0,58488.57421875,18692.0625,17150.0
2025-01-02,21258.912109375,70800.0,37779.70703125,26035.1015625,111714.5234375,129536.7421875,64040.890625,30071.17578125,19353.84375,22500.0,29109.58984375,16397.892578125,70800.0,59740.42578125,36912.703125,50166.53515625,7834.873046875,16750.0,25305.279296875,37000.0,23721.61328125,14639.87109375,61026.125,40000.0,16529.203125,20275.0,99900.0,58211.8125,18643.38671875,17300.0
2025-01-03,20843.701171875,70500.0,37779.70703125,25420.099609375,110660.6171875,126980.1015625,63946.84375,29873.98828125,18852.6484375,22166.666015625,28317.80859375,16072.537109375,69700.0,57768.79296875,37202.97265625,49625.171875,7834.873046875,16800.0,24720.1875,36100.0,22990.96875,14330.2666015625,61092.53125,40000.0,16067.728515625,20250.0,99500.0,58119.55859375,18253.96875,17200.0
2025-01-06,20594.5703125,70300.0,38373.10546875,25420.099609375,107786.3125,127235.7734375,63476.6484375,28986.642578125,18891.201171875,21708.333984375,28224.658203125,15877.32421875,67200.0,56191.48828125,37106.21484375,48361.984375,7873.09228515625,16750.0,24281.3671875,36250.0,22990.96875,14197.578125,61690.17578125,40000.0,16067.728515625,20250.0,99700.0,57658.2890625,18302.64453125,17150.0
2025-01-07,20760.65625,72600.0,39955.50390625,25590.931640625,107594.6953125,127917.546875,63006.453125,27902.107421875,18698.435546875,21708.333984375,28597.26171875,16201.052734375,66800.0,56290.0703125,36670.8125,48452.2109375,7834.873046875,16800.0,23940.0625,36900.0,23039.677734375,14241.8076171875,61291.7421875,40000.0,16235.537109375,20250.0,99500.0,56920.265625,18205.291015625,16950.0
2025-01-08,20760.65625,72600.0,39906.05078125,25830.099609375,107690.5,126383.5546875,63100.4921875,28247.1875,17965.91796875,21875.0,28783.5625,16163.63671875,67700.0,57275.88671875,37057.8359375,48452.2109375,7873.09228515625,17100.0,24086.3359375,36700.0,23331.935546875,14330.2666015625,61358.1484375,40000.0,16319.4423828125,20250.0,99400.0,56920.265625,18351.322265625,16950.0
2025-01-09,20719.134765625,71500.0,39510.453125,25556.765625,107498.8828125,126809.65625,63006.453125,28197.890625,17233.40234375,21666.666015625,28504.109375,16088.8046875,67300.0,56881.55859375,37735.13671875,48361.984375,7834.873046875,17050.0,23793.7890625,36400.0,23331.935546875,14241.8076171875,61026.125,40400.0,16319.4423828125,20375.0,99300.0,57012.51953125,18205.291015625,17000.0
2025-01-10,20511.529296875,70000.0,38669.8046875,25625.09765625,105391.0625,125531.3359375,62724.33203125,27606.326171875,16655.1015625,21291.666015625,28131.5078125,15826.89453125,65500.0,56684.39453125,36864.32421875,48361.984375,7758.43505859375,17400.0,23111.1796875,35200.0,22796.12890625,14064.8916015625,60694.1015625,40000.0,16193.5849609375,20250.0,98600.0,56551.25390625,18010.58203125,16850.0
2025-01-13,20553.048828125,69900.0,38867.60546875,25761.767578125,105870.109375,125787.0,62442.21484375,27704.919921875,16732.20703125,21583.333984375,28597.26171875,16088.8046875,65000.0,56487.234375,37638.37890625,48813.12109375,7758.43505859375,17500.0,23550.0,35300.0,23185.806640625,14064.8916015625,61026.125,40000.0,16277.48828125,20150.0,98600.0,56643.5078125,17815.873046875,16700.0
2025-01-14,20470.0078125,70000.0,38570.90625,25249.263671875,104337.1484375,123656.4609375,62912.4140625,27359.841796875,16308.119140625,21541.666015625,28736.986328125,15939.140625,63700.0,56388.65234375,38460.8125,49174.03125,7720.21630859375,17450.0,23354.96875,35400.0,22990.96875,14064.8916015625,60893.31640625,40000.0,16277.48828125,20100.0,98500.0,56828.01171875,17669.841796875,16100.0
2025-01-15,20677.61328125,69200.0,38768.70703125,25112.59765625,104720.390625,123997.3515625,62818.37109375,27803.513671875,16693.654296875,21833.333984375,28876.712890625,15976.556640625,65800.0,56487.234375,38702.703125,49625.171875,7758.43505859375,17700.0,23550.0,35100.0,23088.38671875,14153.3505859375,60694.1015625,40000.0,16487.25,20125.0,98700.0,56920.265625,17913.2265625,16500.0
2025-01-16,20636.091796875,69300.0,38966.50390625,25146.763671875,105199.4375,124849.5625,62912.4140625,28050.0,16732.20703125,21916.666015625,29295.890625,16013.97265625,66300.0,56980.140625,38702.703125,48722.89453125,7758.43505859375,17800.0,23793.7890625,35450.0,23234.517578125,14197.578125,61557.36328125,40000.0,16529.203125,20225.0,98900.0,57104.7734375,17913.2265625,16550.0
2025-01-17,20719.134765625,69200.0,39065.40625,25420.099609375,105199.4375,126980.1015625,62818.37109375,28345.78125,17349.0625,22083.333984375,29715.068359375,16088.8046875,65900.0,56881.55859375,38702.703125,48181.53125,7796.65380859375,17900.0,23940.0625,35750.0,23770.322265625,14286.037109375,61424.5546875,40100.0,16655.060546875,20225.0,99000.0,57197.02734375,17961.904296875,16550.0
2025-01-20,20760.65625,69100.0,39461.00390625,25488.431640625,105295.25,127832.3203125,63664.73046875,28296.484375,17734.59765625,22041.666015625,29482.193359375,16350.7158203125,65500.0,56684.39453125,38557.56640625,48813.12109375,7796.65380859375,18000.0,23891.3046875,35950.0,23770.322265625,14507.18359375,60893.31640625,40000.0,16864.8203125,20200.0,98800.0,57104.7734375,17913.2265625,16600.0
2025-01-21,20719.134765625,68700.0,39362.10546875,25488.431640625,104432.9609375,127747.1015625,63100.4921875,28000.703125,17464.72265625,21916.666015625,29668.494140625,16350.7158203125,65700.0,56881.55859375,38557.56640625,48361.984375,7796.65380859375,18450.0,23842.546875,36050.0,23575.484375,14330.2666015625,60694.1015625,40000.0,16864.8203125,20225.0,98800.0,57012.51953125,17913.2265625,16600.0
2025-01-22,20636.091796875,67400.0,39065.40625,25488.431640625,104432.9609375,127576.65625,62818.37109375,27606.326171875,16963.529296875,21791.666015625,31112.330078125,16313.30078125,65200.0,56585.81640625,37880.26953125,48452.2109375,7758.43505859375,18750.0,23793.7890625,36350.0,23575.484375,14241.8076171875,60561.2890625,39500.0,16738.96484375,20200.0,98800.0,56828.01171875,17864.55078125,16300.0
2025-01-23,21009.78515625,68000.0,39461.00390625,26035.1015625,106349.1640625,131496.84375,63006.453125,28050.0,17271.95703125,22208.333984375,32882.19140625,16612.625,65400.0,58360.28125,38315.67578125,48722.89453125,7834.873046875,18750.0,24525.15625,37000.0,23965.162109375,14462.9541015625,61424.5546875,39500.0,17158.486328125,20200.0,99000.0,57197.02734375,18400.0,16450.0
2025-01-24,21051.306640625,69300.0,39559.90234375,25966.765625,106732.3984375,130729.8515625,63852.8046875,28395.078125,17464.72265625,22125.0,33394.51953125,16762.2890625,68000.0,59247.515625,38218.91796875,48542.44140625,7873.09228515625,18750.0,24622.671875,37000.0,24111.291015625,14551.4130859375,61490.9609375,39500.0,17326.296875,20200.0,99800.0,57381.53125,18400.0,16550.0
2025-02-03,20843.701171875,70000.0,38966.50390625,26000.935546875,105774.3046875,123997.3515625,63100.4921875,28838.751953125,17271.95703125,22000.0,32695.890625,16500.37890625,68000.0,58754.609375,38025.40625,47549.93359375,7987.748046875,18700.0,24183.8515625,36550.0,23624.193359375,14286.037109375,60826.91015625,39000.0,16864.8203125,20025.0,98800.0,55813.2265625,18010.58203125,16300.0
2025-02-04,20968.263671875,70300.0,39213.75390625,26923.4375,106828.2109375,124593.90625,63100.4921875,29085.236328125,17426.169921875,22375.0,32695.890625,16799.705078125,68600.0,58754.609375,38702.703125,47549.93359375,8064.1865234375,18800.0,24671.4296875,37300.0,24013.87109375,14639.87109375,61092.53125,38750.0,17074.58203125,20050.0,98200.0,55536.46484375,18253.96875,16300.0
2025-02-05,21092.828125,71800.0,39164.3046875,26889.271484375,107019.8359375,124679.125,63758.765625,29035.939453125,17426.169921875,22333.333984375,33441.09765625,16837.12109375,67500.0,58557.4453125,38605.9453125,47910.84765625,7987.748046875,18650.0,24427.640625,37250.0,24062.58203125,14684.099609375,61490.9609375,38850.0,17116.53515625,20025.0,97700.0,56735.76171875,18546.03125,16850.0
2025-02-06,21175.869140625,70800.0,39362.10546875,26991.771484375,106732.3984375,124849.5625,63570.69140625,28789.455078125,17696.044921875,22333.333984375,34000.0,16911.953125,67400.0,58261.69921875,38605.9453125,47549.93359375,8025.96728515625,18650.0,24427.640625,37350.0,24549.677734375,14639.87109375,61690.17578125,38800.0,17158.486328125,20225.0,98000.0,55997.73046875,18546.03125,16700.0
2025-02-07,21341.955078125,70000.0,40054.40234375,27880.107421875,106444.96875,124508.6796875,63288.5703125,28986.642578125,17657.490234375,22208.333984375,34000.0,17024.19921875,67700.0,58064.5390625,38557.56640625,47279.25390625,8064.1865234375,18700.0,24378.8828125,37450.0,25085.484375,14639.87109375,61756.58203125,38750.0,17200.44140625,20325.0,98100.0,56089.984375,18448.677734375,16850.0
2025-02-10,21424.998046875,70900.0,39906.05078125,27538.439453125,103091.6171875,121014.59375,63288.5703125,28395.078125,17426.169921875,21166.666015625,34046.578125,17136.447265625,68800.0,56585.81640625,39089.73046875,47098.796875,8064.1865234375,18700.0,24281.3671875,38450.0,25085.484375,14816.7880859375,61225.34375,37800.0,17200.44140625,20000.0,96800.0,55905.48046875,18351.322265625,16600.0
2025-02-11,21466.51953125,70100.0,40004.953125,27811.775390625,103953.9140625,123912.1328125,63006.453125,28493.671875,17387.6171875,21750.0,34465.75390625,17211.279296875,68700.0,55600.0,39863.78515625,46557.43359375,8217.0615234375,18950.0,24086.3359375,38500.0,25231.61328125,15037.9345703125,61026.125,37750.0,17326.296875,19975.0,96500.0,55720.97265625,18400.0,16400.0
2025-02-12,21300.43359375,70500.0,39559.90234375,27675.107421875,103858.1015625,123571.2421875,63100.4921875,28345.78125,17387.6171875,21541.666015625,34791.78125,16986.783203125,69000.0,55600.0,40008.91796875,46828.11328125,8140.62451171875,18950.0,24135.09375,38650.0,25036.775390625,14905.24609375,60760.50390625,38000.0,17200.44140625,19950.0,96100.0,56274.4921875,18400.0,16400.0
2025-02-13,21341.955078125,70100.0,39559.90234375,27914.275390625,103953.9140625,121952.03125,62724.33203125,29035.939453125,17503.27734375,21583.333984375,35117.80859375,17136.447265625,68900.0,54022.6953125,40637.8359375,46647.66015625,8217.0615234375,19050.0,24183.8515625,38800.0,25280.322265625,14949.4755859375,60826.91015625,38750.0,17158.486328125,20125.0,96200.0,55997.73046875,18400.0,16650.0
2025-02-14,21383.4765625,70100.0,40202.75,27709.2734375,103474.859375,123486.015625,63664.73046875,29923.28515625,17618.9375,21750.0,34931.5078125,17099.03125,68100.0,54417.01953125,40976.484375,46557.43359375,8255.2802734375,19500.0,24281.3671875,38250.0,25329.033203125,14949.4755859375,60826.91015625,38800.0,17158.486328125,20125.0,96700.0,55628.71875,18497.353515625,16600.0
2025-02-17,21424.998046875,69800.0,39757.703125,27435.939453125,102133.515625,122378.140625,63758.765625,30120.474609375,17464.72265625,21791.666015625,34698.6328125,16949.369140625,66400.0,53332.625,40686.21484375,46106.296875,8408.15625,19850.0,24378.8828125,38300.0,25036.775390625,14905.24609375,60826.91015625,38800.0,17074.58203125,20050.0,97500.0,55351.9609375,18351.322265625,16450.0
2025-02-18,21383.4765625,69500.0,40054.40234375,27538.439453125,102995.8125,122633.8046875,63946.84375,30416.255859375,17503.27734375,22125.0,34093.15234375,16986.783203125,66400.0,53726.94921875,41218.37890625,46196.5234375,8369.9375,19750.0,24525.15625,38650.0,25182.904296875,14949.4755859375,60826.91015625,38900.0,17116.53515625,20100.0,97400.0,55628.71875,18448.677734375,16850.0
2025-02-19,21424.998046875,71300.0,40400.55078125,27675.107421875,103474.859375,122719.03125,64605.125,31205.0078125,17580.384765625,22083.333984375,34186.30078125,17099.03125,67700.0,55008.5078125,41798.91796875,46286.75,8408.15625,19600.0,24720.1875,38750.0,25426.453125,15037.9345703125,60893.31640625,39100.0,17242.392578125,20200.0,97400.0,56089.984375,18546.03125,17200.0
2025-02-20,21549.560546875,72400.0,40450.0,27914.275390625,105678.4921875,121866.8125,64699.1640625,31895.166015625,17618.9375,22125.0,33813.69921875,17099.03125,68000.0,55895.7421875,41702.16015625,46376.9765625,8369.9375,19600.0,24622.671875,38750.0,25864.83984375,15126.392578125,60893.31640625,40550.0,17242.392578125,20475.0,96900.0,55997.73046875,18692.0625,17350.0
2025-02-21,21757.16796875,74900.0,40450.0,28358.44140625,104912.0078125,121014.59375,64323.00390625,31944.462890625,17773.150390625,22041.666015625,33906.8515625,17136.447265625,67600.0,57275.88671875,41798.91796875,46737.88671875,8408.15625,19550.0,24720.1875,38850.0,25816.12890625,15037.9345703125,61822.984375,40300.0,17284.345703125,20325.0,96600.0,56643.5078125,18935.44921875,17250.0
2025-02-24,21715.646484375,74500.0,40647.80078125,28631.77734375,104912.0078125,119736.2734375,64511.0859375,31993.759765625,18081.580078125,23083.333984375,34279.453125,17211.279296875,67600.0,57571.62890625,41605.40625,47279.25390625,8522.8125,19650.0,25207.763671875,39400.0,25816.12890625,15082.1640625,62088.6015625,40250.0,17452.15234375,20300.0,96600.0,58857.5859375,19032.8046875,17350.0
2025-02-25,21591.08203125,76600.0,40796.1484375,28597.609375,105103.6328125,118457.9453125,64605.125,31648.681640625,17888.8125,22916.666015625,34326.02734375,17510.607421875,68400.0,57473.046875,41895.67578125,47279.25390625,8522.8125,19600.0,25207.763671875,39250.0,25718.7109375,14993.705078125,61490.9609375,40750.0,17410.201171875,20350.0,96100.0,58027.3046875,18838.095703125,17250.0
2025-02-26,21549.560546875,76400.0,40746.69921875,28255.94140625,105391.0625,120844.15625,64323.00390625,32141.650390625,17773.150390625,23125.0,34372.60546875,17360.943359375,68300.0,57867.375,41847.296875,47098.796875,8569.439453125,19300.0,25207.763671875,38550.0,25621.291015625,14993.705078125,61291.7421875,40700.0,17284.345703125,20500.0,97100.0,58211.8125,18740.740234375,17150.0
2025-02-27,21674.125,76000.0,40499.44921875,28358.44140625,106157.5390625,120418.046875,63946.84375,32240.24609375,17888.8125,23708.333984375,34232.87890625,17360.943359375,68400.0,57768.79296875,41557.02734375,47098.796875,8527.017578125,19500.0,25451.552734375,38300.0,25572.58203125,14949.4755859375,62420.62890625,41050.0,17326.296875,20525.0,96900.0,57381.53125,18789.41796875,17200.0
2025-02-28,21591.08203125,75700.0,40499.44921875,28358.44140625,106828.2109375,119565.8359375,63946.84375,32930.40234375,17773.150390625,23333.333984375,33673.97265625,17211.279296875,67700.0,57473.046875,42137.56640625,46467.20703125,8484.59375,19400.0,25646.583984375,38250.0,25426.453125,14772.55859375,61955.796875,41200.0,17410.201171875,20600.0,96000.0,57381.53125,18789.41796875,17400.0
2025-03-03,21591.08203125,75600.0,40499.44921875,28187.609375,108552.796875,119736.2734375,64511.0859375,32634.62109375,17734.59765625,23375.0,33441.09765625,17286.111328125,68000.0,57965.95703125,42766.484375,46647.66015625,8416.716796875,19450.0,25939.130859375,38850.0,25426.453125,14330.2666015625,61955.796875,42550.0,17619.962890625,21025.0,96900.0,58304.06640625,18692.0625,17700.0
2025-03-04,21715.646484375,75800.0,40351.1015625,28426.77734375,107307.265625,119310.1640625,64981.27734375,33028.99609375,17696.044921875,23208.333984375,33068.4921875,17510.607421875,69100.0,58656.02734375,43056.7578125,46918.34375,8459.140625,19450.0,25695.341796875,39200.0,26790.32421875,14330.2666015625,61756.58203125,42050.0,17703.8671875,20975.0,96800.0,58580.82421875,18594.708984375,17700.0
2025-03-05,21715.646484375,75100.0,40202.75,28153.443359375,105391.0625,118543.171875,64323.00390625,32536.02734375,17657.490234375,22958.333984375,33347.9453125,17622.8515625,68200.0,58754.609375,42331.08203125,46737.88671875,8476.109375,19450.0,25451.552734375,38800.0,26595.484375,14241.8076171875,61756.58203125,42700.0,17619.962890625,21125.0,96400.0,57842.796875,18497.353515625,17750.0
2025-03-06,21923.25390625,75200.0,40351.1015625,28460.943359375,106444.96875,120673.7109375,64228.96484375,33521.96875,17773.150390625,23291.666015625,33115.0703125,18034.427734375,69200.0,61021.984375,42234.32421875,46376.9765625,8484.59375,19450.0,26231.677734375,39500.0,26985.162109375,14330.2666015625,62088.6015625,43600.0,17578.01171875,21175.0,96500.0,58027.3046875,18643.38671875,17850.0
2025-03-07,22130.859375,75000.0,40697.25,28973.4453125,106540.78125,120503.265625,63758.765625,33028.99609375,18043.025390625,23375.0,32975.34375,18333.75390625,69000.0,61021.984375,41460.26953125,46196.5234375,8484.59375,19650.0,26231.677734375,39750.0,27033.87109375,14462.9541015625,63151.08203125,44950.0,17578.01171875,22650.0,97000.0,57842.796875,18740.740234375,18200.0
2025-03-10,21964.775390625,80200.0,40944.5,29007.61328125,105870.109375,118713.6171875,63758.765625,32831.80859375,18274.345703125,23291.666015625,32416.439453125,18333.75390625,68900.0,61317.73046875,41605.40625,46376.9765625,8484.59375,19800.0,25987.888671875,40000.0,27082.58203125,14330.2666015625,64279.96875,45300.0,17578.01171875,23650.0,97700.0,57658.2890625,18886.771484375,18250.0
2025-03-11,21964.775390625,80200.0,40944.5,29110.11328125,104528.7734375,117179.625,63382.609375,32930.40234375,18351.453125,23458.333984375,32276.712890625,18558.25,68900.0,62106.3828125,41895.67578125,46196.5234375,8476.109375,19800.0,26036.646484375,39900.0,27277.419921875,14374.49609375,64279.96875,45500.0,17452.15234375,23650.0,97700.0,57566.0390625,19178.8359375,18200.0
2025-03-12,21840.2109375,80600.0,40450.0,29144.279296875,105391.0625,115816.078125,63852.8046875,32338.83984375,18235.79296875,23166.666015625,32882.19140625,18408.5859375,68700.0,61810.63671875,41508.6484375,46106.296875,8467.625,19850.0,26036.646484375,39750.0,27131.291015625,14286.037109375,66216.6640625,46950.0,17200.44140625,24050.0,97400.0,57381.53125,19081.48046875,18300.0
2025-03-13,21674.125,78800.0,39757.703125,28905.111328125,104337.1484375,116327.40625,64228.96484375,32536.02734375,17850.2578125,23083.333984375,32882.19140625,18184.091796875,70400.0,60627.66015625,40347.56640625,46106.296875,8484.59375,19800.0,26280.435546875,39000.0,26595.484375,14197.578125,65025.36328125,47800.0,17032.630859375,25700.0,97300.0,57197.02734375,18740.740234375,18800.0
2025-03-14,21591.08203125,79000.0,39955.50390625,28905.111328125,102516.7578125,111981.109375,63664.73046875,32831.80859375,17888.8125,22958.333984375,32556.166015625,18184.091796875,71100.0,60627.66015625,40057.296875,46557.43359375,9078.515625,19800.0,26280.435546875,38850.0,26595.484375,14241.8076171875,65521.73828125,47900.0,17074.58203125,26100.0,98600.0,57289.27734375,19081.48046875,18750.0
2025-03-17,21757.16796875,81800.0,39906.05078125,29110.11328125,102516.7578125,110788.0078125,64134.92578125,32585.32421875,18043.025390625,23208.333984375,32323.2890625,18184.091796875,70500.0,61120.56640625,40105.67578125,46557.43359375,9545.16796875,19800.0,26329.193359375,38850.0,26741.61328125,14462.9541015625,66812.3203125,47800.0,17200.44140625,26050.0,99100.0,58119.55859375,19665.607421875,18700.0
2025-03-18,21840.2109375,81800.0,39559.90234375,28700.111328125,102804.1875,110788.0078125,64981.27734375,32930.40234375,17927.365234375,23000.0,32975.34375,17884.763671875,69600.0,60923.40234375,40347.56640625,46106.296875,9842.12890625,19700.0,26134.162109375,38400.0,26692.904296875,14374.49609375,66315.9453125,47300.0,17116.53515625,25650.0,98400.0,57658.2890625,19276.189453125,18450.0
2025-03-19,21757.16796875,80700.0,39362.10546875,28392.611328125,103379.046875,106186.046875,64699.1640625,34310.71875,17773.150390625,22708.333984375,33487.671875,17847.34765625,68500.0,58656.02734375,40154.0546875,45835.609375,9884.5517578125,19800.0,25890.373046875,38400.0,26546.775390625,14197.578125,66018.1171875,47350.0,17200.44140625,25950.0,97800.0,57473.78515625,18935.44921875,18450.0
2025-03-20,21798.689453125,79500.0,39362.10546875,28426.77734375,101941.8984375,106526.9296875,64511.0859375,34014.9375,17811.705078125,22625.0,33115.0703125,18146.67578125,68400.0,59148.93359375,39960.5390625,45655.15625,9969.3984375,19850.0,25890.373046875,38900.0,26741.61328125,13445.6826171875,66315.9453125,47350.0,17116.53515625,25750.0,96200.0,57012.51953125,19081.48046875,18400.0
2025-03-21,21674.125,78700.0,39015.953125,28460.943359375,100504.75,109083.578125,63664.73046875,34064.234375,17734.59765625,22625.0,32416.439453125,18184.091796875,67900.0,59444.6796875,39960.5390625,45384.47265625,9969.3984375,19850.0,25939.130859375,38650.0,26644.193359375,13047.619140625,65521.73828125,48250.0,17032.630859375,26500.0,96600.0,56551.25390625,18984.126953125,18450.0
2025-03-24,21881.732421875,77300.0,38669.8046875,28563.443359375,99642.4609375,109935.7890625,63194.53125,33669.859375,17464.72265625,22625.0,31810.958984375,18258.921875,68500.0,59444.6796875,39912.16015625,45023.5625,10520.896484375,19750.0,26475.466796875,38600.0,27277.419921875,12826.47265625,66018.1171875,51300.0,16738.96484375,28350.0,96600.0,56643.5078125,19081.48046875,19150.0
2025-03-25,21840.2109375,78100.0,39263.203125,28905.111328125,99834.078125,107805.2578125,63194.53125,34113.53125,17541.830078125,22666.666015625,31671.234375,18109.259765625,68500.0,59641.84375,39621.890625,44707.765625,10520.896484375,19800.0,26231.677734375,38650.0,27180.0,13091.8486328125,65720.2890625,51500.0,16822.869140625,28450.0,96700.0,56643.5078125,18984.126953125,19800.0
2025-03-26,21715.646484375,78000.0,39114.85546875,28529.27734375,100121.5078125,104822.5,63476.6484375,34014.9375,17541.830078125,22958.333984375,31158.904296875,17959.595703125,68300.0,59937.5859375,39815.40625,44707.765625,10393.6279296875,19550.0,25841.615234375,38600.0,27277.419921875,12826.47265625,65323.1875,51500.0,16738.96484375,28500.0,96700.0,56459.0,18838.095703125,19950.0
2025-03-27,21591.08203125,77400.0,38669.8046875,28426.77734375,100696.3671875,107549.59375,63194.53125,34458.609375,17464.72265625,22916.666015625,30739.7265625,17884.763671875,69400.0,59543.26171875,39621.890625,44707.765625,10775.4345703125,19600.0,25646.583984375,38250.0,27033.87109375,12649.556640625,65025.36328125,51200.0,16780.916015625,28550.0,96500.0,56366.74609375,18740.740234375,19650.0
2025-03-28,21549.560546875,77600.0,38669.8046875,28255.94140625,98588.546875,105674.71875,62818.37109375,34310.71875,17156.294921875,22625.0,31158.904296875,17884.763671875,68500.0,58951.7734375,38509.1875,44482.19921875,10775.4345703125,19700.0,25695.341796875,38250.0,26839.033203125,12561.09765625,64330.43359375,51200.0,16613.109375,29000.0,96000.0,55628.71875,18740.740234375,19500.0
2025-03-31,21591.08203125,74800.0,38323.65625,28324.275390625,95426.8125,103118.0703125,62818.37109375,31944.462890625,17040.634765625,22291.666015625,30972.603515625,18034.427734375,66800.0,58163.12109375,38267.296875,44121.2890625,10563.3193359375,19550.0,25354.037109375,38300.0,26790.32421875,12649.556640625,63536.23046875,51300.0,16655.060546875,29000.0,95000.0,55905.48046875,18497.353515625,19150.0
2025-04-01,21632.603515625,75900.0,38570.90625,28597.609375,94085.4765625,102691.96875,63476.6484375,31402.1953125,17310.509765625,22500.0,31112.330078125,18408.5859375,66200.0,57768.79296875,38992.97265625,44527.3125,10563.3193359375,19550.0,25402.794921875,39700.0,27228.7109375,12649.556640625,64032.609375,53000.0,16780.916015625,29850.0,95200.0,56089.984375,18643.38671875,20000.0
2025-04-02,21549.560546875,75600.0,38274.20703125,28665.9453125,93031.5625,103970.28125,63100.4921875,31451.4921875,17310.509765625,22708.333984375,30832.876953125,18221.505859375,66000.0,57965.95703125,38896.21484375,44482.19921875,10648.1650390625,19200.0,25792.857421875,39250.0,27180.0,12605.3271484375,64330.43359375,53000.0,16738.96484375,30200.0,95000.0,55813.2265625,18643.38671875,20150.0
2025-04-03,20054.794921875,70400.0,35603.9140625,26684.26953125,86612.2890625,96726.453125,58774.67578125,29282.423828125,16115.3515625,21125.0,28690.412109375,16949.369140625,61400.0,53924.11328125,36187.02734375,41369.34765625,9926.9755859375,18700.0,23988.8203125,36550.0,25280.322265625,11764.97265625,59863.04296875,49300.0,15606.2529296875,28100.0,88400.0,52123.09375,17377.77734375,18750.0
2025-04-04,19764.14453125,65500.0,35603.9140625,26445.1015625,80959.5,96300.34375,55201.17578125,27261.24609375,16038.2451171875,20500.0,30693.15234375,16799.705078125,58000.0,52051.0625,34542.16015625,39113.65625,10223.935546875,19200.0,23159.9375,37400.0,25036.775390625,11278.451171875,59565.21875,50300.0,15690.15625,29150.0,86300.0,53968.16015625,16988.359375,18800.0
2025-04-08,18393.94140625,61000.0,33131.41796875,24600.095703125,75306.703125,89567.84375,51345.5546875,25387.9609375,14920.1943359375,19083.333984375,29063.013671875,15639.814453125,54000.0,48452.8359375,32171.62109375,38436.953125,9545.16796875,19000.0,21550.931640625,34800.0,23331.935546875,10526.5537109375,55395.65234375,47000.0,14599.3984375,27550.0,82600.0,50278.03125,15820.10546875,17500.0
2025-04-09,18103.29296875,56800.0,32092.970703125,23096.755859375,70037.1484375,89738.2890625,47772.0546875,23613.267578125,14033.46484375,17750.0,29342.466796875,15452.7353515625,50300.0,45593.97265625,29946.216796875,39790.36328125,9290.630859375,19300.0,20088.19921875,33100.0,22990.96875,10349.6376953125,52119.56640625,48500.0,14221.8271484375,28500.0,79100.0,47971.69921875,15528.0419921875,18000.0
2025-04-10,19348.931640625,60700.0,34318.21484375,24702.595703125,74923.4609375,95959.4609375,51063.4375,25240.0703125,14997.30078125,18958.333984375,31391.78125,16500.37890625,53800.0,48748.58203125,32026.486328125,42542.3046875,9926.9755859375,20650.0,21453.416015625,35400.0,24598.388671875,11057.3046875,55693.4765625,51800.0,15186.73046875,30450.0,84600.0,51292.81640625,16598.94140625,19250.0
2025-04-11,20636.091796875,59700.0,36345.66015625,26240.1015625,80097.203125,100987.53125,54636.9375,25634.4453125,15961.1376953125,20250.0,31857.53515625,17548.0234375,57100.0,52149.64453125,34203.51171875,44211.515625,10308.78125,20000.0,22867.392578125,37850.0,25913.548828125,11676.513671875,59366.66796875,53500.0,15648.205078125,32550.0,85400.0,53045.62890625,16988.359375,19400.0
2025-04-14,20594.5703125,60500.0,36592.91015625,26171.767578125,85654.1875,100987.53125,55671.37109375,25831.6328125,16192.458984375,21125.0,31531.5078125,17548.0234375,60000.0,55797.16015625,33719.73046875,44662.65234375,10308.78125,19150.0,23501.2421875,37800.0,25864.83984375,11543.826171875,58870.2890625,57200.0,15732.1103515625,34800.0,85500.0,52492.10546875,16842.328125,20300.0
2025-04-15,20013.2734375,56500.0,36098.41015625,25795.93359375,85750.0,98856.9921875,54730.98046875,24056.94140625,15845.4775390625,21541.666015625,30879.453125,17211.279296875,58500.0,56290.0703125,32510.26953125,43940.83203125,10096.6669921875,18600.0,22721.119140625,38450.0,25329.033203125,11322.6796875,59565.21875,57500.0,15480.396484375,35250.0,83300.0,51938.58984375,16452.91015625,20300.0
2025-04-16,20179.359375,53500.0,35603.9140625,25420.099609375,83929.609375,91954.046875,54636.9375,23169.595703125,15922.5849609375,21250.0,30413.69921875,17136.447265625,56400.0,55994.32421875,31929.73046875,42948.328125,10181.5126953125,18700.0,22428.572265625,38150.0,25134.193359375,11455.3671875,58870.2890625,56500.0,15270.634765625,33950.0,85400.0,51661.828125,16355.5556640625,20400.0
2025-04-17,20179.359375,53500.0,35455.5625,25454.265625,83546.3671875,93232.3671875,54636.9375,23859.75390625,15961.1376953125,21250.0,31298.630859375,17211.279296875,57300.0,55994.32421875,32752.162109375,42406.96484375,10223.935546875,19350.0,22526.087890625,38300.0,25329.033203125,11588.0546875,57678.984375,56800.0,15102.8251953125,35500.0,88000.0,51661.828125,16112.1689453125,20400.0
2025-04-18,20345.443359375,54000.0,35554.46484375,25590.931640625,84791.8984375,95107.2421875,54919.0546875,24155.53515625,16038.2451171875,21208.333984375,31578.08203125,17398.359375,58000.0,55402.8359375,32897.296875,42722.76171875,10902.703125,19350.0,22769.876953125,38550.0,25329.033203125,11676.513671875,57678.984375,55000.0,15354.5390625,33050.0,86500.0,52215.34765625,16501.587890625,20400.0
2025-04-21,20013.2734375,55200.0,34862.1640625,25454.265625,83450.5546875,95192.46875,54636.9375,23366.783203125,15729.8173828125,20791.666015625,30786.302734375,17173.86328125,58100.0,54811.34765625,32703.783203125,42497.19140625,11199.6640625,19050.0,22331.056640625,40450.0,25085.484375,11986.1181640625,57778.26171875,55000.0,15396.4912109375,30750.0,84000.0,52307.6015625,16258.201171875,20400.0
2025-04-22,20013.2734375,52000.0,34713.81640625,25351.763671875,84504.46875,94084.5859375,54072.69921875,21986.466796875,15652.7099609375,20875.0,30972.603515625,17286.111328125,58700.0,56487.234375,32026.486328125,42046.05078125,11199.6640625,19200.0,21697.205078125,40650.0,24500.96875,11853.4296875,58076.0859375,57500.0,15350.876953125,29500.0,83500.0,51661.828125,16160.8466796875,20600.0
2025-04-23,20428.486328125,55000.0,34961.0625,25488.431640625,86995.53125,94084.5859375,54072.69921875,22824.515625,15691.263671875,21291.666015625,31019.1796875,17510.607421875,59600.0,57965.95703125,32365.134765625,43850.6015625,11029.97265625,18500.0,22184.783203125,40200.0,25426.453125,11941.888671875,57579.7109375,58500.0,15482.4560546875,29300.0,85700.0,52030.84375,16258.201171875,21950.0
2025-04-24,20054.794921875,55500.0,35059.96484375,25556.765625,87762.0078125,95448.1328125,54072.69921875,23218.892578125,16385.2265625,21333.333984375,30739.7265625,17398.359375,59900.0,58853.19140625,32558.6484375,44391.97265625,10945.126953125,18600.0,22428.572265625,40200.0,25085.484375,11897.6591796875,57778.26171875,61200.0,15482.4560546875,31350.0,85700.0,51938.58984375,16209.5234375,22800.0
2025-04-25,19847.1875,55800.0,34614.9140625,25385.9296875,87378.7734375,95789.015625,55013.09765625,23465.376953125,16385.2265625,21416.666015625,30087.671875,17622.8515625,62000.0,59641.84375,33139.1875,44662.65234375,10860.2802734375,18100.0,22233.541015625,39150.0,25280.322265625,11853.4296875,57083.33203125,62300.0,15219.2978515625,33500.0,91000.0,53783.65234375,16063.4921875,22800.0
2025-04-28,19888.7109375,55700.0,34169.8671875,25180.931640625,87666.203125,93317.59375,54919.0546875,23169.595703125,16577.994140625,21375.0,30553.42578125,17735.099609375,62500.0,60036.16796875,32703.783203125,46196.5234375,10775.4345703125,18600.0,22477.330078125,39250.0,25329.033203125,11941.888671875,57083.33203125,58500.0,15219.2978515625,34000.0,89100.0,53045.62890625,16112.1689453125,23100.0
2025-04-29,19971.751953125,55000.0,34169.8671875,25420.099609375,87187.1484375,93232.3671875,54825.015625,23366.783203125,16539.439453125,21250.0,30320.548828125,17622.8515625,62500.0,59937.5859375,32800.5390625,43399.46484375,10690.5888671875,18400.0,22379.814453125,39100.0,25621.291015625,12030.34765625,56884.78125,58400.0,15219.2978515625,34000.0,86000.0,53137.8828125,16112.1689453125,23650.0
2025-05-05,19971.751953125,57500.0,34466.56640625,25522.599609375,89869.8359375,92550.6015625,55013.09765625,24500.615234375,16346.6728515625,21416.666015625,29947.9453125,17622.8515625,62500.0,60134.75,32558.6484375,43219.01171875,10775.4345703125,18450.0,22526.087890625,39500.0,25816.12890625,12030.34765625,56686.23046875,60900.0,15394.7373046875,35000.0,89600.0,52492.10546875,16160.8466796875,24900.0
2025-05-06,19930.23046875,56000.0,34565.46484375,25693.43359375,89390.78125,93488.0390625,56047.53125,23958.34765625,16385.2265625,21208.333984375,29575.34375,17622.8515625,62000.0,59641.84375,32800.5390625,43173.8984375,10605.7431640625,18450.0,22574.845703125,38850.0,26157.09765625,12207.2646484375,56586.95703125,60900.0,15350.876953125,35250.0,89000.0,52492.10546875,16452.91015625,24900.0
2025-05-07,19930.23046875,57100.0,34516.015625,25590.931640625,88241.0625,93488.0390625,56893.88671875,24500.615234375,16153.9052734375,21166.666015625,29994.521484375,17398.359375,60900.0,59247.515625,32413.513671875,43354.3515625,10690.5888671875,18550.0,22282.298828125,38850.0,26303.2265625,12295.72265625,56586.95703125,62000.0,15307.017578125,36700.0,88900.0,52768.87109375,16550.263671875,24900.0
2025-05-08,20054.794921875,60000.0,35059.96484375,25659.265625,88336.875,97408.2265625,57740.2421875,26176.712890625,16385.2265625,21416.666015625,30786.302734375,17622.8515625,63000.0,59444.6796875,34542.16015625,43805.48828125,10945.126953125,18700.0,22526.087890625,39500.0,26692.904296875,12428.41015625,56686.23046875,62200.0,15438.5966796875,39250.0,89800.0,52953.375,16550.263671875,25000.0
2025-05-09,20054.794921875,59500.0,34713.81640625,25590.931640625,87857.8203125,98856.9921875,57458.12109375,26275.306640625,16346.6728515625,21375.0,32136.986328125,17585.439453125,62800.0,59543.26171875,34010.0,44211.515625,10945.126953125,18700.0,22379.814453125,39750.0,26887.7421875,12428.41015625,56189.85546875,62200.0,15394.7373046875,38250.0,89500.0,53230.13671875,16550.263671875,25000.0
2025-05-12,20262.400390625,61500.0,34862.1640625,25864.265625,87953.6328125,100817.0859375,58586.59765625,27557.029296875,16577.994140625,21166.666015625,32416.439453125,17809.931640625,62000.0,59937.5859375,34348.6484375,44617.5390625,11157.2412109375,19000.0,22623.603515625,40000.0,28641.291015625,13047.619140625,56189.85546875,62300.0,15789.4736328125,39700.0,90400.0,54060.4140625,16891.005859375,25500.0
2025-05-13,20428.486328125,61800.0,35406.11328125,26923.4375,87762.0078125,101839.75,58304.48046875,28247.1875,16809.314453125,21500.0,32369.86328125,18333.75390625,62100.0,62599.2890625,34397.02734375,44437.0859375,11114.8173828125,18700.0,22818.634765625,40100.0,28641.291015625,12952.380859375,56388.40625,62000.0,15833.3330078125,39800.0,90500.0,53968.16015625,17231.74609375,25400.0
2025-05-14,20594.5703125,62500.0,37037.9609375,27060.103515625,89869.8359375,107634.8125,58210.4375,27606.326171875,17117.7421875,21791.666015625,33254.796875,18333.75390625,62300.0,63092.19921875,34542.16015625,44662.65234375,11029.97265625,18850.0,23306.2109375,40000.0,29079.677734375,13142.857421875,58274.63671875,60400.0,16096.4912109375,39900.0,93000.0,53681.60546875,18400.0,24700.0
2025-05-15,21217.390625,61000.0,36988.5078125,27162.603515625,89582.3984375,106526.9296875,58304.48046875,27704.919921875,17156.294921875,21791.666015625,34512.328125,18745.328125,62800.0,63387.94140625,34397.02734375,45384.47265625,11623.8935546875,19400.0,23306.2109375,40700.0,29128.388671875,13095.23828125,58274.63671875,58000.0,16447.369140625,39900.0,91000.0,54254.71875,18550.0,24150.0
2025-05-16,21134.349609375,61000.0,36197.3125,26650.103515625,88049.4375,103118.0703125,58116.3984375,27310.544921875,16924.974609375,21500.0,34000.0,18446.001953125,62500.0,62895.03515625,34590.5390625,45564.92578125,11411.779296875,19000.0,23111.1796875,39800.0,28690.0,12952.380859375,57083.33203125,58000.0,16052.6318359375,40000.0,90000.0,53681.60546875,18050.0,24500.0
2025-05-19,21092.828125,60700.0,35801.7109375,26718.4375,85750.0,100731.8671875,57081.96484375,26817.57421875,16963.529296875,21375.0,32700.0,18408.5859375,62000.0,62796.453125,33961.62109375,44843.109375,11326.9326171875,18800.0,22769.876953125,39000.0,28738.7109375,12809.5234375,56586.95703125,58800.0,15789.4736328125,42800.0,88000.0,53490.56640625,18200.0,24750.0
2025-05-20,21258.912109375,60700.0,35801.7109375,26991.771484375,86133.2421875,101584.078125,56893.88671875,27310.544921875,17194.849609375,21375.0,32950.0,18595.666015625,62700.0,63782.26953125,33671.3515625,44933.3359375,11326.9326171875,18850.0,22916.1484375,39500.0,30151.291015625,12857.142578125,56686.23046875,62900.0,15964.912109375,45750.0,88300.0,53395.046875,18200.0,25800.0
2025-05-21,21300.43359375,60900.0,35801.7109375,26957.60546875,85079.328125,100817.0859375,56705.8046875,26916.16796875,17271.95703125,21458.333984375,32550.0,18745.328125,63600.0,63387.94140625,34155.13671875,44752.8828125,11454.2021484375,18700.0,22769.876953125,41800.0,30102.58203125,12857.142578125,56686.23046875,67300.0,15964.912109375,46750.0,88300.0,52917.453125,18450.0,25750.0
2025-05-22,21217.390625,59700.0,35603.9140625,26547.6015625,85079.328125,99538.7734375,57364.08203125,26472.494140625,17002.08203125,21375.0,31900.0,18446.001953125,64000.0,63387.94140625,33671.3515625,44797.99609375,11411.779296875,18650.0,22769.876953125,41100.0,29712.904296875,12666.6669921875,56487.6796875,68100.0,15921.052734375,46250.0,87200.0,52535.37890625,18300.0,25350.0
2025-05-23,21600.0,58800.0,35455.5625,26513.435546875,84121.2265625,99794.4296875,59244.87109375,26620.38671875,17040.634765625,21333.333984375,31950.0,18446.001953125,63200.0,63289.359375,33235.9453125,44617.5390625,11454.2021484375,18650.0,22769.876953125,41800.0,29371.935546875,12619.0478515625,56388.40625,68800.0,15964.912109375,46500.0,87800.0,52821.93359375,18100.0,25650.0
2025-05-26,21500.0,61700.0,35455.5625,26820.935546875,86229.046875,99964.875,59244.87109375,28444.375,17426.169921875,21291.666015625,32500.0,18558.25,63800.0,63585.10546875,33574.59375,44617.5390625,11539.0478515625,18650.0,23013.6640625,41550.0,29566.775390625,12714.2861328125,56586.95703125,73500.0,16008.771484375,47250.0,87800.0,53204.01171875,18150.0,25500.0
2025-05-27,21450.0,61600.0,35900.61328125,27060.103515625,87953.6328125,101413.6328125,59903.1484375,28986.642578125,17426.169921875,21291.666015625,32200.0,18520.833984375,64000.0,63387.94140625,33622.97265625,44617.5390625,11708.740234375,18450.0,23111.1796875,41500.0,29810.32421875,12714.2861328125,56388.40625,74300.0,16359.6494140625,47250.0,88400.0,52917.453125,18100.0,25300.0
2025-05-28,21400.0,61500.0,36098.41015625,27025.9375,86899.71875,100902.3125,60279.3046875,29233.126953125,17156.294921875,21333.333984375,31950.0,18408.5859375,63900.0,63486.5234375,34348.6484375,44617.5390625,11708.740234375,18600.0,23111.1796875,41050.0,29712.904296875,12714.2861328125,56388.40625,75700.0,16184.2109375,48500.0,88000.0,52726.4140625,18000.0,26700.0
2025-05-29,21300.0,62200.0,36048.9609375,26581.76953125,85750.0,99794.4296875,60185.265625,28986.642578125,17002.08203125,21291.666015625,32000.0,18333.75390625,63400.0,63387.94140625,33768.109375,44437.0859375,11539.0478515625,18400.0,22916.1484375,41300.0,30005.162109375,12761.904296875,56289.12890625,76900.0,16052.6318359375,48500.0,87500.0,52630.8984375,18150.0,27650.0
2025-05-30,21100.0,60600.0,35603.9140625,26171.767578125,86133.2421875,99283.1015625,61125.6640625,28296.484375,16732.20703125,21458.333984375,31800.0,18221.505859375,62000.0,61219.1484375,33381.08203125,43985.9453125,11496.625,18400.0,22867.392578125,40700.0,29664.193359375,12619.0478515625,55991.3046875,77600.0,15701.75390625,49200.0,87000.0,52439.859375,17950.0,27500.0
2025-06-02,21100.0,60000.0,35307.21484375,26240.1015625,85366.7578125,98942.21875,61595.859375,28888.048828125,16655.1015625,21291.666015625,32000.0,18408.5859375,62100.0,60134.75,34445.40625,44346.859375,11623.8935546875,18500.0,23111.1796875,41800.0,30053.87109375,12476.1904296875,55792.75390625,77000.0,15833.3330078125,49000.0,89500.0,52153.30078125,18000.0,26700.0
2025-06-03,21250.0,61100.0,35505.01171875,26342.6015625,86708.1015625,100050.09375,61877.98046875,29085.236328125,16847.8671875,21666.666015625,32000.0,18483.41796875,63300.0,61514.890625,34493.78515625,44662.65234375,11793.5859375,18300.0,23891.3046875,41600.0,30784.517578125,12619.0478515625,56388.40625,77600.0,15877.193359375,49050.0,89800.0,53012.97265625,18300.0,26500.0
2025-06-04,21100.0,60800.0,35356.6640625,26308.435546875,86324.859375,99794.4296875,60937.58203125,28740.158203125,16847.8671875,21625.0,31750.0,18371.169921875,64100.0,60430.49609375,34880.8125,45204.01953125,11708.740234375,18250.0,23598.7578125,41000.0,30540.96875,12476.1904296875,56189.85546875,77100.0,15877.193359375,49050.0,91800.0,54350.23828125,18250.0,26950.0
2025-06-05,21000.0,60900.0,35109.4140625,26342.6015625,86803.9140625,99538.7734375,59997.1875,28789.455078125,16693.654296875,21458.333984375,31800.0,18258.921875,65800.0,60824.8203125,34929.1875,44662.65234375,11623.8935546875,18100.0,23354.96875,41350.0,30297.419921875,12523.8095703125,55892.02734375,76800.0,15789.4736328125,49000.0,91300.0,53777.125,18100.0,27000.0
2025-06-06,21000.0,60900.0,34862.1640625,26103.43359375,86037.4296875,98004.78125,59244.87109375,27951.404296875,16809.314453125,21708.333984375,31200.0,18071.84375,65000.0,59641.84375,36187.02734375,44256.62890625,11623.8935546875,18200.0,23013.6640625,41750.0,29518.064453125,12476.1904296875,55693.4765625,76000.0,15657.89453125,48500.0,90000.0,52821.93359375,17800.0,26500.0
2025-06-09,20950.0,59700.0,34862.1640625,25966.765625,84408.65625,99027.4375,59526.9921875,27310.544921875,16539.439453125,21916.666015625,31250.0,18146.67578125,64100.0,59641.84375,35800.0,44076.17578125,11548.6728515625,18150.0,22769.876953125,41950.0,28982.259765625,12428.5712890625,55494.92578125,70700.0,15657.89453125,45150.0,88800.0,52821.93359375,17850.0,25550.0
2025-06-10,20950.0,59300.0,34812.71484375,25864.265625,87474.578125,98601.328125,59150.83203125,27754.216796875,16577.994140625,21833.333984375,31450.0,18109.259765625,64800.0,60627.66015625,35500.0,44076.17578125,11637.16796875,18100.0,22769.876953125,42900.0,29274.517578125,12428.5712890625,55494.92578125,72600.0,15657.89453125,45300.0,89000.0,52821.93359375,17950.0,26500.0
2025-06-11,20950.0,58500.0,34664.36328125,25966.765625,88815.921875,100476.203125,58868.71484375,27359.841796875,16500.88671875,21750.0,31450.0,18146.67578125,64800.0,61021.984375,34950.0,44211.515625,11769.9111328125,18050.0,22916.1484375,42850.0,29323.2265625,12619.0478515625,55296.375,72100.0,15614.03515625,45100.0,87600.0,52726.4140625,18000.0,26100.0
2025-06-12,21050.0,59200.0,34911.61328125,26308.435546875,89007.5390625,100691.3515625,59056.796875,28148.59375,16770.76171875,22333.333984375,31650.0,18483.41796875,65800.0,62599.2890625,35250.0,44617.5390625,11769.9111328125,18150.0,23062.421875,45000.0,30151.291015625,12666.6669921875,55594.203125,70000.0,15789.4736328125,43400.0,88900.0,53395.046875,18200.0,25200.0
2025-06-13,21050.0,59500.0,35158.86328125,27265.10546875,88815.921875,99314.3828125,60561.42578125,26817.57421875,16655.1015625,22000.0,31600.0,18595.666015625,65400.0,62303.546875,37700.0,44301.7421875,11415.9296875,17950.0,22574.845703125,44900.0,30394.83984375,12571.4287109375,55792.75390625,68400.0,15701.75390625,42750.0,88000.0,53012.97265625,18150.0,24550.0
2025-06-16,21300.0,59500.0,35455.5625,27538.439453125,93893.8515625,102412.5703125,64793.203125,27606.326171875,16770.76171875,22291.666015625,31650.0,18782.744140625,66800.0,63387.94140625,40300.0,44707.765625,11592.919921875,17950.0,23257.453125,45500.0,31466.453125,12666.6669921875,56189.85546875,67400.0,16052.6318359375,42700.0,87800.0,53777.125,18800.0,24500.0
2025-06-17,21200.0,59300.0,35505.01171875,27572.607421875,94564.5234375,102240.453125,65169.36328125,28493.671875,16886.421875,22375.0,32350.0,18707.912109375,67900.0,63486.5234375,39050.0,45068.67578125,11681.416015625,17950.0,23257.453125,46000.0,31563.87109375,12857.142578125,56785.5078125,69600.0,15964.912109375,43850.0,87700.0,53681.60546875,18800.0,24550.0
2025-06-18,21300.0,59400.0,35257.765625,27435.939453125,93318.9921875,100691.3515625,66673.9921875,28592.265625,16924.974609375,22625.0,31950.0,18745.328125,67500.0,62796.453125,39000.0,44662.65234375,11637.16796875,17950.0,23013.6640625,47200.0,31953.548828125,12761.904296875,56289.12890625,71400.0,15833.3330078125,44000.0,87700.0,53490.56640625,18500.0,24650.0
2025-06-19,21300.0,59000.0,35406.11328125,27811.775390625,93318.9921875,99830.7421875,67520.34375,29479.61328125,16963.529296875,22416.666015625,32400.0,18782.744140625,67500.0,63092.19921875,39550.0,44617.5390625,11504.4248046875,18100.0,23306.2109375,47150.0,33122.58203125,12761.904296875,56189.85546875,71700.0,15789.4736328125,44700.0,88500.0,53586.0859375,18500.0,24700.0
2025-06-20,21450.0,58600.0,35603.9140625,28221.775390625,92744.1328125,99916.8046875,65357.4375,28789.455078125,17079.189453125,22500.0,31900.0,19306.56640625,67500.0,63190.77734375,39150.0,44662.65234375,11592.919921875,18150.0,23403.7265625,46600.0,33122.58203125,12714.2861328125,56686.23046875,70200.0,15877.193359375,43400.0,88700.0,54063.6796875,18450.0,24600.0
2025-06-23,21350.0,60100.0,35455.5625,28255.94140625,92360.890625,99744.6796875,68272.6640625,29381.017578125,16924.974609375,22375.0,31600.0,19381.3984375,68000.0,64078.01171875,40200.0,44437.0859375,11504.4248046875,18100.0,23159.9375,46450.0,32927.7421875,12666.6669921875,56189.85546875,74000.0,15789.4736328125,46400.0,87500.0,53395.046875,18400.0,24750.0
2025-06-24,21300.0,61500.0,35603.9140625,28392.611328125,92456.703125,100261.0546875,64981.27734375,29233.126953125,16924.974609375,22500.0,31800.0,19381.3984375,69200.0,63979.4296875,38050.0,44797.99609375,11504.4248046875,18100.0,23696.2734375,46500.0,33122.58203125,12619.0478515625,56189.85546875,77300.0,15921.052734375,47900.0,88100.0,53872.640625,18550.0,24900.0
2025-06-25,21250.0,61800.0,35455.5625,28495.109375,93127.375,100777.4140625,63476.6484375,30366.958984375,16809.314453125,22666.666015625,31800.0,19156.90234375,70300.0,64078.01171875,37300.0,45384.47265625,11548.6728515625,18100.0,23891.3046875,46800.0,32927.7421875,12761.904296875,56189.85546875,77900.0,15964.912109375,47900.0,87100.0,54254.71875,18400.0,24650.0
2025-06-26,21200.0,62100.0,35307.21484375,28631.77734375,92648.3203125,100691.3515625,64417.04296875,30071.17578125,16732.20703125,22800.0,31800.0,19381.3984375,72000.0,63585.10546875,37050.0,45564.92578125,11592.919921875,18150.0,23891.3046875,46800.0,33171.29296875,12714.2861328125,55991.3046875,76000.0,15877.193359375,47500.0,87100.0,53872.640625,18350.0,24500.0
2025-06-27,21200.0,63000.0,35702.8125,28665.9453125,94756.1484375,100949.5390625,63946.84375,29923.28515625,16809.314453125,22850.0,31950.0,19231.734375,76800.0,64866.6640625,37300.0,45655.15625,11460.1767578125,18150.0,24037.578125,46350.0,33073.87109375,12761.904296875,56289.12890625,77000.0,15877.193359375,47750.0,87200.0,55209.90625,18500.0,24800.0
2025-06-30,21300.0,64200.0,35900.61328125,28631.77734375,97438.828125,101724.0859375,63758.765625,29873.98828125,16809.314453125,22700.0,32250.0,19306.56640625,76800.0,64570.921875,37250.0,45079.671875,11415.9296875,18150.0,24086.3359375,46700.0,33317.421875,12809.5234375,56586.95703125,76700.0,16052.6318359375,47800.0,88100.0,55400.9453125,18500.0,24650.0
2025-07-01,21300.0,64500.0,36197.3125,28631.77734375,96672.34375,102240.453125,62442.21484375,30712.037109375,17040.634765625,22650.0,32150.0,19456.228515625,75200.0,63585.10546875,36900.0,44648.05859375,11371.681640625,18000.0,23842.546875,46950.0,33512.2578125,12904.76171875,57778.26171875,76300.0,16052.6318359375,47800.0,90500.0,54923.3515625,18450.0,24800.0
2025-07-02,21300.0,68200.0,35999.51171875,28631.77734375,97534.640625,102068.328125,62442.21484375,30810.630859375,17194.849609375,22900.0,32350.0,19493.64453125,75200.0,63880.8515625,36950.0,44504.1875,11460.1767578125,18150.0,24866.4609375,47550.0,34096.7734375,12952.380859375,57579.7109375,76000.0,16052.6318359375,47700.0,90200.0,55114.38671875,18600.0,25200.0
2025-07-03,21400.0,66400.0,35900.61328125,29041.779296875,98684.359375,101551.9609375,62254.13671875,29183.830078125,17387.6171875,23100.0,32500.0,19418.814453125,74500.0,64472.33984375,37000.0,44360.31640625,11504.4248046875,18300.0,25110.248046875,46650.0,33950.64453125,13095.23828125,57480.43359375,76300.0,16096.4912109375,47250.0,89000.0,54923.3515625,18650.0,25050.0
2025-07-04,21850.0,65500.0,36147.86328125,29178.4453125,97726.2578125,105424.7109375,62442.21484375,28888.048828125,17387.6171875,23250.0,32750.0,19456.228515625,74600.0,65359.57421875,37250.0,44504.1875,11504.4248046875,18500.0,25256.521484375,47050.0,34048.06640625,13095.23828125,57976.8125,76000.0,16140.3505859375,45950.0,89800.0,55209.90625,18750.0,25150.0
2025-07-07,22250.0,66000.0,36790.7109375,30340.1171875,97917.875,106543.5,62536.25390625,29331.720703125,17965.91796875,23600.0,33500.0,19755.5546875,74800.0,65556.734375,37100.0,44504.1875,12300.884765625,18900.0,25646.583984375,47550.0,34389.03125,13476.1904296875,58175.36328125,76900.0,16403.5078125,46500.0,90000.0,55305.42578125,19300.0,25500.0
2025-07-08,22250.0,67500.0,37087.41015625,30340.1171875,98301.1171875,107145.921875,63664.73046875,29578.20703125,18120.1328125,24700.0,33700.0,19755.5546875,75600.0,66246.8046875,37300.0,44935.80078125,12522.1240234375,18900.0,26377.951171875,47650.0,34389.03125,13333.3330078125,58572.46484375,79200.0,16491.228515625,46650.0,95000.0,56356.1328125,19600.0,25800.0
2025-07-09,22450.0,68600.0,37779.70703125,30750.119140625,97822.0703125,105682.890625,63946.84375,29430.31640625,18659.880859375,24750.0,33150.0,19905.21875,75800.0,66739.71875,37450.0,45703.11328125,12389.380859375,19100.0,27840.68359375,47800.0,33999.35546875,14190.4765625,61054.34765625,81800.0,16798.24609375,47500.0,94000.0,57502.359375,20050.0,26800.0
2025-07-10,22550.0,68600.0,37829.15625,30750.119140625,97247.203125,106629.5625,64323.00390625,29676.80078125,18775.541015625,25150.0,33300.0,19792.970703125,76900.0,67035.4609375,37900.0,46134.73046875,12699.115234375,19200.0,28230.74609375,47650.0,33901.9375,14142.857421875,60955.07421875,86000.0,16754.38671875,50800.0,96000.0,57024.765625,20150.0,28450.0
2025-07-11,22700.0,68000.0,37878.60546875,30476.78515625,99355.03125,108953.203125,63852.8046875,29578.20703125,18852.6484375,26000.0,33000.0,19980.05078125,76500.0,66936.875,37700.0,46182.6875,12566.3720703125,19300.0,28913.353515625,47650.0,34048.06640625,14142.857421875,62245.65234375,87900.0,16973.68359375,54000.0,100000.0,57120.28515625,20150.0,28600.0
2025-07-14,22700.0,68500.0,38224.7578125,30271.783203125,99546.6484375,109383.515625,64134.92578125,30219.068359375,18814.095703125,25750.0,32850.0,20054.8828125,75300.0,68021.2734375,37500.0,46038.81640625,12522.1240234375,19250.0,29010.869140625,47950.0,34194.1953125,14190.4765625,61947.828125,88800.0,17017.54296875,56500.0,99000.0,57597.87890625,21000.0,28650.0
2025-07-15,22450.0,67000.0,37680.80859375,30169.283203125,98109.5,108436.84375,63664.73046875,29676.80078125,18621.328125,25500.0,33500.0,19905.21875,74500.0,68317.0234375,37300.0,46086.7734375,12477.8759765625,19300.0,29742.236328125,47700.0,33901.9375,14047.619140625,60955.07421875,87400.0,16973.68359375,55800.0,97500.0,57406.83984375,20750.0,28150.0
2025-07-16,22450.0,67100.0,37977.5078125,30715.951171875,97726.2578125,108695.0234375,63382.609375,29430.31640625,18698.435546875,26100.0,33800.0,19980.05078125,75000.0,69007.09375,37250.0,46038.81640625,12610.619140625,19400.0,30814.908203125,47800.0,34340.32421875,14190.4765625,61352.17578125,88000.0,16929.82421875,58700.0,96000.0,57406.83984375,20850.0,28800.0
2025-07-17,22450.0,67300.0,37878.60546875,30750.119140625,98780.1640625,109297.453125,63664.73046875,29627.50390625,18775.541015625,26000.0,33650.0,20017.466796875,76200.0,69500.0,37100.0,46422.47265625,12654.8671875,20000.0,31107.453125,47700.0,34242.90234375,14190.4765625,61749.27734375,94100.0,17050.0,61000.0,94300.0,57406.83984375,20900.0,29750.0
2025-07-18,22650.0,67700.0,37928.05859375,30784.287109375,98301.1171875,108436.84375,64040.890625,29972.58203125,18814.095703125,25900.0,34600.0,20354.208984375,79100.0,69697.1640625,37300.0,46230.64453125,12566.3720703125,19800.0,31009.9375,50200.0,35314.515625,14380.9521484375,61451.44921875,96000.0,17100.0,59500.0,93300.0,57502.359375,21350.0,29450.0
2025-07-21,22850.0,66800.0,37680.80859375,30886.78515625,97822.0703125,109164.0546875,63476.6484375,30169.771484375,18891.201171875,26200.0,35500.0,20167.12890625,77500.0,69007.09375,37100.0,45751.0703125,12920.353515625,19900.0,30571.119140625,49500.0,34535.1640625,14380.9521484375,60855.796875,92000.0,17350.0,56000.0,95100.0,57311.3203125,22300.0,29000.0
2025-07-22,22900.0,68200.0,38472.00390625,31160.12109375,98013.6875,110945.515625,63852.8046875,30021.87890625,19623.71875,26450.0,35900.0,20316.79296875,77700.0,69401.4140625,37150.0,45846.984375,12920.353515625,20000.0,31204.96875,49500.0,34437.7421875,14571.4287109375,61749.27734375,95500.0,17400.0,58750.0,101700.0,57502.359375,22500.0,30000.0
2025-07-23,23000.0,69200.0,38274.20703125,31194.287109375,101271.2265625,110648.609375,64887.23828125,30613.443359375,20433.341796875,26400.0,35250.0,20503.873046875,77300.0,69500.0,37250.0,46614.30078125,12964.6015625,19850.0,31448.7578125,48700.0,34096.7734375,14666.6669921875,61650.0,92200.0,17800.0,57500.0,108800.0,58935.140625,23350.0,29250.0
2025-07-24,23200.0,69900.0,38422.5546875,31228.453125,100792.1796875,109955.8203125,64981.27734375,31205.0078125,21281.517578125,26000.0,35500.0,21252.189453125,76000.0,69500.0,38100.0,46997.95703125,13318.583984375,19950.0,31204.96875,49000.0,34145.484375,14857.142578125,61650.0,92000.0,18350.0,58000.0,114000.0,60845.51953125,23500.0,29800.0
2025-07-25,23600.0,69800.0,38422.5546875,31160.12109375,100792.1796875,109559.9375,64605.125,30761.333984375,21782.712890625,26050.0,35250.0,21289.60546875,75800.0,70100.0,38100.0,47093.87109375,13318.583984375,20700.0,33155.28125,48800.0,34291.61328125,14857.142578125,61550.7265625,93700.0,18400.0,57050.0,121900.0,60367.92578125,24050.0,29500.0
2025-07-28,23850.0,69700.0,38966.50390625,31160.12109375,101079.609375,110153.7578125,64793.203125,30958.5234375,21936.92578125,26350.0,36550.0,21514.099609375,77600.0,70200.0,37850.0,47285.69921875,14247.7880859375,21100.0,34910.55859375,49100.0,34681.29296875,15666.6669921875,62344.92578125,95600.0,18850.0,57800.0,127000.0,60463.4453125,25100.0,29350.0
2025-07-29,22750.0,68100.0,36988.5078125,29930.115234375,97247.203125,104908.34375,63946.84375,29085.236328125,20433.341796875,25350.0,34300.0,20092.296875,72200.0,66600.0,36500.0,45415.37109375,13318.583984375,19900.0,32472.671875,48000.0,33025.1640625,14571.4287109375,60557.97265625,92100.0,18550.0,56600.0,118300.0,60367.92578125,23600.0,28000.0
2025-07-30,23000.0,69000.0,37680.80859375,31570.12109375,99546.6484375,105007.3125,63852.8046875,29085.236328125,20549.001953125,25400.0,34200.0,20503.873046875,73000.0,67100.0,36300.0,45655.15625,14247.7880859375,19250.0,33057.765625,49300.0,33609.6796875,15142.857421875,60458.6953125,91500.0,19350.0,54750.0,118700.0,60081.3671875,25250.0,28100.0
2025-07-31,23000.0,71700.0,37433.55859375,31365.12109375,98588.546875,102928.9375,63664.73046875,29676.80078125,20394.787109375,24950.0,34200.0,20541.2890625,72500.0,65300.0,36250.0,45703.11328125,15221.2392578125,19500.0,33350.3125,49950.0,33122.58203125,14952.380859375,59763.76953125,90000.0,19400.0,52750.0,121200.0,58457.546875,25800.0,28100.0
2025-08-01,23000.0,69900.0,36790.7109375,30271.783203125,97343.015625,105898.0390625,63570.69140625,29282.423828125,20818.875,25150.0,34500.0,20316.79296875,72500.0,65200.0,35800.0,45990.859375,15398.23046875,19600.0,32375.15625,49400.0,33220.0,14952.380859375,59763.76953125,89900.0,19000.0,52000.0,119000.0,57311.3203125,25800.0,28450.0
2025-08-04,23300.0,71000.0,37631.359375,31194.287109375,98875.9765625,105502.1640625,63946.84375,29479.61328125,21589.9453125,25300.0,34700.0,20803.197265625,73900.0,67000.0,36600.0,46134.73046875,16460.177734375,20250.0,33155.28125,50000.0,34437.7421875,15952.380859375,60657.24609375,92200.0,19350.0,55600.0,127300.0,57693.3984375,26400.0,29100.0
2025-08-05,23450.0,68900.0,38323.65625,31775.123046875,99163.40625,104710.3984375,63758.765625,29528.91015625,21512.837890625,26400.0,35300.0,22225.0,74600.0,69300.0,36600.0,45559.2421875,16238.9384765625,19600.0,33789.1328125,51700.0,36045.1640625,16761.904296875,61054.34765625,96000.0,19300.0,58750.0,127300.0,57406.83984375,26500.0,30950.0
2025-08-06,24200.0,69700.0,39065.40625,32458.4609375,101846.0859375,103819.671875,65169.36328125,29824.69140625,21782.712890625,27100.0,36100.0,22898.484375,76000.0,72400.0,37450.0,45846.984375,16592.919921875,20000.0,34422.98046875,54100.0,37214.1953125,17333.333984375,61848.55078125,97500.0,19500.0,59250.0,129000.0,58553.06640625,27100.0,30100.0
2025-08-07,24400.0,70600.0,40004.953125,32697.62890625,101846.0859375,105106.28125,64981.27734375,30662.740234375,21975.48046875,28500.0,35800.0,23010.732421875,76200.0,72400.0,37100.0,45751.0703125,16681.416015625,19800.0,34276.70703125,54600.0,37409.03125,18523.80859375,61252.8984375,95000.0,19550.0,57500.0,127700.0,58170.9921875,28950.0,30500.0
2025-08-08,24250.0,70600.0,39263.203125,32595.126953125,102995.8125,104512.4609375,66015.7109375,30169.771484375,21628.498046875,28000.0,35400.0,22861.068359375,76700.0,72000.0,38200.0,45894.94140625,16504.423828125,20100.0,34618.01171875,54000.0,36873.2265625,18428.572265625,61451.44921875,94800.0,20250.0,58500.0,121500.0,58075.47265625,29550.0,30000.0
2025-08-11,24400.0,70700.0,39757.703125,32458.4609375,101846.0859375,105304.21875,66203.796875,32141.650390625,21512.837890625,28150.0,35800.0,23796.462890625,82000.0,72100.0,37950.0,46230.64453125,16902.654296875,20500.0,36568.32421875,53700.0,36775.80859375,18619.046875,62047.1015625,93500.0,20300.0,57750.0,124000.0,58744.10546875,29600.0,29350.0
2025-08-12,24250.0,71500.0,41043.3984375,32800.125,103379.046875,106392.890625,66297.8359375,31993.759765625,22283.908203125,28500.0,38050.0,24245.455078125,83600.0,72200.0,38500.0,46326.55859375,16725.6640625,20400.0,35836.95703125,54000.0,36727.09765625,18285.71484375,62543.4765625,93000.0,19900.0,57750.0,127000.0,59030.66015625,29600.0,29450.0
2025-08-13,24500.0,71000.0,40895.05078125,33893.46484375,102037.7109375,104017.609375,65827.6328125,32190.947265625,22322.4609375,28100.0,39200.0,25800.0,85900.0,70900.0,38000.0,45990.859375,17123.89453125,19950.0,35836.95703125,53900.0,36532.2578125,18238.095703125,62047.1015625,93000.0,19950.0,58000.0,127400.0,58362.02734375,28800.0,29450.0
2025-08-14,26200.0,70500.0,41686.24609375,34303.46875,101462.8515625,102731.0,65545.5234375,31648.681640625,23864.599609375,28200.0,40200.0,27600.0,84800.0,71900.0,37900.0,45942.8984375,18053.09765625,20800.0,35885.71484375,55400.0,37409.03125,18857.142578125,64727.53515625,93900.0,20450.0,59100.0,136300.0,58935.140625,30800.0,30150.0
2025-08-15,26550.0,70200.0,40548.90234375,33483.4609375,99259.21875,100355.71875,65545.5234375,30958.5234375,23903.154296875,28000.0,39000.0,28250.0,83100.0,70500.0,38500.0,45559.2421875,18451.328125,20650.0,35641.92578125,53900.0,36629.6796875,18571.427734375,63834.05859375,94000.0,20350.0,59100.0,145600.0,58266.51171875,31100.0,30300.0
2025-08-18,27050.0,70000.0,40351.1015625,33141.796875,99067.59375,99464.984375,65827.6328125,31303.6015625,23517.619140625,28400.0,40100.0,27800.0,83900.0,70000.0,38800.0,45223.54296875,18850.0,20600.0,34910.55859375,52800.0,36970.64453125,19190.4765625,64032.609375,93900.0,20100.0,59100.0,142400.0,57979.953125,32000.0,29950.0
2025-08-19,28450.0,70500.0,40400.55078125,33893.46484375,97917.875,99267.046875,65733.59375,31205.0078125,25059.7578125,28150.0,42800.0,28200.0,85000.0,68000.0,38350.0,45223.54296875,18500.0,20700.0,35836.95703125,53200.0,38188.38671875,20238.095703125,63734.78125,93900.0,20500.0,59100.0,146000.0,57788.9140625,34200.0,29950.0
2025-08-20,28000.0,70500.0,40252.203125,34576.80078125,94851.953125,96693.8203125,64228.96484375,31747.275390625,24558.5625,27400.0,45750.0,27800.0,83900.0,69400.0,37000.0,44839.88671875,18300.0,21600.0,35203.10546875,54100.0,39454.83984375,19666.666015625,62543.4765625,99000.0,21900.0,62100.0,143800.0,57311.3203125,36550.0,30000.0
2025-08-21,29450.0,69900.0,41834.59765625,35396.8046875,92648.3203125,100652.625,65169.36328125,31254.3046875,25638.060546875,27400.0,48400.0,28200.0,84300.0,71000.0,36900.0,44696.015625,18500.0,23100.0,36129.50390625,57800.0,40477.7421875,21000.0,63734.78125,99800.0,23400.0,62500.0,145800.0,57406.83984375,38650.0,30400.0
2025-08-22,27850.0,66500.0,42774.14453125,34781.8046875,94660.3359375,97980.4296875,63946.84375,29085.236328125,24944.09765625,26000.0,47000.0,26900.0,81000.0,70300.0,35950.0,43928.703125,17250.0,22100.0,34861.80078125,55500.0,37993.55078125,20571.427734375,64131.8828125,98100.0,23600.0,62050.0,140000.0,56069.578125,35950.0,30000.0
2025-08-25,26200.0,65000.0,40548.90234375,33551.79296875,92935.7578125,97782.4921875,64605.125,28000.703125,24134.474609375,25950.0,45000.0,26200.0,79500.0,68800.0,35850.0,43736.875,16300.0,20750.0,35739.44140625,53000.0,36580.96875,19142.857421875,63139.12890625,98400.0,21950.0,65500.0,142500.0,56069.578125,33500.0,30000.0
2025-08-26,27350.0,69000.0,41340.09765625,34986.80078125,94851.953125,98970.1328125,65357.4375,28789.455078125,24905.544921875,27200.0,45500.0,27550.0,81100.0,73600.0,36350.0,44024.6171875,17400.0,21800.0,38226.0859375,55000.0,38334.515625,19952.380859375,64131.8828125,105200.0,22750.0,67750.0,144000.0,57024.765625,34300.0,31300.0
2025-08-27,27650.0,67900.0,42329.09765625,34918.46875,94564.5234375,103918.640625,64793.203125,28740.158203125,25021.205078125,26750.0,43800.0,27400.0,82200.0,75000.0,36400.0,44120.53125,17650.0,21400.0,39250.0,55600.0,37944.83984375,19238.095703125,68599.2734375,104600.0,22350.0,66000.0,144100.0,57788.9140625,33300.0,30600.0
2025-08-28,27550.0,68000.0,42032.3984375,35260.13671875,95522.625,103423.7890625,64900.0,28789.455078125,25059.7578125,27100.0,44850.0,27200.0,83100.0,77300.0,36150.0,44648.05859375,18400.0,21500.0,40956.5234375,54800.0,38578.06640625,19809.5234375,68500.0,104600.0,22150.0,65050.0,145000.0,58266.51171875,34000.0,30700.0
2025-08-29,27800.0,67000.0,42378.546875,35055.13671875,94085.4765625,100553.65625,63800.0,28641.5625,25792.2734375,27500.0,45000.0,27750.0,83000.0,78000.0,36100.0,44648.05859375,18800.0,21400.0,41151.5546875,55600.0,38578.06640625,19904.76171875,68102.8984375,104500.0,22600.0,64150.0,144500.0,57597.87890625,35000.0,30400.0
2025-09-03,27500.0,67800.0,43021.39453125,34576.80078125,93510.6171875,102137.1796875,63800.0,28888.048828125,25522.400390625,28150.0,44700.0,28450.0,83000.0,75800.0,36550.0,44456.23046875,19050.0,21150.0,40322.671875,56300.0,38578.06640625,20047.619140625,66514.4921875,102700.0,22650.0,62500.0,142000.0,58744.10546875,34500.0,30150.0
2025-09-04,27650.0,67700.0,42922.49609375,34850.13671875,95139.3828125,103918.640625,64200.0,29085.236328125,25560.953125,29850.0,45650.0,28250.0,84800.0,77500.0,36650.0,45175.5859375,18850.0,21650.0,41249.0703125,56400.0,38578.06640625,20476.19140625,68400.7265625,102300.0,22950.0,62500.0,140000.0,59030.66015625,34900.0,30300.0
2025-09-05,27150.0,67700.0,41488.44921875,34371.80078125,93798.046875,102335.1171875,63800.0,29381.017578125,24905.544921875,28800.0,44450.0,27400.0,83000.0,75000.0,36600.0,45367.4140625,18000.0,21000.0,39493.7890625,56000.0,38480.64453125,19619.046875,67010.8671875,100000.0,22250.0,62500.0,142000.0,58170.9921875,33500.0,30300.0
2025-09-08,26550.0,66900.0,40202.75,33825.1328125,92169.2734375,100850.5625,62600.0,28395.078125,23826.046875,28900.0,42800.0,26700.0,81000.0,74000.0,35500.0,44887.84375,17250.0,19950.0,39201.2421875,54000.0,37019.35546875,18428.572265625,64826.8125,100000.0,21000.0,62500.0,141900.0,57884.43359375,31200.0,30300.0
2025-09-09,26550.0,67900.0,40202.75,33893.46484375,91594.4140625,101048.5078125,62100.0,28197.890625,24327.2421875,28850.0,42300.0,26650.0,81000.0,76000.0,35450.0,44408.2734375,17600.0,19650.0,40956.5234375,54200.0,37506.453125,18523.80859375,64429.7109375,101400.0,21050.0,64600.0,145000.0,57597.87890625,32400.0,30300.0
2025-09-10,26550.0,67500.0,40252.203125,34508.46484375,91881.84375,100157.7734375,61900.0,27902.107421875,24365.794921875,28850.0,41950.0,26950.0,81000.0,75500.0,35400.0,44360.31640625,17800.0,19950.0,41395.34375,53900.0,37993.55078125,18285.71484375,65323.1875,101800.0,20900.0,65450.0,144900.0,57120.28515625,32450.0,30600.0
2025-09-11,26200.0,67600.0,40202.75,34576.80078125,92935.7578125,100949.5390625,62000.0,28345.78125,24288.6875,29150.0,44000.0,26700.0,82000.0,78800.0,35350.0,44504.1875,17800.0,20100.0,41395.34375,55400.0,37701.29296875,18714.28515625,65223.9140625,105900.0,21000.0,68000.0,145400.0,58457.546875,32250.0,31100.0
2025-09-12,26300.0,66900.0,40499.44921875,34440.1328125,93414.8046875,100553.65625,62500.0,28937.345703125,24288.6875,30000.0,44100.0,26600.0,86000.0,79000.0,35600.0,44743.97265625,17550.0,19650.0,40859.0078125,55400.0,37603.87109375,18571.427734375,65323.1875,105500.0,21250.0,68900.0,146000.0,60367.92578125,31600.0,30750.0
2025-09-15,26400.0,68800.0,41735.69921875,35260.13671875,95331.0078125,100850.5625,63200.0,29430.31640625,24095.921875,30350.0,44550.0,26850.0,88500.0,79500.0,35750.0,44791.9296875,17800.0,19850.0,41151.5546875,56000.0,37993.55078125,18857.142578125,65323.1875,104500.0,21450.0,68900.0,145600.0,60272.40625,31550.0,30650.0
2025-09-16,26400.0,69000.0,41587.34765625,35875.13671875,95810.0546875,102434.0859375,62700.0,29035.939453125,24134.474609375,29950.0,44900.0,27500.0,86800.0,80300.0,35950.0,45846.984375,18200.0,20000.0,40566.4609375,56100.0,38334.515625,18714.28515625,65124.63671875,102700.0,21050.0,67500.0,142000.0,61800.70703125,31700.0,30600.0
2025-09-17,26150.0,69700.0,40548.90234375,35123.46875,95618.4375,104413.4921875,64000.0,28493.671875,23826.046875,29200.0,45300.0,27000.0,84200.0,78000.0,36100.0,45367.4140625,18050.0,20100.0,39591.3046875,56200.0,37701.29296875,18380.953125,64330.43359375,102900.0,20650.0,71550.0,142000.0,62182.78515625,31000.0,30200.0
2025-09-18,25550.0,69200.0,40351.1015625,34986.80078125,94660.3359375,101939.234375,63000.0,28395.078125,23671.83203125,29150.0,45400.0,26800.0,84000.0,78500.0,35600.0,44887.84375,17850.0,20000.0,39786.3359375,57000.0,37798.7109375,17952.380859375,63436.95703125,103500.0,20550.0,72500.0,139800.0,60750.0,30800.0,30200.0
2025-09-19,25350.0,68900.0,39362.10546875,34986.80078125,92648.3203125,101939.234375,62500.0,28197.890625,23286.298828125,29250.0,46500.0,26650.0,83900.0,78600.0,35350.0,44120.53125,17750.0,19600.0,39347.515625,55200.0,37409.03125,17714.28515625,62543.4765625,101700.0,20300.0,76600.0,137200.0,59221.69921875,30400.0,29450.0
2025-09-22,25150.0,67700.0,40548.90234375,33688.46484375,91977.65625,98673.2265625,61800.0,27902.107421875,22361.015625,28400.0,46500.0,26150.0,81900.0,76500.0,34850.0,43832.7890625,17400.0,19300.0,38323.6015625,54800.0,36532.2578125,18095.23828125,61550.7265625,99500.0,19750.0,74400.0,135500.0,58648.5859375,29500.0,28800.0
2025-09-23,25350.0,66700.0,40400.55078125,34166.80078125,91977.65625,96990.7265625,61600.0,27704.919921875,22129.693359375,28650.0,46550.0,26350.0,81900.0,77800.0,34750.0,43928.703125,17000.0,19300.0,38421.1171875,55400.0,36532.2578125,18285.71484375,61749.27734375,98700.0,19850.0,74600.0,133000.0,58839.625,29900.0,28300.0
2025-09-24,26000.0,67300.0,40746.69921875,34508.46484375,92935.7578125,98475.28125,61600.0,28197.890625,23671.83203125,29050.0,47450.0,26800.0,82900.0,79200.0,35000.0,44216.4453125,17350.0,19500.0,39250.0,57000.0,37798.7109375,18714.28515625,62245.65234375,98000.0,20500.0,74500.0,133700.0,59221.69921875,31600.0,29000.0
2025-09-25,25650.0,67400.0,40450.0,34371.80078125,92456.703125,96990.7265625,61900.0,28395.078125,23903.154296875,28800.0,47950.0,26550.0,82200.0,79000.0,35050.0,43976.66015625,17350.0,19450.0,39000.0,56900.0,37896.12890625,18476.19140625,62543.4765625,99500.0,20100.0,79000.0,135900.0,58744.10546875,30950.0,29400.0
2025-09-26,25650.0,67700.0,40103.8515625,34645.1328125,91402.796875,96495.8828125,61500.0,28099.296875,23247.744140625,28550.0,48050.0,26250.0,82200.0,77900.0,34800.0,43784.83203125,17200.0,19500.0,38000.0,56500.0,37701.29296875,17904.76171875,62543.4765625,99000.0,19800.0,82000.0,132500.0,58362.02734375,30400.0,29400.0
2025-09-29,25600.0,67200.0,39856.6015625,34850.13671875,90061.453125,94516.4765625,61500.0,27852.810546875,23826.046875,28600.0,47800.0,26150.0,81800.0,77000.0,34750.0,43640.9609375,16800.0,19500.0,37550.0,56600.0,37750.0,17952.380859375,62146.375,101900.0,19750.0,86400.0,129700.0,57597.87890625,31100.0,30000.0
2025-09-30,25500.0,66900.0,39559.90234375,34713.46484375,87953.6328125,92042.2265625,60400.0,27310.544921875,23903.154296875,28150.0,49500.0,26200.0,81000.0,77700.0,34200.0,43353.21875,16900.0,19300.0,38550.0,56900.0,37850.0,17952.380859375,61550.7265625,103000.0,19900.0,87450.0,129600.0,57311.3203125,31100.0,32100.0
2025-10-01,25800.0,66900.0,39609.3515625,35191.80078125,88336.875,92438.1015625,60600.0,27458.435546875,23826.046875,28300.0,51000.0,26400.0,81300.0,77700.0,34150.0,43449.1328125,16950.0,19400.0,38600.0,59800.0,38550.0,18380.953125,61947.828125,101200.0,20100.0,85000.0,128000.0,59317.21875,30900.0,33150.0
2025-10-02,25750.0,66200.0,39658.8046875,35191.80078125,87953.6328125,91151.4921875,60300.0,26916.16796875,23787.494140625,28100.0,51600.0,26800.0,81500.0,77100.0,34000.0,43545.046875,17000.0,19300.0,37850.0,58700.0,38850.0,17904.76171875,61650.0,98600.0,19700.0,85500.0,128700.0,58457.546875,30150.0,31750.0
2025-10-03,25650.0,66400.0,39362.10546875,34713.46484375,87666.203125,92438.1015625,60100.0,26324.603515625,23286.298828125,27650.0,52500.0,26550.0,80000.0,77000.0,33450.0,43688.91796875,16700.0,19000.0,37650.0,57000.0,38350.0,17809.5234375,61700.0,100000.0,19750.0,88250.0,129300.0,58553.06640625,29500.0,32750.0
2025-10-06,26800.0,66900.0,40301.65234375,35806.8046875,88911.734375,94516.4765625,60800.0,27162.65234375,24288.6875,29200.0,51800.0,27350.0,83000.0,77600.0,34150.0,44264.40234375,17400.0,19700.0,40250.0,59800.0,39400.0,18904.76171875,64000.0,102700.0,20550.0,89850.0,134300.0,59603.7734375,31550.0,35000.0
2025-10-07,26450.0,66200.0,40054.40234375,35260.13671875,89103.3515625,94516.4765625,60900.0,26965.46484375,24134.474609375,29000.0,52600.0,26850.0,82500.0,78000.0,33900.0,44120.53125,17250.0,19200.0,40800.0,58500.0,39000.0,18428.572265625,63700.0,103100.0,20200.0,90000.0,133400.0,58648.5859375,31050.0,35000.0
2025-10-08,26750.0,67000.0,40004.953125,36148.47265625,90444.6953125,93526.7734375,60900.0,27064.05859375,24250.134765625,29200.0,52000.0,26850.0,82600.0,80800.0,33950.0,44072.57421875,17300.0,19200.0,41200.0,59900.0,38600.0,18523.80859375,64600.0,107500.0,20050.0,89050.0,133400.0,60558.96484375,31100.0,36300.0
2025-10-09,26950.0,66300.0,40351.1015625,37583.4765625,89582.3984375,93229.8671875,60900.0,27606.326171875,24404.349609375,28950.0,51200.0,27350.0,83100.0,81500.0,34100.0,43736.875,17900.0,19100.0,40650.0,60000.0,38950.0,19047.619140625,63800.0,115000.0,20400.0,89750.0,133100.0,60081.3671875,32100.0,38000.0
2025-10-10,26950.0,66100.0,40746.69921875,37720.1484375,90348.8828125,95110.296875,60900.0,27655.623046875,24558.5625,29600.0,51600.0,27450.0,84100.0,82000.0,34050.0,43976.66015625,18000.0,19450.0,40700.0,60400.0,39350.0,18666.666015625,64200.0,123000.0,20350.0,96000.0,133300.0,59603.7734375,32100.0,40350.0
2025-10-13,26750.0,66100.0,40450.0,38266.8125,91881.84375,93031.921875,60600.0,28099.296875,25175.41796875,29000.0,52500.0,27350.0,85000.0,83000.0,34050.0,44072.57421875,18100.0,19450.0,41350.0,61000.0,41300.0,18523.80859375,63100.0,124200.0,20150.0,102700.0,142600.0,61132.078125,31700.0,43000.0
2025-10-14,26300.0,64800.0,39600.0,37610.62109375,92169.2734375,91448.40625,60000.0,27458.435546875,25175.41796875,28350.0,51500.0,27050.0,82500.0,84200.0,33600.0,43545.046875,18000.0,19400.0,41000.0,60600.0,40800.0,18285.71484375,63100.0,127000.0,20000.0,105950.0,152500.0,60654.48046875,32500.0,42750.0
2025-10-15,26300.0,64500.0,39350.0,37887.16796875,91019.5546875,88677.2421875,59000.0,27064.05859375,25522.400390625,28250.0,51600.0,27250.0,82500.0,83300.0,33700.0,43401.17578125,18200.0,19000.0,41450.0,60000.0,40800.0,18761.904296875,62500.0,124000.0,20250.0,104750.0,163100.0,60750.0,33700.0,41900.0
2025-10-16,26300.0,65500.0,39750.0,37195.796875,91019.5546875,88875.1796875,58700.0,26817.57421875,25753.720703125,28250.0,51300.0,27200.0,88200.0,84500.0,33700.0,43353.21875,18150.0,19000.0,41350.0,59500.0,41250.0,18809.5234375,62900.0,122000.0,20000.0,106550.0,173500.0,61200.0,33200.0,43400.0
2025-10-17,25750.0,65900.0,39050.0,36089.6015625,89294.96875,87192.6875,58600.0,26718.98046875,25059.7578125,28000.0,49500.0,27100.0,88000.0,84500.0,33550.0,43401.17578125,18100.0,18450.0,40800.0,59000.0,40650.0,18333.333984375,61900.0,116000.0,19700.0,102000.0,175000.0,58800.0,31950.0,41000.0
2025-10-20,24800.0,62500.0,36500.0,33808.07421875,83354.75,86104.015625,57000.0,24894.990234375,23324.8515625,26050.0,47500.0,25250.0,81900.0,80900.0,32700.0,42202.24609375,16850.0,17400.0,37950.0,54900.0,37850.0,17095.23828125,59400.0,108000.0,18350.0,97450.0,174500.0,55000.0,29750.0,38150.0
2025-10-21,25000.0,64000.0,37050.0,34534.015625,85462.5703125,92042.2265625,56000.0,25042.880859375,24944.09765625,26800.0,49000.0,25300.0,78000.0,83000.0,33350.0,42633.859375,17000.0,18550.0,38600.0,55600.0,37650.0,17333.333984375,59300.0,110900.0,18650.0,101700.0,180000.0,56500.0,30350.0,38800.0
2025-10-22,25100.0,65000.0,37200.0,34914.26953125,87187.1484375,96001.03125,59000.0,26127.416015625,25059.7578125,26700.0,49900.0,25450.0,79000.0,84500.0,34250.0,42969.55859375,16650.0,18250.0,38450.0,55400.0,38000.0,17285.71484375,59600.0,113000.0,18650.0,101500.0,180200.0,56300.0,30450.0,39000.0
2025-10-23,24950.0,65400.0,36900.0,34361.171875,87187.1484375,94021.625,59800.0,25733.0390625,25445.29296875,26500.0,51300.0,25200.0,78200.0,85700.0,34250.0,43593.00390625,16700.0,18150.0,37500.0,55600.0,37250.0,16952.380859375,59800.0,115000.0,18500.0,107500.0,184000.0,56600.0,30000.0,39400.0
2025-10-24,25000.0,65800.0,36900.0,34430.30859375,88528.4921875,96693.8203125,59600.0,26176.712890625,25213.97265625,26400.0,52200.0,24400.0,79300.0,85700.0,34300.0,43305.26171875,16300.0,18000.0,36000.0,54500.0,36100.0,17047.619140625,59500.0,114500.0,18500.0,109500.0,180000.0,58100.0,29200.0,38800.0
2025-10-27,25000.0,65500.0,36500.0,33600.6640625,89007.5390625,96990.7265625,59300.0,27014.76171875,23980.259765625,26250.0,51900.0,23800.0,78500.0,81000.0,34150.0,43593.00390625,16150.0,17550.0,34800.0,54600.0,35050.0,16714.28515625,59200.0,106500.0,18450.0,107000.0,175300.0,57000.0,28300.0,36100.0
2025-10-28,25400.0,66500.0,37100.0,33877.2109375,90061.453125,101147.4765625,60000.0,27162.65234375,24828.4375,26800.0,52800.0,24000.0,79000.0,84200.0,34050.0,43593.00390625,16350.0,17750.0,35850.0,56800.0,36000.0,17095.23828125,60000.0,107000.0,19200.0,110050.0,187500.0,57400.0,29450.0,36800.0
2025-10-29,25400.0,66700.0,37800.0,34326.60546875,90444.6953125,100652.625,60200.0,27704.919921875,25753.720703125,27250.0,53900.0,24350.0,79200.0,84100.0,34500.0,43880.74609375,16800.0,17950.0,35600.0,57200.0,36400.0,17285.71484375,60700.0,103800.0,19000.0,106000.0,195100.0,57500.0,29850.0,35950.0
2025-10-30,25100.0,66900.0,37900.0,34015.48828125,89678.2109375,101642.328125,59700.0,27951.404296875,25753.720703125,26900.0,52000.0,23950.0,79300.0,83900.0,34550.0,43832.7890625,16900.0,17900.0,34850.0,56900.0,35700.0,17150.0,60600.0,104000.0,18750.0,102050.0,195500.0,57100.0,29200.0,34600.0
2025-10-31,25500.0,66000.0,37400.0,33877.2109375,91977.65625,102829.96875,61600.0,28641.5625,24674.22265625,26700.0,50700.0,23600.0,79600.0,82600.0,34550.0,43976.66015625,16450.0,17700.0,34300.0,55500.0,35100.0,16650.0,59600.0,99200.0,18550.0,95500.0,187000.0,57600.0,28700.0,33300.0
2025-11-03,25450.0,66000.0,37100.0,33531.52734375,91498.6015625,103918.640625,61500.0,27951.404296875,23556.171875,26050.0,50700.0,23100.0,77000.0,81000.0,34300.0,44408.2734375,15950.0,17750.0,32500.0,52300.0,33600.0,16650.0,59300.0,98500.0,18350.0,97700.0,183500.0,57300.0,27600.0,31350.0
2025-11-04,26000.0,67000.0,37900.0,34534.015625,90636.3125,102236.1484375,60500.0,28345.78125,23980.259765625,26750.0,51700.0,24000.0,80000.0,81800.0,34200.0,44360.31640625,16300.0,17800.0,34750.0,53900.0,35000.0,17250.0,60100.0,100200.0,18950.0,100500.0,185800.0,57300.0,29500.0,33500.0
2025-11-05,25600.0,67200.0,38650.0,35467.3671875,91019.5546875,99860.8671875,63000.0,28641.5625,23941.70703125,26300.0,51500.0,23900.0,80200.0,80200.0,35200.0,44312.359375,16200.0,17500.0,34900.0,53500.0,34100.0,16900.0,60800.0,99600.0,18750.0,103250.0,184500.0,58000.0,29250.0,32500.0
2025-11-06,25300.0,68700.0,38500.0,35329.09375,91019.5546875,99168.0703125,62100.0,28296.484375,23209.19140625,26100.0,51500.0,23700.0,78800.0,80300.0,34750.0,44264.40234375,15850.0,17450.0,34300.0,51900.0,33600.0,16900.0,60300.0,98900.0,18550.0,103900.0,180900.0,58000.0,28500.0,32000.0
2025-11-07,24900.0,68000.0,37500.0,33877.2109375,89199.1640625,99959.8359375,62900.0,27409.138671875,23132.083984375,26050.0,49300.0,23300.0,76800.0,76500.0,34000.0,44216.4453125,15300.0,17200.0,32950.0,48350.0,33000.0,16500.0,59300.0,92000.0,18300.0,99850.0,178000.0,57600.0,27500.0,31350.0
2025-11-10,24800.0,66000.0,37400.0,33185.83984375,87666.203125,95209.265625,61200.0,27557.029296875,22823.65625,26450.0,48300.0,23100.0,76000.0,76800.0,33900.0,44120.53125,15300.0,16850.0,33600.0,48500.0,33400.0,16500.0,58800.0,86900.0,18250.0,99500.0,176500.0,57000.0,27500.0,29800.0
2025-11-11,24850.0,67000.0,38000.0,33531.52734375,87953.6328125,95110.296875,61100.0,27507.732421875,22823.65625,26600.0,47500.0,23200.0,78200.0,78000.0,33750.0,44887.84375,15800.0,16600.0,34850.0,49650.0,33650.0,16900.0,58900.0,90000.0,18200.0,100500.0,174900.0,58900.0,27500.0,31050.0
2025-11-12,25200.0,66900.0,38250.0,34015.48828125,89582.3984375,99563.953125,61900.0,28050.0,23132.083984375,27000.0,48650.0,23700.0,79200.0,80500.0,34050.0,45031.71484375,16300.0,17150.0,35500.0,50600.0,35000.0,17300.0,59500.0,94000.0,18650.0,105600.0,176100.0,59800.0,28000.0,32800.0
2025-11-13,25100.0,67900.0,38300.0,33773.5078125,95810.0546875,97881.4609375,62900.0,28500.0,23093.53125,26550.0,48900.0,23500.0,79000.0,80100.0,34500.0,45463.328125,16350.0,17150.0,34950.0,48700.0,35100.0,16950.0,59800.0,93300.0,18550.0,105600.0,176300.0,61800.0,27750.0,31950.0
2025-11-14,24950.0,67500.0,38350.0,33566.09375,95235.1953125,98970.1328125,62800.0,28400.0,23016.423828125,26900.0,49900.0,23500.0,78000.0,81400.0,34500.0,45175.5859375,16350.0,17000.0,34950.0,48050.0,35100.0,16950.0,60000.0,93900.0,18500.0,105500.0,176400.0,62800.0,27800.0,32100.0
2025-11-17,25150.0,68900.0,38400.0,33773.5078125,94851.953125,99959.8359375,63000.0,29100.0,23170.63671875,27300.0,50200.0,23800.0,79700.0,82400.0,34700.0,45319.45703125,16600.0,17450.0,35400.0,48900.0,35150.0,17150.0,60200.0,95000.0,18700.0,108500.0,179000.0,62100.0,28100.0,32200.0
2025-11-18,25100.0,67700.0,38400.0,34153.76171875,94660.3359375,98970.1328125,62400.0,28250.0,23479.06640625,27500.0,49550.0,23700.0,79000.0,83000.0,34550.0,45271.5,16500.0,17350.0,35550.0,49500.0,35350.0,17600.0,59900.0,97000.0,18700.0,110000.0,179100.0,60700.0,28800.0,32350.0
2025-11-19,24900.0,66100.0,38100.0,34119.19140625,92552.515625,96990.7265625,62200.0,28000.0,24134.474609375,27600.0,49500.0,23500.0,78800.0,82400.0,34700.0,45079.671875,16450.0,17200.0,34650.0,49500.0,34800.0,17150.0,59400.0,96900.0,18700.0,110250.0,178000.0,60900.0,28100.0,31600.0
2025-11-20,24800.0,66100.0,37950.0,33946.34765625,93127.375,97980.4296875,62100.0,28000.0,24520.009765625,27250.0,49300.0,23350.0,78500.0,81000.0,34400.0,45127.62890625,16650.0,17000.0,34800.0,49500.0,34600.0,17250.0,59400.0,97800.0,18700.0,114000.0,190400.0,60700.0,28550.0,32000.0
2025-11-21,24700.0,67000.0,37600.0,33946.34765625,92744.1328125,99761.890625,61900.0,27800.0,24057.3671875,27400.0,48550.0,23200.0,77500.0,80000.0,33950.0,44791.9296875,16650.0,17150.0,34300.0,51300.0,34250.0,17250.0,59000.0,99300.0,18550.0,114850.0,194600.0,59900.0,28550.0,32200.0
2025-11-24,24600.0,66700.0,37650.0,33738.9375,91977.65625,99168.0703125,61000.0,27700.0,23980.259765625,27100.0,48550.0,23150.0,77800.0,79300.0,33850.0,44264.40234375,16550.0,17400.0,34400.0,50000.0,33950.0,17250.0,58800.0,102700.0,18500.0,119750.0,204800.0,63000.0,29000.0,34450.0
2025-11-25,24200.0,65500.0,37000.0,33289.546875,90061.453125,98673.2265625,60800.0,27100.0,24520.009765625,26900.0,49000.0,22850.0,77000.0,78500.0,33500.0,44408.2734375,16400.0,17100.0,32850.0,50000.0,33450.0,16950.0,58200.0,102600.0,18300.0,121500.0,219100.0,61900.0,28200.0,33400.0
2025-11-26,24200.0,66400.0,37350.0,33808.07421875,91786.03125,97980.4296875,62000.0,27500.0,24905.544921875,27100.0,49600.0,23250.0,78600.0,80200.0,33850.0,44600.1015625,16700.0,17250.0,34000.0,49950.0,33850.0,17400.0,58100.0,102100.0,18450.0,122500.0,207800.0,62800.0,29000.0,33850.0
2025-11-27,24350.0,66400.0,37550.0,33773.5078125,91019.5546875,98475.28125,63000.0,27900.0,24674.22265625,26900.0,49300.0,23500.0,78500.0,80000.0,34000.0,44504.1875,16750.0,17350.0,33200.0,49300.0,33750.0,17350.0,57900.0,102500.0,18650.0,124000.0,202000.0,62000.0,29100.0,33650.0
2025-11-28,24250.0,66600.0,37100.0,33877.2109375,90348.8828125,96100.0,63400.0,27300.0,24674.22265625,26550.0,48600.0,23250.0,77400.0,79900.0,33900.0,44504.1875,16800.0,17300.0,32800.0,48600.0,33750.0,17300.0,57400.0,102900.0,18500.0,130200.0,203500.0,64000.0,29250.0,34250.0
2025-12-01,24000.0,65600.0,36950.0,33462.390625,91019.5546875,96600.0,65400.0,26700.0,24288.6875,26500.0,47900.0,23200.0,78800.0,80000.0,34450.0,46997.95703125,17000.0,17200.0,32000.0,49000.0,33200.0,17000.0,57500.0,105700.0,18350.0,134950.0,203900.0,64900.0,29300.0,34900.0
2025-12-02,23950.0,66300.0,36850.0,33911.78125,92744.1328125,96600.0,66100.0,27750.0,24674.22265625,26500.0,47500.0,23550.0,78600.0,80000.0,34850.0,50259.0390625,17000.0,17250.0,32300.0,49400.0,34200.0,17100.0,57600.0,106800.0,18450.0,137500.0,217900.0,65000.0,28900.0,34900.0
2025-12-03,24450.0,65900.0,38400.0,35951.328125,92935.7578125,96600.0,64500.0,27700.0,24866.990234375,26800.0,48600.0,24550.0,80600.0,84700.0,34600.0,49779.46875,17350.0,17750.0,32350.0,49700.0,34900.0,17350.0,58900.0,106800.0,18800.0,134700.0,214000.0,64600.0,30250.0,34500.0
2025-12-04,24900.0,66300.0,38200.0,35951.328125,92935.7578125,97500.0,65000.0,27850.0,25406.73828125,27300.0,49500.0,25700.0,79900.0,85800.0,34950.0,48820.328125,17300.0,17700.0,32800.0,50200.0,35400.0,17600.0,58900.0,105200.0,18900.0,133500.0,206000.0,63400.0,30250.0,34400.0
2025-12-05,24350.0,66000.0,37800.0,35605.640625,91019.5546875,96200.0,64000.0,27400.0,25406.73828125,27000.0,48100.0,25150.0,78200.0,85100.0,34400.0,47765.26953125,16750.0,17700.0,32250.0,49200.0,34700.0,17400.0,58300.0,107000.0,18650.0,142800.0,207500.0,63400.0,29850.0,33800.0
2025-12-08,24200.0,66000.0,37500.0,35329.09375,90061.453125,95500.0,65400.0,26950.0,25252.525390625,26750.0,46300.0,25300.0,77900.0,84900.0,36050.0,51026.3515625,16600.0,17550.0,29400.0,48700.0,34200.0,17200.0,57900.0,110000.0,18350.0,152700.0,206400.0,63500.0,29700.0,32950.0
2025-12-09,24100.0,65900.0,37450.0,34637.72265625,90923.7421875,96900.0,64000.0,26900.0,24288.6875,26400.0,44000.0,24700.0,77000.0,84000.0,35000.0,51122.265625,16500.0,17400.0,28750.0,48550.0,33800.0,16900.0,58000.0,107500.0,18150.0,160000.0,200000.0,62500.0,28750.0,32000.0
2025-12-10,24100.0,65900.0,37700.0,34914.26953125,91019.5546875,95600.0,63500.0,26750.0,24789.8828125,26650.0,44200.0,25150.0,77000.0,83000.0,34600.0,49395.8125,16450.0,17450.0,29250.0,48600.0,33700.0,16900.0,58200.0,103500.0,18200.0,148800.0,196600.0,63100.0,29000.0,30000.0
2025-12-11,23950.0,65200.0,37600.0,34637.72265625,90636.3125,96000.0,62600.0,26650.0,24481.455078125,26550.0,44500.0,24850.0,76100.0,82300.0,34400.0,50163.125,16350.0,17450.0,29050.0,47700.0,33400.0,16800.0,57600.0,101100.0,18100.0,146000.0,188000.0,61500.0,28150.0,29500.0
2025-12-12,23500.0,65300.0,37000.0,34222.8984375,88145.25,93700.0,61300.0,25300.0,23286.298828125,26000.0,44200.0,24000.0,73500.0,78500.0,33700.0,47957.09765625,16000.0,17300.0,28100.0,46000.0,32000.0,16350.0,56800.0,94100.0,17300.0,144000.0,185000.0,60200.0,26550.0,27450.0
2025-12-15,23550.0,65300.0,37000.0,34361.171875,89103.3515625,93800.0,62100.0,25600.0,23132.083984375,26250.0,42800.0,23750.0,73500.0,77700.0,33900.0,48436.66796875,15900.0,17200.0,28400.0,46800.0,32000.0,16350.0,56800.0,92500.0,17150.0,142900.0,186000.0,62000.0,27500.0,28900.0
2025-12-16,24000.0,64800.0,37400.0,35259.95703125,82875.6953125,94900.0,64300.0,26500.0,24751.330078125,26700.0,44450.0,24450.0,74500.0,82000.0,34400.0,49587.640625,15900.0,17550.0,30250.0,47050.0,33000.0,16800.0,56900.0,95000.0,17550.0,142900.0,191500.0,64200.0,28250.0,29600.0
2025-12-17,24000.0,62900.0,38000.0,34700.0,77127.09375,95900.0,62900.0,26300.0,24751.330078125,26400.0,44000.0,24400.0,74000.0,81900.0,34650.0,48053.01171875,15700.0,17450.0,29650.0,47200.0,32600.0,16500.0,56700.0,94900.0,17600.0,142900.0,185100.0,62900.0,28000.0,29700.0
2025-12-18,23850.0,61300.0,38000.0,34350.0,71761.734375,94400.0,63300.0,26550.0,25600.0,26400.0,43800.0,24650.0,74000.0,81600.0,34800.0,48148.92578125,16100.0,17450.0,29850.0,48000.0,33000.0,16700.0,56800.0,94900.0,17500.0,142700.0,193900.0,63900.0,28300.0,30350.0
2025-12-19,23900.0,61300.0,37700.0,34450.0,67258.65625,93900.0,64000.0,26450.0,25950.0,26700.0,43500.0,24700.0,75800.0,82900.0,34850.0,47669.35546875,16150.0,17500.0,30800.0,49000.0,33600.0,16850.0,57500.0,101500.0,17600.0,148500.0,199900.0,64000.0,28450.0,31700.0
2025-12-22,24300.0,61900.0,38400.0,35150.0,71474.3046875,93700.0,65300.0,26600.0,27000.0,26900.0,44000.0,25250.0,76000.0,85000.0,35300.0,47573.44140625,16300.0,17750.0,31450.0,52400.0,35200.0,17300.0,57800.0,107400.0,17750.0,158800.0,206000.0,63200.0,29000.0,33000.0
2025-12-23,24200.0,61200.0,38000.0,35000.0,68600.0,94000.0,65300.0,26250.0,27500.0,26750.0,41800.0,25100.0,76100.0,87500.0,35600.0,47477.52734375,16300.0,17500.0,30800.0,56000.0,34800.0,17350.0,57200.0,114900.0,17750.0,169900.0,206500.0,62600.0,28700.0,34250.0
2025-12-24,24300.0,60400.0,38400.0,35300.0,65000.0,93600.0,66100.0,26000.0,27850.0,26550.0,42800.0,25300.0,76200.0,88000.0,35150.0,46806.12890625,16900.0,17500.0,31350.0,58700.0,34950.0,17400.0,57000.0,122800.0,17900.0,169800.0,199000.0,61500.0,29300.0,34650.0
2025-12-25,24000.0,60500.0,38800.0,35000.0,64600.0,93000.0,69200.0,25650.0,27550.0,26250.0,42000.0,25000.0,76300.0,86000.0,35050.0,46230.64453125,16500.0,17350.0,30500.0,55900.0,34000.0,17000.0,57100.0,114300.0,17800.0,158000.0,212000.0,61300.0,28750.0,32250.0
2025-12-26,23900.0,59600.0,38800.0,35200.0,60900.0,92500.0,70500.0,25500.0,27600.0,26900.0,41500.0,24850.0,75300.0,87000.0,35550.0,46758.171875,16350.0,17300.0,30750.0,57500.0,33900.0,16950.0,57100.0,110000.0,17600.0,155000.0,207900.0,61500.0,28150.0,32000.0
2025-12-29,24000.0,60500.0,38800.0,35300.0,61000.0,94300.0,75100.0,26000.0,27600.0,26700.0,41800.0,24850.0,75500.0,87100.0,36500.0,46806.12890625,16200.0,17300.0,30500.0,59900.0,34050.0,16900.0,57100.0,117700.0,17600.0,159700.0,208200.0,62100.0,28000.0,33200.0
2025-12-30,24100.0,61500.0,39400.0,35650.0,65200.0,96500.0,74900.0,26600.0,27950.0,26500.0,41900.0,25000.0,76900.0,88500.0,35750.0,47573.44140625,16350.0,17200.0,30600.0,60000.0,34350.0,17150.0,57300.0,117500.0,17700.0,163000.0,205400.0,61800.0,28700.0,32800.0
2025-12-31,24000.0,61800.0,38900.0,35750.0,68500.0,95800.0,72400.0,26200.0,29700.0,26400.0,41800.0,25300.0,77000.0,88400.0,35300.0,46997.95703125,16350.0,17450.0,30250.0,58000.0,34900.0,17100.0,57500.0,124000.0,17750.0,169600.0,209000.0,61200.0,28650.0,33650.0
2026-01-05,24000.0,61100.0,38450.0,35500.0,65500.0,95000.0,77400.0,25750.0,28950.0,25950.0,40500.0,25350.0,76800.0,87400.0,36300.0,46134.73046875,16100.0,17200.0,29150.0,57900.0,34950.0,16600.0,57100.0,132600.0,17700.0,173100.0,207500.0,60300.0,27900.0,35600.0
2026-01-06,24000.0,63800.0,38900.0,36200.0,63000.0,94000.0,82800.0,27550.0,29050.0,25950.0,41700.0,26650.0,77000.0,88800.0,38750.0,45607.19921875,16200.0,17300.0,29650.0,56700.0,36000.0,17050.0,57300.0,141800.0,17750.0,173100.0,212200.0,60800.0,28850.0,38050.0
2026-01-07,24650.0,68200.0,40950.0,37450.0,64100.0,97500.0,88500.0,29450.0,29100.0,26600.0,42100.0,26700.0,78400.0,89800.0,41450.0,46518.38671875,16500.0,17350.0,30100.0,53400.0,36400.0,17450.0,59600.0,149500.0,18050.0,179000.0,209600.0,60900.0,29250.0,38550.0
2026-01-08,24550.0,68200.0,43050.0,38200.0,62800.0,96500.0,91600.0,30050.0,28800.0,26400.0,42000.0,26600.0,78300.0,87500.0,41500.0,46326.55859375,16600.0,17400.0,30550.0,53500.0,36000.0,17650.0,63700.0,139100.0,18000.0,176600.0,203000.0,62200.0,29250.0,35900.0
2026-01-09,24550.0,71000.0,46050.0,40750.0,62700.0,97400.0,97100.0,31600.0,27900.0,26200.0,41200.0,27300.0,76500.0,86000.0,43000.0,46950.0,16500.0,17350.0,30350.0,51800.0,36650.0,17600.0,68000.0,140000.0,17950.0,176000.0,198700.0,61000.0,28250.0,35000.0
